id,text,isRetweet,isDeleted,device,favorites,retweets,date,isFlagged,period
938422792080457731,MAKE AMERICA GREAT AGAIN!,f,f,Twitter for iPhone,157963,37189,2017-12-06 15:00:03+00:00,f,1
939189419386470401,MAKE AMERICA GREAT AGAIN! https://t.co/64a93S07s7,f,f,Twitter for iPhone,56596,11433,2017-12-08 17:46:21+00:00,f,1
935340092583006208,Thank you Rand! https://t.co/NvPeleVmub,f,f,Twitter for iPhone,42793,9125,2017-11-28 02:50:30+00:00,f,1
925388990177562625,Thank you @LuisRiveraMarin! https://t.co/BK7sDv9phU,f,f,Twitter for iPhone,23521,4574,2017-10-31 15:48:22+00:00,f,1
899798313997926401,"Join me live from Fort Myer in Arlington, Virginia. ➡️https://t.co/LOV4StdJDj",f,f,Twitter for iPhone,36009,4891,2017-08-22 01:00:10+00:00,f,1
893970139565129730,Thank you Nicole! https://t.co/KlWN05uFOx,f,f,Twitter for iPhone,43367,8275,2017-08-05 23:01:05+00:00,f,1
891343645529567232,U.S. Stock Market up almost 20% since Election!,f,f,Twitter for iPhone,88855,17565,2017-07-29 17:04:20+00:00,f,1
881976958556549120,Thank you to Shawn Steel for the nice words on @FoxNews.,f,f,Twitter for iPhone,50956,7465,2017-07-03 20:44:27+00:00,f,1
877846483021602816,Great night in Iowa - special people. Thank you!,f,f,Twitter for iPhone,56446,8039,2017-06-22 11:11:25+00:00,f,1
878725385235701761,MAKE AMERICA GREAT AGAIN!,f,f,Twitter for iPhone,134210,36346,2017-06-24 21:23:52+00:00,f,1
874084433460154368,"My daughter, Ivanka, will be on @foxandfriends tomorrow morning. Enjoy!",f,f,Twitter for iPhone,50169,6877,2017-06-12 02:02:23+00:00,f,1
860580764944969728,#WeeklyAddress🇺🇸 https://t.co/4qckKpbtCR,f,f,Twitter Ads,32928,7962,2017-05-05 19:43:37+00:00,f,1
862999243560288256,The Fake Media is working overtime today!,f,f,Twitter for iPhone,65939,15809,2017-05-12 11:53:48+00:00,f,1
866643258390302721,RT @netanyahu: Ever Strongerחזקים תמיד🇮🇱🇺🇸 https://t.co/Ecf5p4HjfZ,t,f,Twitter for iPhone,0,16864,2017-05-22 13:13:48+00:00,f,1
856147612952612864,"Thank you Lake Worth, Florida. @foxandfriends",f,f,Twitter for iPhone,29218,3842,2017-04-23 14:07:52+00:00,f,1
860088511202029569,Congratulations to @foxandfriends on its unbelievable ratings hike.,f,f,Twitter for iPhone,31683,5238,2017-05-04 11:07:35+00:00,f,1
852985162870738944,Weekly Address- https://t.co/tpZ7eqJLUH https://t.co/B2NQzj53ft,f,f,Twitter for iPhone,28250,5616,2017-04-14 20:41:25+00:00,f,1
841665325682827265,"JOBS, JOBS, JOBS! https://t.co/wAkQMKdPXA",f,f,Twitter for iPhone,83629,19677,2017-03-14 15:00:25+00:00,f,1
832375230274400256,'Trump signs bill undoing Obama coal mining rule' https://t.co/yMfT5r5RGh,f,f,Twitter for iPhone,79427,15157,2017-02-16 23:44:54+00:00,f,1
988106076028653568,A complete Witch Hunt!,f,f,Twitter for iPhone,80665,15518,2018-04-22 17:23:41+00:00,f,1
968468176639004672,WITCH HUNT!,f,f,Twitter for iPhone,78352,18267,2018-02-27 12:49:41+00:00,f,1
971008891751485440,We will see what happens! https://t.co/Y1qxoAUfd9,f,f,Twitter for iPhone,32543,7586,2018-03-06 13:05:34+00:00,f,1
966118856874971138,"So true, thank you! https://t.co/9TTXlfokYz",f,f,Twitter for iPhone,82845,17050,2018-02-21 01:14:19+00:00,f,1
967388904952344577,"So true Wayne, and Lowest black unemployment in history! https://t.co/gDxxJdZQUm",f,f,Twitter for iPhone,67985,15985,2018-02-24 13:21:02+00:00,f,1
947802588174577664,"The United States has foolishly given Pakistan more than 33 billion dollars in aid over the last 15 years, and they have given us nothing but lies &amp, deceit, thinking of our leaders as fools. They give safe haven to the terrorists we hunt in Afghanistan, with little help. No more!",f,f,Twitter for iPhone,264772,84892,2018-01-01 12:12:00+00:00,f,1
947810806430826496,"Iran is failing at every level despite the terrible deal made with them by the Obama Administration. The great Iranian people have been repressed for many years. They are hungry for food &amp, for freedom. Along with human rights, the wealth of Iran is being looted. TIME FOR CHANGE!",f,f,Twitter for iPhone,93842,22577,2018-01-01 12:44:40+00:00,f,1
948164289591902208,"The people of Iran are finally acting against the brutal and corrupt Iranian regime. All of the money that President Obama so foolishly gave them went into terrorism and into their “pockets.” The people have little food, big inflation and no human rights. The U.S. is watching!",f,f,Twitter for iPhone,88918,21894,2018-01-02 12:09:17+00:00,f,1
948174033882927104,"Crooked Hillary Clinton’s top aid, Huma Abedin, has been accused of disregarding basic security protocols. She put Classified Passwords into the hands of foreign agents. Remember sailors pictures on submarine? Jail! Deep State Justice Dept must finally act? Also on Comey &amp, others",f,f,Twitter for iPhone,110587,29611,2018-01-02 12:48:00+00:00,f,1
948188264858603520,"Thank you to Brandon Judd of the National Border Patrol Council for your kind words on how well we are doing at the Border. We will be bringing in more &amp, more of your great folks and will build the desperately needed WALL! @foxandfriends",f,f,Twitter for iPhone,58684,11221,2018-01-02 13:44:33+00:00,f,1
948189482284707840,Companies are giving big bonuses to their workers because of the Tax Cut Bill. Really great!,f,f,Twitter for iPhone,73282,12077,2018-01-02 13:49:23+00:00,f,1
948194400114487296,"Sanctions and “other” pressures are beginning to have a big impact on North Korea. Soldiers are dangerously fleeing to South Korea. Rocket man now wants to talk to South Korea for first time. Perhaps that is good news, perhaps not - we will see!",f,f,Twitter for iPhone,65372,13491,2018-01-02 14:08:56+00:00,f,1
948195478428102657,"Since taking office I have been very strict on Commercial Aviation. Good news - it was just reported that there were Zero deaths in 2017, the best and safest year on record!",f,f,Twitter for iPhone,75197,12828,2018-01-02 14:13:13+00:00,f,1
948202173049049088,"The Failing New York Times has a new publisher, A.G. Sulzberger. Congratulations! Here is a last chance for the Times to fulfill the vision of its Founder, Adolph Ochs, “to give the news impartially, without fear or FAVOR, regardless of party, sect, or interests involved.” Get...",f,f,Twitter for iPhone,66457,13909,2018-01-02 14:39:49+00:00,f,1
948205689683562496,"....impartial journalists of a much higher standard, lose all of your phony and non-existent “sources,” and treat the President of the United States FAIRLY, so that the next time I (and the people) win, you won’t have to write an apology to your readers for a job poorly done! GL",f,f,Twitter for iPhone,64938,12704,2018-01-02 14:53:47+00:00,f,1
948211438472089600,"Democrats are doing nothing for DACA - just interested in politics.  DACA activists and Hispanics will go hard against Dems, will start “falling in love” with Republicans and their President! We are about RESULTS.",f,f,Twitter for iPhone,73566,14383,2018-01-02 15:16:38+00:00,f,1
948255367393349634,We will not rest until all of America’s GREAT VETERANS can receive the care they so richly deserve. Tremendous progress has been made in a short period of time. Keep up the great work @SecShulkin @DeptVetAffairs! https://t.co/ir25vW15hx https://t.co/OtuzIgxMn6,f,f,Twitter for iPhone,59356,12689,2018-01-02 18:11:11+00:00,f,1
948318907848413184,"Congratulations to Senator Orrin Hatch on an absolutely incredible career. He has been a tremendous supporter, and I will never forget the (beyond kind) statements he has made about me as President. He is my friend and he will be greatly missed in the U.S. Senate! https://t.co/0VjzLEeHTl",f,f,Twitter for iPhone,53678,9691,2018-01-02 22:23:41+00:00,f,1
948322496591384576,"It's not only Pakistan that we pay billions of dollars to for nothing, but also many other countries, and others. As an example, we pay the Palestinians HUNDRED OF MILLIONS OF DOLLARS a year and get no appreciation or respect. They don’t even want to negotiate a long overdue...",f,f,Twitter Web Client,99824,22951,2018-01-02 22:37:56+00:00,f,1
948322497602220032,"...peace treaty with Israel. We have taken Jerusalem, the toughest part of the negotiation, off the table, but Israel, for that, would have had to pay more. But with the Palestinians no longer willing to talk peace, why should we make any of these massive future payments to them?",f,f,Twitter Web Client,79096,15472,2018-01-02 22:37:57+00:00,f,1
948355557022420992,"North Korean Leader Kim Jong Un just stated that the “Nuclear Button is on his desk at all times.” Will someone from his depleted and food starved regime please inform him that I too have a Nuclear Button, but it is a much bigger &amp, more powerful one than his, and my Button works!",f,f,Twitter for iPhone,430222,153496,2018-01-03 00:49:19+00:00,f,1
948359545767841792,"I will be announcing THE MOST DISHONEST &amp, CORRUPT MEDIA AWARDS OF THE YEAR on Monday at 5:00 o’clock. Subjects will cover Dishonesty &amp, Bad Reporting in various categories from the Fake News Media. Stay tuned!",f,f,Twitter for iPhone,164894,39474,2018-01-03 01:05:10+00:00,f,1
948404303072460800,"“President Trump has something now he didn’t have a year ago, that is a set of accomplishments that nobody can deny. The accomplishments are there, look at his record, he has had a very significant first year.” @LouDobbs Show,David Asman &amp, Ed Rollins",f,f,Twitter for iPhone,82534,16495,2018-01-03 04:03:01+00:00,f,1
948548807612084224,Such respect for the people of Iran as they try to take back their corrupt government. You will see great support from the United States at the appropriate time!,f,f,Twitter for iPhone,126089,24423,2018-01-03 13:37:13+00:00,f,1
948722170531893248,"Melania and I are deeply saddened by the death of Thomas S. Monson, a beloved President of the Church of Jesus Christ of Latter-day Saints...https://t.co/ETD3fWtfU3",f,f,Twitter for iPhone,50667,10029,2018-01-04 01:06:06+00:00,f,1
948737652119031808,"“Some 40 U.S. companies have responded to President Trump’s tax cut and reform victory in Congress last year by handing out bonuses up to $2,000, increases in 401k matches and spending on charity, a much higher number than previously known.” https://t.co/bmWrwWzxMR",f,f,Twitter for iPhone,57755,13178,2018-01-04 02:07:37+00:00,f,1
948738634722742273,"Stock Market had another good day but, now that the Tax Cut Bill has passed, we have tremendous upward potential. Dow just short of 25,000, a number that few thought would be possible this soon into my administration. Also, unemployment went down to 4.1%. Only getting better!",f,f,Twitter for iPhone,90710,15696,2018-01-04 02:11:31+00:00,f,1
948872192284155904,"Many mostly Democrat States refused to hand over data from the 2016 Election to the Commission On Voter Fraud. They fought hard that the Commission not see their records or methods because they know that many people are voting illegally. System is rigged, must go to Voter I.D.",f,f,Twitter for iPhone,93479,24611,2018-01-04 11:02:14+00:00,f,1
948874586006925313,"As Americans, you need identification, sometimes in a very strong and accurate form, for almost everything you do.....except when it comes to the most important thing, VOTING for the people that run your country. Push hard for Voter Identification!",f,f,Twitter for iPhone,131113,31942,2018-01-04 11:11:45+00:00,f,1
948879774277128197,"With all of the failed “experts” weighing in, does anybody really believe that talks and dialogue would be going on between North and South Korea right now if I wasn’t firm, strong and willing to commit our total “might” against the North. Fools, but talks are a good thing!",f,f,Twitter for iPhone,79155,15366,2018-01-04 11:32:22+00:00,f,1
948881133340708864,So beautiful....Show this picture to the NFL players who still kneel! https://t.co/tJLM1tvbvb,f,f,Twitter for iPhone,100807,26681,2018-01-04 11:37:46+00:00,f,1
948944124132167680,"Dow just crashes through 25,000. Congrats! Big cuts in unnecessary regulations continuing.",f,f,Twitter for iPhone,99915,18325,2018-01-04 15:48:04+00:00,f,1
949066181381632001,"Thank you to the great Republican Senators who showed up to our mtg on immigration reform. We must BUILD THE WALL, stop illegal immigration, end chain migration &amp, cancel the visa lottery. The current system is unsafe &amp, unfair to the great people of our country - time for change!",f,f,Twitter for iPhone,116304,23628,2018-01-04 23:53:05+00:00,f,1
949070800417640454,MAKING AMERICA GREAT AGAIN! https://t.co/iONbr1DkVk,f,f,Twitter for iPhone,79061,17547,2018-01-05 00:11:26+00:00,f,1
949126530839572481,"I authorized Zero access to White House (actually turned him down many times) for author of phony book! I never spoke to him for book. Full of lies, misrepresentations and sources that don’t exist. Look at this guy’s past and watch what happens to him and Sloppy Steve!",f,f,Twitter for iPhone,84431,18374,2018-01-05 03:52:53+00:00,f,1
949129410208202757,"The Fake News Media barely mentions the fact that the Stock Market just hit another New Record and that business in the U.S. is booming...but the people know! Can you imagine if “O” was president and had these numbers - would be biggest story on earth! Dow now over 25,000.",f,f,Twitter for iPhone,109266,21941,2018-01-05 04:04:20+00:00,f,1
949242950659313669,"Dow goes from 18,589 on November 9, 2016, to 25,075 today, for a new all-time Record. Jumped 1000 points in last 5 weeks, Record fastest 1000 point move in history. This is all about the Make America Great Again agenda! Jobs, Jobs, Jobs. Six trillion dollars in value created!",f,f,Twitter for iPhone,104714,21478,2018-01-05 11:35:30+00:00,f,1
949287555660500992,"Well, now that collusion with Russia is proving to be a total hoax and the only collusion is with Hillary Clinton and the FBI/Russia, the Fake News Media (Mainstream) and this phony new book are hitting out at every new front imaginable. They should try winning an election. Sad!",f,f,Twitter for iPhone,123001,25324,2018-01-05 14:32:44+00:00,f,1
949303089416294401,The Mercer Family recently dumped the leaker known as Sloppy Steve Bannon. Smart!,f,f,Twitter for iPhone,66381,12265,2018-01-05 15:34:28+00:00,f,1
949495534003412992,Good idea Rand! https://t.co/55sqUDiC0s,f,f,Twitter for iPhone,100976,23528,2018-01-06 04:19:10+00:00,f,1
949498795074736129,"Michael Wolff is a total loser who made up stories in order to sell this really boring and untruthful book. He used Sloppy Steve Bannon, who cried when he got fired and begged for his job. Now Sloppy Steve has been dumped like a dog by almost everyone. Too bad! https://t.co/mEeUhk5ZV9",f,f,Twitter for iPhone,73499,18306,2018-01-06 04:32:08+00:00,f,1
949608746497576960,"The African American unemployment rate fell to 6.8%, the lowest rate in 45 years. I am so happy about this News! And, in the Washington Post (of all places), headline states, “Trumps first year jobs numbers were very, very good.”",f,f,Twitter for iPhone,122595,25626,2018-01-06 11:49:02+00:00,f,1
949610896241946626,"Brian Ross, the reporter who made a fraudulent live newscast about me that drove the Stock Market down 350 points (billions of dollars), was suspended for a month but is now back at ABC NEWS in a lower capacity. He is no longer allowed to report on Trump. Should have been fired!",f,f,Twitter for iPhone,100329,18049,2018-01-06 11:57:35+00:00,f,1
949616329463615489,"Now that Russian collusion, after one year of intense study, has proven to be a total hoax on the American public, the Democrats and their lapdogs, the Fake News Mainstream Media, are taking out the old Ronald Reagan playbook and screaming mental stability and intelligence.....",f,f,Twitter for iPhone,124638,27214,2018-01-06 12:19:10+00:00,f,1
949618475877765120,"....Actually, throughout my life, my two greatest assets have been mental stability and being, like, really smart. Crooked Hillary Clinton also played these cards very hard and, as everyone knows, went down in flames. I went from VERY successful businessman, to top T.V. Star.....",f,f,Twitter for iPhone,113501,28326,2018-01-06 12:27:42+00:00,f,1
949619270631256064,"....to President of the United States (on my first try). I think that would qualify as not smart, but genius....and a very stable genius at that!",f,f,Twitter for iPhone,119593,26632,2018-01-06 12:30:51+00:00,f,1
950012437788585985,"Leaving Camp David for the White House. Great meetings with the Cabinet and Military on many very important subjects including Border Security &amp, the desperately needed Wall, the ever increasing Drug and Opioid Problem, Infrastructure, Military, Budget, Trade and DACA.",f,f,Twitter for iPhone,68901,12216,2018-01-07 14:33:10+00:00,f,1
950014185299210240,"I’ve had to put up with the Fake News from the first day I announced that I would be running for President. Now I have to put up with a Fake Book, written by a totally discredited author. Ronald Reagan had the same problem and handled it well. So will I!",f,f,Twitter for iPhone,129890,24634,2018-01-07 14:40:06+00:00,f,1
950023175907266560,Jake Tapper of Fake News CNN just got destroyed in his interview with Stephen Miller of the Trump Administration. Watch the hatred and unfairness of this CNN flunky!,f,f,Twitter for iPhone,102009,22489,2018-01-07 15:15:50+00:00,f,1
950103659337134080,"The Fake News Awards, those going to the most corrupt &amp, biased of the Mainstream Media, will be presented to the losers on Wednesday, January 17th, rather than this coming Monday. The interest in, and importance of, these awards is far greater than anyone could have anticipated!",f,f,Twitter for iPhone,126448,28946,2018-01-07 20:35:39+00:00,f,1
950105312782114817,"The Stock Market has been creating tremendous benefits for our country in the form of not only Record Setting Stock Prices, but present and future Jobs, Jobs, Jobs. Seven TRILLION dollars of value created since our big election win!",f,f,Twitter for iPhone,84850,15850,2018-01-07 20:42:13+00:00,f,1
950206338411499520,"“His is turning out to be an enormously consequential presidency. So much so that, despite my own frustration over his missteps, there has never been a day when I wished Hillary Clinton were president. Not one. Indeed, as Trump’s accomplishments accumulate, the mere thought of...",f,f,Twitter for iPhone,70013,13215,2018-01-08 03:23:39+00:00,f,1
950206523690639360,"...Clinton in the WH, doubling down on Barack Obama’s failed policies, washes away any doubts that America made the right choice. This was truly a change election — and the changes Trump is bringing are far-reaching &amp, necessary.” Thank you Michael Goodwin! https://t.co/4fHNcx2Ydg",f,f,Twitter for iPhone,70174,14702,2018-01-08 03:24:23+00:00,f,1
950371619247153154,African American unemployment is the lowest ever recorded in our country. The Hispanic unemployment rate dropped a full point in the last year and is close to the lowest in recorded history. Dems did nothing for you but get your vote!  #NeverForget  @foxandfriends,f,f,Twitter for iPhone,111005,26957,2018-01-08 14:20:25+00:00,f,1
950443653666713601,Can’t wait to be back in the amazing state of Tennessee to address the 99th American @FarmBureau Federation’s Annual Convention in Nashville! #AFBF18On my way now - join me LIVE at 4:00pmE: https://t.co/QaljAqekdD. https://t.co/Wm7Io0hYT8,f,f,Twitter for iPhone,45911,7989,2018-01-08 19:06:40+00:00,f,1
950501926227136512,We have been working every day to DELIVER for America’s Farmers just as they work every day to deliver FOR US. #AFBF18 https://t.co/QDH7fvFkZ7,f,f,Twitter for iPhone,49232,9116,2018-01-08 22:58:13+00:00,f,1
950502279785959425,"In every decision we make, we are honoring America’s PROUD FARMING LEGACY. Years of crushing taxes, crippling regs, &amp, corrupt politics left our communities hurting, our economy stagnant, &amp, millions of hardworking Americans COMPLETELY FORGOTTEN. But they are not forgotten ANYMORE! https://t.co/MdYS7xnukQ",f,f,Twitter for iPhone,69129,14128,2018-01-08 22:59:37+00:00,f,1
950507353094356993,"We are fighting for our farmers, for our country, and for our GREAT AMERICAN FLAG. We want our flag respected - and we want our NATIONAL ANTHEM respected also! https://t.co/16eOLXg6Fi",f,f,Twitter for iPhone,89774,17493,2018-01-08 23:19:47+00:00,f,1
950777029816963072,"On behalf of the American people, THANK YOU to our incredible law enforcement officers. As President of the United States - I will fight for you, and I will never, ever let you down. Now, more than ever, we must support the men and women in blue! #LawEnforcementAppreciationDay https://t.co/Qb4uxB4JRm",f,f,Twitter for iPhone,96590,21627,2018-01-09 17:11:23+00:00,f,1
950823813868122112,"It was my great honor to sign H.R. 267, the “Martin Luther King, Jr. National Historical Park Act,” which redesignates the Martin Luther King, Junior, National Historic Site in the State of Georgia as the Martin Luther King, Jr. National Historical Park. https://t.co/Qe0b6HBFTY https://t.co/QTgaqTawPT",f,f,Twitter for iPhone,62081,13524,2018-01-09 20:17:17+00:00,f,1
933720598383026176,HAPPY THANKSGIVING! https://t.co/nQhi7XopMW,f,f,Twitter Media Studio,85109,18998,2017-11-23 15:35:13+00:00,f,1
927523335956848640,#USA🇺🇸 #Japan🇯🇵 https://t.co/EvxFqAVnFS,f,f,Twitter for iPhone,61192,14328,2017-11-06 13:09:30+00:00,f,1
881503147168071680,#FraudNewsCNN #FNN https://t.co/WYUnHjjUjg,f,f,Twitter for iPhone,503063,293109,2017-07-02 13:21:42+00:00,f,1
923546192511946752,Will be another Sean success! https://t.co/SlNTENvJLA,f,f,Twitter for iPhone,33921,7270,2017-10-26 13:45:45+00:00,f,1
909389385308700672,RT @Team_Trump45: @realDonaldTrump  https://t.co/1zo6zc2pxt,t,f,Twitter for iPhone,0,7111,2017-09-17 12:11:39+00:00,f,1
886262474277888002,Will be at the Women's U.S. Open today!,f,f,Twitter for iPhone,46130,5310,2017-07-15 16:33:34+00:00,f,1
884750055776948225,Big wins against ISIS!,f,f,Twitter for iPhone,106595,22414,2017-07-11 12:23:45+00:00,f,1
945287222210781184,MERRY CHRISTMAS!!! https://t.co/mYtV5GNdLl,f,f,Twitter for iPhone,180277,40084,2017-12-25 13:36:51+00:00,f,1
945140007572004870,MERRY CHRISTMAS!! https://t.co/xa2qxcisVV,f,f,Twitter for iPhone,128584,26247,2017-12-25 03:51:52+00:00,f,1
947614110082043904,"HAPPY NEW YEAR! We are MAKING AMERICA GREAT AGAIN, and much faster than anyone thought possible!",f,f,Twitter for iPhone,166739,32589,2017-12-31 23:43:04+00:00,f,1
947592785519173637,"As our Country rapidly grows stronger and smarter, I want to wish all of my friends, supporters, enemies, haters, and even the very dishonest Fake News Media, a Happy and Healthy New Year. 2018 will be a great year for America!",f,f,Twitter for iPhone,169966,36017,2017-12-31 22:18:20+00:00,f,1
947588263103139841,"Iran, the Number One State of Sponsored Terror with numerous violations of Human Rights occurring on an hourly basis, has now closed down the Internet so that peaceful demonstrators cannot communicate. Not good!",f,f,Twitter for iPhone,93121,25822,2017-12-31 22:00:21+00:00,f,1
947544600918372353,"What a year it’s been, and we're just getting started. Together, we are MAKING AMERICA GREAT AGAIN! Happy New Year!! https://t.co/qsMNyN1UJG",f,f,Twitter Media Studio,117478,26486,2017-12-31 19:06:52+00:00,f,1
947536951464333318,"My deepest condolences to the victims of the terrible shooting in Douglas County @DCSheriff, and their families. We love our police and law enforcement - God Bless them all! #LESM",f,f,Twitter for iPhone,75389,14746,2017-12-31 18:36:28+00:00,f,1
935835032370982913,RT @JaydaBF: VIDEO: Muslim migrant beats up Dutch boy on crutches! https://t.co/11LgbfFJDq,t,t,Twitter for iPhone,0,19789,2017-11-29 11:37:13+00:00,f,1
947461470924820480,"Why would smart voters want to put Democrats in Congress in 2018 Election when their policies will totally kill the great wealth created during the months since the Election. People are much better off now not to mention ISIS, VA, Judges, Strong Border, 2nd A, Tax Cuts &amp, more?",f,f,Twitter for iPhone,101848,22672,2017-12-31 13:36:32+00:00,f,1
947458942719979520,"If the Dems (Crooked Hillary) got elected, your stocks would be down 50% from values on Election Day. Now they have a great future - and just beginning! https://t.co/9TzSC8F8vY",f,f,Twitter for iPhone,60300,12123,2017-12-31 13:26:29+00:00,f,1
947453152806297600,Big protests in Iran. The people are finally getting wise as to how their money and wealth is being stolen and squandered on terrorism. Looks like they will not take it any longer. The USA is watching very closely for human rights violations!,f,f,Twitter for iPhone,100447,24828,2017-12-31 13:03:29+00:00,f,1
947328044821336070,“Trump Rally: Stocks put 2017 in the record books” https://t.co/0foQGaFjMh,f,f,Twitter for iPhone,55336,10928,2017-12-31 04:46:21+00:00,f,1
947236393184628741,"Jobs are kicking in and companies are coming back to the U.S. Unnecessary regulations and high taxes are being dramatically Cut, and it will only get better. MUCH MORE TO COME!",f,f,Twitter for iPhone,106921,20115,2017-12-30 22:42:09+00:00,f,1
947235015343202304,"I use Social Media not because I like to, but because it is the only way to fight a VERY dishonest and unfair “press,” now often referred to as Fake News Media. Phony and non-existent “sources” are being used more often than ever. Many stories &amp, reports a pure fiction!",f,f,Twitter for iPhone,179632,42893,2017-12-30 22:36:41+00:00,f,1
947213895286054914,"On Taxes: “This is the biggest corporate rate cut ever, going back to the corporate income tax rate of roughly 80 years ago.This is a huge pro-growth stimulus for the economy. Every year the Obama WH overstated how the economy would grow. Now real economics and jobs.” @WSJ Report",f,f,Twitter for iPhone,66759,13561,2017-12-30 21:12:45+00:00,f,1
947181212468203520,"Oppressive regimes cannot endure forever, and the day will come when the Iranian people will face a choice. The world is watching! https://t.co/kvv1uAqcZ9",f,f,Twitter for iPhone,72000,18952,2017-12-30 19:02:53+00:00,f,1
947180713236934657,"The entire world understands that the good people of Iran want change, and, other than the vast military power of the United States, that Iran’s people are what their leaders fear the most.... https://t.co/W8rKN9B6RT",f,f,Twitter for iPhone,70367,18727,2017-12-30 19:00:54+00:00,f,1
946949708915924994,"Many reports of peaceful protests by Iranian citizens fed up with regime’s corruption &amp, its squandering of the nation’s wealth to fund terrorism abroad. Iranian govt should respect their people’s rights, including right to express themselves. The world is watching! #IranProtests",f,f,Twitter for iPhone,119278,33702,2017-12-30 03:42:58+00:00,f,1
946731576687235072,"The Democrats have been told, and fully understand, that there can be no DACA without the desperately needed WALL at the Southern Border and an END to the horrible Chain Migration &amp, ridiculous Lottery System of Immigration etc. We must protect our Country at all cost!",f,f,Twitter for iPhone,123329,27879,2017-12-29 13:16:11+00:00,f,1
946728546633953285,"Why is the United States Post Office, which is losing many billions of dollars a year, while charging Amazon and others so little to deliver their packages, making Amazon richer and the Post Office dumber and poorer? Should be charging MUCH MORE!",f,f,Twitter for iPhone,103195,22167,2017-12-29 13:04:09+00:00,f,1
946725057384108033,RT @charliekirk11: Incredible video: @CBS does a special on the GOP tax plan The result?Every middle class family they sat down with SA...,t,f,Twitter for iPhone,0,12411,2017-12-29 12:50:17+00:00,f,1
946724984218669056,"RT @charliekirk11: ISIS getting slaughtered: Square miles liberated from ISISTrump: 26,000 --  Obama: 13,200Total Square miles held by...",t,f,Twitter for iPhone,0,14929,2017-12-29 12:50:00+00:00,f,1
946724719956578304,"""RT @FoxBusiness: .@charliekirk11: """"What this president has done is truly historic, and if a Democrat president achieved 1/10th of what @POT...""",t,f,Twitter for iPhone,0,9095,2017-12-29 12:48:57+00:00,f,1
946724543774765056,RT @charliekirk11: 3 big wins in 2017 you won't hear:Trump confirmed the most circuit court judges ever in a President's 1st year (all co...,t,f,Twitter for iPhone,0,13177,2017-12-29 12:48:15+00:00,f,1
946724075157651457,"While the Fake News loves to talk about my so-called low approval rating, @foxandfriends just showed that my rating on Dec. 28, 2017, was approximately the same as President Obama on Dec. 28, 2009, which was 47%...and this despite massive negative Trump coverage &amp, Russia hoax!",f,f,Twitter for iPhone,85189,18358,2017-12-29 12:46:23+00:00,f,1
946531657229701120,"In the East, it could be the COLDEST New Year’s Eve on record. Perhaps we could use a little bit of that good old Global Warming that our Country, but not other countries, was going to pay TRILLIONS OF DOLLARS to protect against. Bundle up!",f,f,Twitter for iPhone,174817,51213,2017-12-29 00:01:47+00:00,f,1
946519720450252800,"Together, we are MAKING AMERICA GREAT AGAIN! https://t.co/OeyTdFyl1Q https://t.co/wdLQkfdy4m",f,f,Twitter for iPhone,58339,12232,2017-12-28 23:14:21+00:00,f,1
946505517417095168,"RT @realDonaldTrump: “Arrests of MS-13 Members, Associates Up 83% Under Trump” https://t.co/70iPHy2Yqn",t,f,Twitter for iPhone,0,16355,2017-12-28 22:17:55+00:00,f,1
946505439939911685,"RT @DanScavino: Congratulations to the 2017 @PinstripeBowl (Yankee Stadium) Champions, Iowa @HawkeyeFootball! https://t.co/NlaWU6bKmH",t,f,Twitter for iPhone,0,1782,2017-12-28 22:17:36+00:00,f,1
946505312164630530,RT @EricTrump: #ThrowbackThursdays @realDonaldTrump 🇺🇸🇺🇸🇺🇸 https://t.co/Z44IObGZ7V,t,f,Twitter for iPhone,0,5244,2017-12-28 22:17:06+00:00,f,1
946505155809247232,RT @IvankaTrump: “The Trump economy is booming.” One thing @realDonaldTrump “has done that has received little attention despite arguably d...,t,f,Twitter for iPhone,0,9615,2017-12-28 22:16:29+00:00,f,1
946460939578167296,"I've been saying it for a long, long time. #NoKo https://t.co/LQl7tGhMdO",f,f,Twitter for iPad,63172,21232,2017-12-28 19:20:47+00:00,f,1
946416486054285314,Caught RED HANDED - very disappointed that China is allowing oil to go into North Korea. There will never be a friendly solution to the North Korea problem if this continues to happen!,f,f,Twitter for iPhone,106943,24926,2017-12-28 16:24:08+00:00,f,1
946415026402988033,Retail sales are at record numbers. We’ve got the economy going better than anyone ever dreamt - and you haven’t seen anything yet!,f,f,Twitter for iPhone,93802,16926,2017-12-28 16:18:20+00:00,f,1
946401576381505536,"Vanity Fair, which looks like it is on its last legs, is bending over backwards in apologizing for the minor hit they took at Crooked H. Anna Wintour, who was all set to be Amb to Court of St James’s &amp, a big fundraiser for CH, is beside herself in grief &amp, begging for forgiveness!",f,f,Twitter for iPhone,55601,10992,2017-12-28 15:24:53+00:00,f,1
946210723528572930,"“Arrests of MS-13 Members, Associates Up 83% Under Trump” https://t.co/70iPHy2Yqn",f,f,Twitter for iPhone,71955,16355,2017-12-28 02:46:30+00:00,f,1
946201376652169220,"“On 1/20 - the day Trump was inaugurated - an estimated 35,000 ISIS fighters held approx 17,500 square miles of territory in both Iraq and Syria. As of 12/21, the U.S. military est the remaining 1,000 or so fighters occupy roughly 1,900 square miles..” @jamiejmcintyre @dcexaminer https://t.co/OgYEuDgzD2",f,f,Twitter for iPhone,58623,15449,2017-12-28 02:09:22+00:00,f,1
946156544927977477,"Just left West Palm Beach Fire &amp, Rescue #2. Met with great men and women as representatives of those who do so much for all of us. Firefighters, paramedics, first responders - what amazing people they are!",f,f,Twitter for iPhone,93854,14495,2017-12-27 23:11:13+00:00,f,1
946151080546750465,"“On 1/20 - the day Trump was inaugurated - an estimated 35,000 ISIS fighters held approx 17,500 square miles of territory in both Iraq and Syria. As of 12/21, the U.S. military estimates the remaining 1,000 or so fighters occupy roughly 1,900 square miles...” via @jamiejmcintyre https://t.co/0lXKMUoPE9",f,t,Twitter for iPhone,38520,12128,2017-12-27 10:49:30+00:00,f,1
945780569388015616,"All signs are that business is looking really good for next year, only to be helped further by our Tax Cut Bill. Will be a great year for Companies and JOBS! Stock Market is poised for another year of SUCCESS!",f,f,Twitter for iPhone,111975,20029,2017-12-26 22:17:14+00:00,f,1
945646491955290113,"WOW, @foxandfrlends  “Dossier is bogus. Clinton Campaign, DNC funded Dossier. FBI CANNOT (after all of this time) VERIFY CLAIMS IN DOSSIER OF RUSSIA/TRUMP COLLUSION. FBI TAINTED.” And they used this Crooked Hillary pile of garbage as the basis for going after the Trump Campaign!",f,f,Twitter for iPhone,99848,27379,2017-12-26 13:24:27+00:00,f,1
945624910898122752,"Based on the fact that the very unfair and unpopular Individual Mandate has been terminated as part of our Tax Cut Bill, which essentially Repeals (over time) ObamaCare, the Democrats &amp, Republicans will eventually come together and develop a great new HealthCare plan!",f,f,Twitter for iPhone,93839,16116,2017-12-26 11:58:42+00:00,f,1
945437479863291904,"I hope everyone is having a great Christmas, then tomorrow it’s back to work in order to Make America Great Again (which is happening faster than anyone anticipated)!",f,f,Twitter for iPhone,170034,26868,2017-12-25 23:33:55+00:00,f,1
945436206267060226,RT @EricTrump: We should all take a moment to say a prayer for those who paid the ultimate price  — Their bravery and sacrifice allows us t...,t,f,Twitter for iPhone,0,18895,2017-12-25 23:28:51+00:00,f,1
945126026824298497,People are proud to be saying Merry Christmas again. I am proud to have led the charge against the assault of our cherished and beautiful phrase. MERRY CHRISTMAS!!!!!,f,f,Twitter for iPhone,197316,42780,2017-12-25 02:56:19+00:00,f,1
945030174290186241,"The Tax Cut/Reform Bill, including Massive Alaska Drilling and the Repeal of the highly unpopular Individual Mandate, brought it all together as to what an incredible year we had. Don’t let the Fake News convince you otherwise...and our insider Polls are strong!",f,f,Twitter for iPhone,94399,18061,2017-12-24 20:35:26+00:00,f,1
944927689638662145,"The Fake News refuses to talk about how Big and how Strong our BASE is. They show Fake Polls just like they report Fake News. Despite only negative reporting, we are doing well - nobody is going to beat us. MAKE AMERICA GREAT AGAIN!",f,f,Twitter for iPhone,117694,25602,2017-12-24 13:48:11+00:00,f,1
944908467499884544,RT @shawgerald4: @realDonaldTrump Thank you President TRUMP!! https://t.co/LKdkT0FL99,t,f,Twitter for iPhone,0,10093,2017-12-24 12:31:48+00:00,f,1
944906847970119680,".@FoxNews-FBI’s Andrew McCabe, “in addition to his wife getting all of this money from M (Clinton Puppet), he was using, allegedly, his FBI Official Email Account to promote her campaign. You obviously cannot do this. These were the people who were investigating Hillary Clinton.”",f,f,Twitter for iPhone,83598,23326,2017-12-24 12:25:22+00:00,f,1
944703626454487042,"Remember, the Republicans are 5-0 in Congressional races this year. In Senate, I said Roy M would lose in Alabama and supported Big Luther Strange - and Roy lost. Virginia candidate was not a “Trumper,” and he lost.  Good Republican candidates will win BIG!",f,f,Twitter for iPhone,71771,12955,2017-12-23 22:57:50+00:00,f,1
944700332881440769,"The Stock Market is setting record after record and unemployment is at a 17 year low. So many things accomplished by the Trump Administration, perhaps more than any other President in first year. Sadly, will never be reported correctly by the Fake News Media!",f,f,Twitter for iPhone,85863,17736,2017-12-23 22:44:45+00:00,f,1
944667102312566784,"Wow, “FBI lawyer James Baker reassigned,” according to @FoxNews.",f,f,Twitter for iPhone,58511,13341,2017-12-23 20:32:42+00:00,f,1
944666448185692166,FBI Deputy Director Andrew McCabe is racing the clock to retire with full benefits. 90 days to go?!!!,f,f,Twitter for iPhone,61879,17323,2017-12-23 20:30:06+00:00,f,1
944665687292817415,"How can FBI Deputy Director Andrew McCabe, the man in charge, along with leakin’ James Comey, of the Phony Hillary Clinton investigation (including her 33,000 illegally deleted emails) be given $700,000 for wife’s campaign by Clinton Puppets during investigation?",f,f,Twitter for iPhone,102458,28589,2017-12-23 20:27:05+00:00,f,1
944659788826324992,RT @EricTrump: #JournalismIsDead  https://t.co/xZaJD5ADb7,t,f,Twitter for iPhone,0,16349,2017-12-23 20:03:39+00:00,f,1
944329684032081921,"Remember, the most hated part of ObamaCare is the Individual Mandate, which is being terminated under our just signed Tax Cut Bill.",f,f,Twitter for iPhone,101486,19795,2017-12-22 22:11:56+00:00,f,1
944308491887316992,"Today, it was my great honor to sign the largest TAX CUTS and reform in the history of our country. Full remarks: https://t.co/kMxoxEB68G https://t.co/OeAoA0sLfx",f,f,Twitter Media Studio,58256,12401,2017-12-22 20:47:43+00:00,f,1
944308373373308929,"The United Nations Security Council just voted 15-0 in favor of additional Sanctions on North Korea. The World wants Peace, not Death!",f,f,Twitter for iPhone,76649,14878,2017-12-22 20:47:15+00:00,f,1
944276471614509057,"Congressman Ron DeSantis is a brilliant young leader, Yale and then Harvard Law, who would make a GREAT Governor of Florida. He loves our Country and is a true FIGHTER!",f,f,Twitter for iPhone,61684,12852,2017-12-22 18:40:29+00:00,f,1
944247868126318593,"95% of Americans will pay less or, at worst, the same amount of taxes (mostly far less). The Dems only want to raise your taxes!",f,f,Twitter for iPhone,87235,16668,2017-12-22 16:46:49+00:00,f,1
944222979147337728,Will be signing the biggest ever Tax Cut and Reform Bill in 30 minutes in Oval Office. Will also be signing a much needed 4 billion dollar missile defense bill.,f,f,Twitter for iPhone,87261,14977,2017-12-22 15:07:55+00:00,f,1
944222157218942978,"With all my Administration has done on Legislative Approvals (broke Harry Truman’s Record), Regulation Cutting, Judicial Appointments, Building Military, VA, TAX CUTS &amp, REFORM, Record Economy/Stock Market and so much more, I am sure great credit will be given by mainstream news?",f,f,Twitter for iPhone,77825,15569,2017-12-22 15:04:39+00:00,f,1
944210183089254400,"“The President has accomplished some absolutely historic things during this past year.” Thank you Charlie Kirk of Turning Points USA. Sadly, the Fake Mainstream Media will NEVER talk about our accomplishments in their end of year reviews. We are compiling a long &amp, beautiful list.",f,f,Twitter for iPhone,72521,14661,2017-12-22 14:17:04+00:00,f,1
944192071535153152,"At some point, and for the good of the country, I predict we will start working with the Democrats in a Bipartisan fashion. Infrastructure would be a perfect place to start. After having foolishly spent $7 trillion in the Middle East, it is time to start rebuilding our country!",f,f,Twitter for iPhone,103336,21639,2017-12-22 13:05:06+00:00,f,1
944188445748015105,So true! https://t.co/1c8hu6O5t9,f,f,Twitter for iPhone,40072,7938,2017-12-22 12:50:42+00:00,f,1
944187730564714497,"Our big and very popular Tax Cut and Reform Bill has taken on an unexpected new source of “love” - that is big companies and corporations showering their workers with bonuses. This is a phenomenon that nobody even thought of, and now it is the rage. Merry Christmas!",f,f,Twitter for iPhone,80470,17409,2017-12-22 12:47:51+00:00,f,1
943908041803657216,"THANK YOU to everyone who joined me at the @WhiteHouse yesterday. Together, we are MAKING AMERICA GREAT AGAIN! https://t.co/9HgcBKDSxo https://t.co/dTMU8OwmWB",f,f,Twitter for iPhone,58014,10998,2017-12-21 18:16:28+00:00,f,1
943856675294982145,"House Democrats want a SHUTDOWN for the holidays in order to distract from the very popular, just passed, Tax Cuts. House Republicans, don’t let this happen. Pass the C.R. TODAY and keep our Government OPEN!",f,f,Twitter for iPhone,74744,16128,2017-12-21 14:52:22+00:00,f,1
943842608631238656,Home Sales hit BEST numbers in 10 years! MAKE AMERICA GREAT AGAIN,f,f,Twitter for iPhone,72315,14122,2017-12-21 13:56:28+00:00,f,1
943824695144697857,Was @foxandfriends just named the most influential show in news? You deserve it - three great people! The many Fake News Hate Shows should study your formula for success!,f,f,Twitter for iPhone,77943,15020,2017-12-21 12:45:17+00:00,f,1
943819430735372289,"The Massive Tax Cuts, which the Fake News Media is desperate to write badly about so as to please their Democrat bosses, will soon be kicking in and will speak for themselves. Companies are already making big payments to workers. Dems want to raise taxes, hate these big Cuts!",f,f,Twitter for iPhone,94344,19980,2017-12-21 12:24:22+00:00,f,1
943598090069536768,WE ARE MAKING AMERICA GREAT AGAIN! https://t.co/HY353gXV0R,f,f,Twitter Media Studio,85379,18953,2017-12-20 21:44:50+00:00,f,1
943543958730309633,We are delivering HISTORIC TAX RELIEF for the American people!#TaxCutsandJobsAct https://t.co/lLgATrCh5o,f,f,Twitter for iPhone,70131,16264,2017-12-20 18:09:44+00:00,f,1
943534069287194626,"Together, we are MAKING AMERICA GREAT AGAIN! https://t.co/47k9i4p3J2",f,f,Twitter for iPhone,57732,12015,2017-12-20 17:30:26+00:00,f,1
943521141062238208,"I would like to congratulate @SenateMajLdr on having done a fantastic job both strategically &amp, politically on the passing in the Senate of the MASSIVE TAX CUT &amp, Reform Bill. I could have not asked for a better or more talented partner. Our team will go onto many more VICTORIES!",f,f,Twitter for iPhone,74913,14090,2017-12-20 16:39:04+00:00,f,1
943489378462130176,"The Tax Cuts are so large and so meaningful, and yet the Fake News is working overtime to follow the lead of their friends, the defeated Dems, and only demean. This is truly a case where the results will speak for themselves, starting very soon. Jobs, Jobs, Jobs!",f,f,Twitter for iPhone,66856,14161,2017-12-20 14:32:51+00:00,f,1
943362605258813441,"The United States Senate just passed the biggest in history Tax Cut and Reform Bill. Terrible Individual Mandate (ObamaCare)Repealed. Goes to the House tomorrow morning for final vote. If approved, there will be a News Conference at The White House at approximately 1:00 P.M.",f,f,Twitter for iPhone,118874,24870,2017-12-20 06:09:06+00:00,f,1
943213901625294849,"Congratulations to Paul Ryan, Kevin McCarthy, Kevin Brady, Steve Scalise, Cathy McMorris Rodgers and all great House Republicans who voted in favor of cutting your taxes!",f,f,Twitter for iPhone,108974,19499,2017-12-19 20:18:12+00:00,f,1
943135588496093190,A  story in the @washingtonpost that I was close to “rescinding” the nomination of Justice Gorsuch prior to confirmation is FAKE NEWS. I never even wavered and am very proud of him and the job he is doing as a Justice of the U.S. Supreme Court. The unnamed sources don’t exist!,f,f,Twitter for iPhone,81173,19622,2017-12-19 15:07:01+00:00,f,1
943079382163353600,"Stocks and the economy have a long way to go after the Tax Cut Bill is totally understood and appreciated in scope and size. Immediate expensing will have a big impact. Biggest Tax Cuts and Reform EVER passed. Enjoy, and create many beautiful JOBS!",f,f,Twitter for iPhone,59049,11224,2017-12-19 11:23:40+00:00,f,1
943074475209355264,DOW RISES 5000 POINTS ON THE YEAR FOR THE FIRST TIME EVER - MAKE AMERICA GREAT AGAIN!,f,f,Twitter for iPhone,96316,19077,2017-12-19 11:04:11+00:00,f,1
942921051721338880,"Together, our task is to strengthen our families, to build up our communities, to serve our citizens, and to celebrate AMERICAN GREATNESS as a shining example to the world.... https://t.co/ds6tZlgJpA",f,f,Twitter Media Studio,56477,13138,2017-12-19 00:54:32+00:00,f,1
942904686125965312,"With the strategy that I announced today, we are declaring that AMERICA is in the game and AMERICA is DETERMINED to WIN!OUR FOUR PILLARS OF NATIONAL SECURITY STRATEGY: https://t.co/B3POaMVID8",f,f,Twitter Media Studio,51506,12330,2017-12-18 23:49:30+00:00,f,1
942883507868782592,70 Record Closes for the Dow so far this year! We have NEVER had 70 Dow Records in a one year period. Wow!,f,f,Twitter for iPhone,82981,17094,2017-12-18 22:25:20+00:00,f,1
942882250089271297,Thank you Maria B! https://t.co/v1UR63CqLK,f,f,Twitter for iPhone,33592,6779,2017-12-18 22:20:20+00:00,f,1
942881716913438720,So true Ivanka! https://t.co/BNGUJG69Ki,f,f,Twitter for iPhone,36603,6750,2017-12-18 22:18:13+00:00,f,1
942857031693799425,"As the world watches, we are days away from passing HISTORIC TAX CUTS for American families and businesses. It will be the BIGGEST TAX CUT and TAX REFORM in the HISTORY of our country! https://t.co/EvcAkjuf8w",f,f,Twitter for iPhone,40985,7814,2017-12-18 20:40:08+00:00,f,1
942854056162332677,"When the American People speak, ALL OF US should listen. Just over one year ago, you spoke loud and clear. On November 8, 2016, you voted to MAKE AMERICA GREAT AGAIN! https://t.co/3AOv53S0PU",f,f,Twitter for iPhone,41122,8025,2017-12-18 20:28:19+00:00,f,1
942851788461563906,"Over the past 11 months, I have travelled tens of thousands of miles, to visit 13 countries. I have met with more than 100 world leaders and everywhere I traveled, it was my highest privilege and greatest honor to represent the AMERICAN PEOPLE! https://t.co/7SDsEeIhJH",f,f,Twitter for iPhone,54593,10269,2017-12-18 20:19:18+00:00,f,1
942840800853024770,Our deepest sympathies and most heartfelt prayers are with the victims of the train derailment in Washington State. We are closely monitoring the situation and coordinating with local authorities... https://t.co/Gyf5BdVm4G,f,f,Twitter for iPhone,36209,6855,2017-12-18 19:35:38+00:00,f,1
935836798755930112,RT @JaydaBF: VIDEO: Islamist mob pushes teenage boy off roof and beats him to death! https://t.co/XxtlxNNSiP,t,t,Twitter for iPhone,0,18326,2017-11-29 11:44:14+00:00,f,1
942829676699021312,"My thoughts and prayers are with everyone involved in the train accident in DuPont, Washington. Thank you to all of our wonderful First Responders who are on the scene. We are currently monitoring here at the White House.",f,f,Twitter for iPhone,72643,12206,2017-12-18 18:51:26+00:00,f,1
942827072824672262,"The train accident that just occurred in DuPont, WA shows more than ever why our soon to be submitted infrastructure plan must be approved quickly. Seven trillion dollars spent in the Middle East while our roads, bridges, tunnels, railways (and more) crumble! Not for long!",f,f,Twitter for iPhone,90206,18082,2017-12-18 18:41:05+00:00,f,1
942721681130483712,Ivanka Trump will be interviewed on @foxandfriends.,f,f,Twitter for iPhone,37098,4817,2017-12-18 11:42:18+00:00,f,1
942717030091943936,"Remember, Republicans are 5-0 in Congressional Races this year. The media refuses to mention this. I said Gillespie and Moore would lose (for very different reasons), and they did. I also predicted  “I” would win. Republicans will do well in 2018, very well! @foxandfriends",f,f,Twitter for iPhone,73888,14792,2017-12-18 11:23:49+00:00,f,1
942551516564639744,"More than a century after conquering flight, the #WrightBrothers continue to motivate &amp, inspire Americans, who never tire of exploration &amp, innovation. This GREAT AMERICAN SPIRIT can be found in the design of every new supersonic jet and next generation: https://t.co/NeKPMgkdg8 https://t.co/pODjl00lAy",f,f,Twitter for iPhone,51146,10241,2017-12-18 00:26:07+00:00,f,1
942503059103604736,Wonderful weekend at Camp David. A very special place. A lot of very important work done. Heading back to the @WhiteHouse now. https://t.co/cKxlsdr1ut,f,f,Twitter for iPhone,54110,8562,2017-12-17 21:13:34+00:00,f,1
942439739264831488,"As a candidate, I promised we would pass a massive TAX CUT for the everyday working American families who are the backbone and the heartbeat of our country. Now, we are just days away... https://t.co/MADTGUMktX",f,f,Twitter for iPhone,72695,14474,2017-12-17 17:01:58+00:00,f,1
942130137734242305,WEEKLY ADDRESS🇺🇸 https://t.co/1sH20Hb33x,f,f,Twitter Media Studio,43997,10167,2017-12-16 20:31:43+00:00,f,1
942123433873281024,"TAX CUTS will increase investment in the American economy and in U.S. workers, leading to higher growth, higher wages, and more JOBS! https://t.co/4GxM8psMU1",f,f,Twitter for iPhone,59442,12037,2017-12-16 20:05:05+00:00,f,1
942044657613230080,"Congratulations to two great and hardworking guys, Corey Lewandowski and David Bossie, on the success of their just out book, “Let Trump Be Trump.” Finally people with real knowledge are writing about our wonderful and exciting campaign!",f,f,Twitter for iPhone,93072,17589,2017-12-16 14:52:03+00:00,f,1
941868639199916037,"Great job Kevin, we are all proud of you! https://t.co/K6hEEaOxKt",f,f,Twitter for iPhone,54860,10894,2017-12-16 03:12:37+00:00,f,1
941867829397254144,"RT @RepKristiNoem: A lot of tough decisions got us to this point, but we’re closer than we’ve been in 30+ years to a fairer tax code that k...",t,f,Twitter for iPhone,0,5242,2017-12-16 03:09:24+00:00,f,1
941867753677426688,"RT @SpeakerRyan: For individuals and families, the final Tax Cuts &amp, Jobs Act:✔lowers individual taxes✔nearly doubles the standard deducti...",t,f,Twitter for iPhone,0,8175,2017-12-16 03:09:06+00:00,f,1
941867661310545920,RT @PressSec: .@POTUS historic tax cuts + doubling of the child tax credit will do infinitely more to empower working moms than liberals' p...,t,f,Twitter for iPhone,0,12592,2017-12-16 03:08:44+00:00,f,1
941820213518938112,"DOW, S&amp,P 500 and NASDAQ close at record highs! #MAGA https://t.co/hvqwnqSGuG",f,f,Twitter for iPhone,48684,10153,2017-12-16 00:00:11+00:00,f,1
941789515248750592,"Today, it was my tremendous honor to visit Marine Helicopter Squadron One (HMX-1) at the Marine Corps Air Facility in Quantico, Virginia. I am honored to serve as your Commander-in-Chief. On behalf of an entire Nation, THANK YOU for your sacrifice and service. We love you! https://t.co/eLOTc7do52",f,f,Twitter for iPhone,66015,14462,2017-12-15 21:58:12+00:00,f,1
941756992070307845,"You are always there for us – THE MEN AND WOMEN IN BLUE.Thank you to our police, thank you to our sheriffs, and thank you to our law enforcement families. God Bless you all, and GOD BLESS AMERICA! #LESM https://t.co/9ejiddVL9h",f,f,Twitter for iPhone,61679,13486,2017-12-15 19:48:58+00:00,f,1
941723524921724928,"To each member of the graduating class from the National Academy at Quantico, CONGRATULATIONS! https://t.co/bGT8S33ZLU",f,f,Twitter for iPhone,44793,7751,2017-12-15 17:35:59+00:00,f,1
941667918214987776,It was my honor. THANK YOU! https://t.co/1LvqbRQ1bi,f,f,Twitter for iPhone,58203,10995,2017-12-15 13:55:01+00:00,f,1
941449449850761217,"RT @GOPChairwoman: .@realDonaldTrump is the Paycheck President. Learn how the tax bill will put more money in your pocket &amp, how to contact...",t,f,Twitter for iPhone,0,8517,2017-12-14 23:26:54+00:00,f,1
941417725833998340,“Manufacturing Optimism Rose to Another All-Time High in the Latest @ShopFloorNAM Outlook Survey” https://t.co/LuV4BMp0Xc,f,f,Twitter for iPhone,32408,6893,2017-12-14 21:20:51+00:00,f,1
941406242785955841,"In 1960, there were approximately 20,000 pages in the Code of Federal Regulations. Today there are over 185,000 pages, as seen in the Roosevelt Room.Today, we CUT THE RED TAPE! It is time to SET FREE OUR DREAMS and MAKE AMERICA GREAT AGAIN! https://t.co/teAVNzjvcx",f,f,Twitter for iPhone,74535,20389,2017-12-14 20:35:13+00:00,f,1
941404173433794561,"When Americans are free to thrive, innovate, &amp, prosper, there is no challenge too great, no task too large, &amp, no goal beyond our reach. We are a nation of explorers, pioneers, innovators &amp, inventors. We are nation of people who work hard, dream big, &amp, who never, ever give up... https://t.co/9LVdp6zOgZ",f,f,Twitter for iPhone,58921,13232,2017-12-14 20:27:00+00:00,f,1
941400670766321666,"Today, we gathered in the Roosevelt Room for one single reason: to CUT THE RED TAPE! For many decades, an ever-growing maze of regs, rules, and restrictions has cost our country trillions of dollars, millions of jobs, countless American factories, &amp, devastated entire industries. https://t.co/ostXOVnckf",f,f,Twitter for iPhone,48388,9921,2017-12-14 20:13:04+00:00,f,1
941353395121741825,"As a candidate, I promised we would pass a massive tax cut for the everyday, working Americans. If you make your voices heard, this moment will be forever remembered as a great new beginning – the dawn of a brilliant American future shining with PATRIOTISM, PROSPERITY AND PRIDE! https://t.co/exsBzrlCdw",f,f,Twitter for iPhone,65102,14382,2017-12-14 17:05:13+00:00,f,1
941291666564141057,"Republican Tax Cuts are looking very good. All are working hard. In the meantime, the Stock Market hit another record high!",f,f,Twitter for iPhone,78546,13459,2017-12-14 12:59:56+00:00,f,1
941094961482780672,Thank you Omarosa for your service! I wish you continued success.,f,f,Twitter for iPhone,72683,10942,2017-12-13 23:58:18+00:00,f,1
940955920967880704,"If last night’s election proved anything, it proved that we need to put up GREAT Republican candidates to increase the razor thin margins in both the House and Senate.",f,f,Twitter for iPhone,85532,15507,2017-12-13 14:45:48+00:00,f,1
935836583986630657,RT @JaydaBF: VIDEO: Muslim Destroys a Statue of Virgin Mary! https://t.co/qhkrfQrtjV,t,t,Twitter for iPhone,0,19117,2017-11-29 11:43:23+00:00,f,1
940930017365778432,"Wow, more than 90% of Fake News Media coverage of me is negative, with numerous forced retractions of untrue stories. Hence my use of Social Media, the only way to get the truth out. Much of Mainstream Meadia has become a joke! @foxandfriends",f,f,Twitter for iPhone,100164,22635,2017-12-13 13:02:52+00:00,f,1
940904649728708609,"The reason I originally endorsed Luther Strange (and his numbers went up mightily), is that I said Roy Moore will not be able to win the General Election.  I was right! Roy worked hard but the deck was stacked against him!",f,f,Twitter for iPhone,63126,11712,2017-12-13 11:22:04+00:00,f,1
940795587733151744,"Congratulations to Doug Jones on a hard fought victory. The write-in votes played a very big factor, but a win is a win. The people of Alabama are great, and the Republicans will have another shot at this seat in a very short period of time. It never ends!",f,f,Twitter for iPhone,103471,19326,2017-12-13 04:08:41+00:00,f,1
940706127309926400,Wishing all of those celebrating #Hanukkah around the world a happy and healthy eight nights in the company of those they love. https://t.co/A5W0PDWBxp https://t.co/D9MVVPq39x,f,f,Twitter for iPhone,65750,13616,2017-12-12 22:13:12+00:00,f,1
940588025964265472,"Consumer Confidence is at an All-Time High, along with a Record High Stock Market. Unemployment is at a 17 year low. MAKE AMERICA GREAT AGAIN! Working to pass MASSIVE TAX CUTS (looking good).",f,f,Twitter for iPhone,77338,15600,2017-12-12 14:23:55+00:00,f,1
940584383605563392,"The people of Alabama will do the right thing. Doug Jones is Pro-Abortion, weak on Crime, Military and Illegal Immigration, Bad for Gun Owners and Veterans and against the WALL. Jones is a Pelosi/Schumer Puppet. Roy Moore will always vote with us. VOTE ROY MOORE!",f,f,Twitter for iPhone,66944,16268,2017-12-12 14:09:26+00:00,f,1
940567812053053441,"Lightweight Senator Kirsten Gillibrand, a total flunky for Chuck Schumer and someone who would come to my office “begging” for campaign contributions not so long ago (and would do anything for them), is now in the ring fighting against Trump. Very disloyal to Bill &amp, Crooked-USED!",f,f,Twitter for iPhone,73161,17780,2017-12-12 13:03:35+00:00,f,1
940554567414091776,"Despite thousands of hours wasted and many millions of dollars spent, the Democrats have been unable to show any collusion with Russia - so now they are moving on to the false accusations and fabricated stories of women who I don’t know and/or have never met. FAKE NEWS!",f,f,Twitter for iPhone,123066,29178,2017-12-12 12:10:58+00:00,f,1
940223974985871360,"Another false story, this time in the Failing @nytimes, that I watch 4-8 hours of television a day - Wrong!  Also, I seldom, if ever, watch CNN or MSNBC, both of which I consider Fake News. I never watch Don Lemon, who I once called the “dumbest man on television!” Bad Reporting.",f,f,Twitter for iPhone,114276,25683,2017-12-11 14:17:18+00:00,f,1
939967625362276354,"Very little discussion of all the purposely false and defamatory stories put out this week by the Fake News Media. They are out of control - correct reporting means nothing to them. Major lies written, then forced to be withdrawn after they are exposed...a stain on America!",f,f,Twitter for iPhone,99253,23353,2017-12-10 21:18:40+00:00,f,1
939851058788134913,"Getting closer and closer on the Tax Cut Bill. Shaping up even better than projected. House and Senate working very hard and smart. End result will be not only important, but SPECIAL!",f,f,Twitter for iPhone,80694,14145,2017-12-10 13:35:28+00:00,f,1
939849867438034944,"Things are going really well for our economy, a subject the Fake News spends as little time as possible discussing! Stock Market hit another RECORD HIGH, unemployment is now at a 17 year low and companies are coming back into the USA. Really good news, and much more to come!",f,f,Twitter for iPhone,107386,22395,2017-12-10 13:30:44+00:00,f,1
939680422493073408,No American should be separated from their loved ones because of preventable crime committed by those illegally in our country. Our cities should be Sanctuaries for Americans – not for criminal aliens! https://t.co/CvtkCG1pln,f,f,Twitter Media Studio,104365,27338,2017-12-10 02:17:25+00:00,f,1
939642796289470464,Great Army - Navy Game. Army wins 14 to 13 and brings home the COMMANDER-IN-CHIEF’S TROPHY! Congratulations!,f,f,Twitter for iPhone,78901,11838,2017-12-09 23:47:55+00:00,f,1
939640619105910784,Great Army - Navy Game. Army wins 14 to 13 and brings home the COMMANDER-IN-CHIEF’S TROPHY (last time was 1996). Wow! Congratulations!,f,t,Twitter for iPhone,7867,1657,2017-12-09 11:39:15+00:00,f,1
939634404267380736,".@daveweigel of the Washington Post just admitted that his picture was a FAKE (fraud?) showing an almost empty arena last night for my speech in Pensacola when, in fact, he knew the arena was packed (as shown also on T.V.). FAKE NEWS, he should be fired.",f,f,Twitter for iPhone,73972,18321,2017-12-09 23:14:34+00:00,f,1
939616077356642304,".@DaveWeigel @WashingtonPost put out a phony photo of an empty arena hours before I arrived @ the venue, w/ thousands of people outside, on their way in. Real photos now shown as I spoke. Packed house, many people unable to get in. Demand apology &amp, retraction from FAKE NEWS WaPo! https://t.co/XAblFGh1ob",f,f,Twitter for iPhone,64019,18675,2017-12-09 22:01:44+00:00,f,1
939564681743814661,"Have a great game today, @USArmy and @USNavy - I will be watching. We love our U.S. Military. On behalf of an entire Nation, THANK YOU for your sacrifice and service! #ArmyNavyGame #USA🇺🇸 https://t.co/8m1W9rFwIh",f,f,Twitter for iPhone,44975,8447,2017-12-09 18:37:31+00:00,f,1
939560154269405184,"It was my great honor to celebrate the opening of two extraordinary museums-the Mississippi State History Museum &amp, the Mississippi Civil Rights Museum. We pay solemn tribute to our heroes of the past &amp, dedicate ourselves to building a future of freedom, equality, justice &amp, peace. https://t.co/5AkgVpV8aa",f,f,Twitter for iPhone,55420,11534,2017-12-09 18:19:31+00:00,f,1
939521466634326016,"Heading to the great state of Mississippi at the invitation of their popular and respected Governor, @PhilBryantMS. Look forward to seeing the new Civil Rights Museum!",f,f,Twitter for iPhone,50008,8209,2017-12-09 15:45:47+00:00,f,1
939485131693322240,"CNN’S slogan is CNN, THE MOST TRUSTED NAME IN NEWS. Everyone knows this is not true, that this could, in fact, be a fraud on the American Public. There are many outlets that are far more trusted than Fake News CNN. Their slogan should be CNN, THE LEAST TRUSTED NAME IN NEWS!",f,f,Twitter for iPhone,122747,28408,2017-12-09 13:21:24+00:00,f,1
939480342779580416,"Fake News CNN made a vicious and purposeful mistake yesterday. They were caught red handed, just like lonely Brian Ross at ABC News (who should be immediately fired for his “mistake”). Watch to see if @CNN fires those responsible, or was it just gross incompetence?",f,f,Twitter for iPhone,76685,18078,2017-12-09 13:02:23+00:00,f,1
939477807813595136,"A big contingent of very enthusiastic Roy Moore fans at the rally last night. We can’t have a Pelosi/Schumer Liberal Democrat, Jones, in that important Alabama Senate seat. Need your vote to Make America Great Again! Jones will always vote against what we must do for our Country.",f,f,Twitter for iPhone,50052,10607,2017-12-09 12:52:18+00:00,f,1
935841679977910272,Looks like another great day for the Stock Market. Consumer Confidence is at Record High. I guess somebody likes me (my policies)!,f,f,Twitter for iPhone,71851,11716,2017-11-29 12:03:38+00:00,f,1
939475127552618496,"GREAT EVENING last night in Pensacola, Florida. Arena was packed to the rafters, the crowd was loud, loving and really smart. They definitely get what’s going on. Thank you Pensacola!",f,f,Twitter for iPhone,62709,10803,2017-12-09 12:41:39+00:00,f,1
939375570919612416,"We believe that every American should stand for the National Anthem, and we proudly pledge allegiance to one NATION UNDER GOD! https://t.co/r2ITtWwfVs",f,f,Twitter for iPhone,58748,13187,2017-12-09 06:06:03+00:00,f,1
939355447273906182,"This is your land, this is your home, and it's your voice that matters the most. So speak up, be heard, and fight, fight, fight for the change you've been waiting for your entire life!MERRY CHRISTMAS and THANK YOU Pensacola, Florida! https://t.co/geWGzpzRp6",f,f,Twitter for iPhone,65377,16573,2017-12-09 04:46:05+00:00,f,1
939299624875118592,Just arrived at the Pensacola Bay Center. Join me LIVE on @FoxNews in 10 minutes! #MAGA https://t.co/RQFqOkcpNV,f,f,Twitter for iPhone,34237,5407,2017-12-09 01:04:16+00:00,f,1
939274666404909056,"On my way to Pensacola, Florida. See everyone soon! #MAGA https://t.co/ijwxVSYQ52",f,f,Twitter for iPhone,41796,6207,2017-12-08 23:25:06+00:00,f,1
939208571253862400,"“The unemployment rate remains at a 17-year low of 4.1%. The unemployment rate in manufacturing dropped to 2.6%, the lowest ever recorded. The unemployment rate among Hispanics dropped to 4.7%, the lowest ever recorded...”@SecretaryAcosta @USDOL https://t.co/vou28s0yHN",f,f,Twitter for iPhone,54836,13922,2017-12-08 19:02:27+00:00,f,1
939152197090148352,"Fines and penalties against Wells Fargo Bank for their bad acts against their customers and others will not be dropped, as has incorrectly been reported, but will be pursued and, if anything, substantially increased. I will cut Regs but make penalties severe when caught cheating!",f,f,Twitter for iPhone,82360,17544,2017-12-08 15:18:27+00:00,f,1
939149296389251072,"LAST thing the Make America Great Again Agenda needs is a Liberal Democrat in Senate where we have so little margin for victory already. The Pelosi/Schumer Puppet Jones would vote against us 100% of the time. He’s bad on Crime, Life, Border, Vets, Guns &amp, Military. VOTE ROY MOORE!",f,f,Twitter for iPhone,62320,14880,2017-12-08 15:06:55+00:00,f,1
939120304542101505,"Big crowd expected today in Pensacola, Florida, for a Make America Great Again speech. We have done so much in so short a period of time...and yet are planning to do so much more! See you there!",f,f,Twitter for iPhone,67084,12038,2017-12-08 13:11:43+00:00,f,1
939006911629869056,I fulfilled my campaign promise - others didn’t! https://t.co/bYdaOHmPVJ,f,f,Twitter for iPhone,128801,44196,2017-12-08 05:41:08+00:00,f,1
939005659982348291,"Tonight, @FLOTUS Melania and I were thrilled to welcome so many wonderful friends to the @WhiteHouse – and wish them all a very #HappyHanukkahhttps://t.co/wyPkpTsP1i https://t.co/XhNXZSBEC8",f,f,Twitter for iPhone,41742,8012,2017-12-08 05:36:09+00:00,f,1
938878398608433152,"Across the battlefields, oceans, and harrowing skies of Europe and the Pacific throughout the war, one great battle cry could be heard by America’s friends and foes alike:“REMEMBER PEARL HARBOR.” https://t.co/dfev02TwIr",f,f,Twitter for iPhone,53619,10670,2017-12-07 21:10:28+00:00,f,1
938873956345499654,"Today, as we Remember Pearl Harbor, it was an incredible honor to be joined with surviving Veterans of the attack on 12/7/1941. They are HEROES, and they are living witnesses to American History. All American hearts are filled with gratitude for their service and their sacrifice. https://t.co/x5LDl25o30",f,f,Twitter for iPhone,52705,10118,2017-12-07 20:52:49+00:00,f,1
938861758038577152,"Today, the U.S. flag flies at half-staff at the @WhiteHouse, in honor of National Pearl Harbor Remembrance Day. https://t.co/LkXsBx2JF8 https://t.co/ogmpydr5LK",f,f,Twitter for iPhone,46715,8315,2017-12-07 20:04:20+00:00,f,1
938804374079459329,"Today, our entire nation pauses to REMEMBER PEARL HARBOR—and the brave warriors who on that day stood tall and fought for America. God Bless our HEROES who wear the uniform, and God Bless the United States of America. #PearlHarborRemembranceDay🇺🇸 https://t.co/qGhlsPlxtH",f,f,Twitter for iPhone,68954,17418,2017-12-07 16:16:19+00:00,f,1
938797056440889344,"RT @realDonaldTrump: National Pearl Harbor Remembrance Day - “A day that will live in infamy!” December 7, 1941",t,t,Twitter for iPhone,0,8003,2017-12-07 03:47:14+00:00,f,1
938786402992578560,"National Pearl Harbor Remembrance Day - “A day that will live in infamy!” December 7, 1941",f,f,Twitter for iPhone,90502,17998,2017-12-07 15:04:54+00:00,f,1
938756989542457344,Go get the new book on Andrew Jackson by Brian Kilmeade...Really good. @foxandfriends,f,f,Twitter for iPhone,46707,7999,2017-12-07 13:08:02+00:00,f,1
938755723902713861,RT @EricTrump: #MakeAmericaGreatAgain https://t.co/YpfVHtq8tE,t,f,Twitter for iPhone,0,5912,2017-12-07 13:03:00+00:00,f,1
938752267611721728,"RT @ChuckGrassley: Jerusalem Embassy Act of ‘95 (Senate vote 93-5 &amp, I voted for it) states embassy should be in Jerusalem by 5/31/99. For 1...",t,f,Twitter for iPhone,0,13160,2017-12-07 12:49:16+00:00,f,1
938517073508163584,I have determined that it is time to officially recognize Jerusalem as the capital of Israel. I am also directing the State Department to begin preparation to move the American Embassy from Tel Aviv to Jerusalem... https://t.co/YwgWmT0O8m,f,f,Twitter for iPhone,113973,31278,2017-12-06 21:14:41+00:00,f,1
938469354089385985,Join me live from the @WhiteHouse via #Periscopehttps://t.co/wLXKoISSTG,f,f,Twitter for iPhone,39759,10242,2017-12-06 18:05:04+00:00,f,1
938440878577856512,Our thoughts and prayers are with everyone in the path of California’s wildfires. I encourage everyone to heed the advice and orders of local and state officials. THANK YOU to all First Responders for your incredible work! https://t.co/g9y9PkB352,f,f,Twitter for iPhone,56505,10912,2017-12-06 16:11:55+00:00,f,1
938390844327038977,"RT @Scavino45: Time lapse video of the border wall prototypes, when they were being built in San Diego. Next phase underway: testing and ev...",t,f,Twitter for iPhone,0,7328,2017-12-06 12:53:06+00:00,f,1
938184577255919623,"Join me this Friday in Pensacola, Florida at the Pensacola Bay Center! Tickets: https://t.co/zA7SGgWqBE https://t.co/QzFdxQdgAL",f,f,Twitter for iPhone,42799,9786,2017-12-05 23:13:28+00:00,f,1
938102355878440960,"Yesterday, I was thrilled to be with so many WONDERFUL friends, in Utah’s MAGNIFICENT Capitol.It was my honor to sign two Presidential Proclamations that will modify the national monuments designations of both Bears Ears and Grand Staircase Escalante...https://t.co/jiTHcPovCi https://t.co/dIpdAUVoRB",f,f,Twitter for iPhone,56713,11441,2017-12-05 17:46:45+00:00,f,1
937661677700550656,A must watch: Legal Scholar Alan Dershowitz was just on @foxandfriends talking of what is going on with respect to the greatest Witch Hunt in U.S. political history. Enjoy!,f,f,Twitter for iPhone,62624,14279,2017-12-04 12:35:39+00:00,f,1
937653535486959616,"With the great vote on Cutting Taxes, this could be a big day for the Stock Market - and YOU!",f,f,Twitter for iPhone,76381,12858,2017-12-04 12:03:18+00:00,f,1
937652739001212928,"Putting Pelosi/Schumer Liberal Puppet Jones into office in Alabama would hurt our great Republican Agenda of low on taxes, tough on crime, strong on military and borders...&amp, so much more. Look at your 401-k’s since Election. Highest Stock Market EVER! Jobs are roaring back!",f,f,Twitter for iPhone,80272,17052,2017-12-04 12:00:08+00:00,f,1
937641904338063361,"Democrats refusal to give even one vote for massive Tax Cuts is why we need Republican Roy Moore to win in Alabama. We need his vote on stopping crime, illegal immigration, Border Wall, Military, Pro Life, V.A., Judges 2nd Amendment and more. No to Jones, a Pelosi/Schumer Puppet!",f,f,Twitter for iPhone,80564,20232,2017-12-04 11:17:05+00:00,f,1
937314665176207360,Report: “ANTI-TRUMP FBI AGENT LED CLINTON EMAIL PROBE”  Now it all starts to make sense!,f,f,Twitter for iPhone,104588,29346,2017-12-03 13:36:45+00:00,f,1
937309279257792512,"People who lost money when the Stock Market went down 350 points based on the False and Dishonest reporting of Brian Ross of @ABC News (he has been suspended), should consider hiring a lawyer and suing ABC for the damages this bad reporting has caused - many millions of dollars!",f,f,Twitter for iPhone,102379,28423,2017-12-03 13:15:21+00:00,f,1
937305615218696193,"After years of Comey, with the phony and dishonest Clinton investigation (and more), running the FBI, its reputation is in Tatters - worst in History! But fear not, we will bring it back to greatness.",f,f,Twitter for iPhone,102274,23084,2017-12-03 13:00:47+00:00,f,1
937301085156503552,"Tainted (no, very dishonest?) FBI “agent’s role in Clinton probe under review.” Led Clinton Email probe. @foxandfriends  Clinton money going to wife of another FBI agent in charge.",f,f,Twitter for iPhone,72536,20080,2017-12-03 12:42:47+00:00,f,1
937297341266190336,Such a total miscarriage of Justice in San Francisco! https://t.co/MSIkBCKF3t,f,f,Twitter for iPhone,57902,14536,2017-12-03 12:27:54+00:00,f,1
937296570256625666,RT @paulsperry_: Wray needs to clean house. Now we know the politicization even worse than McCabe's ties to McAuliffe/Clinton. It also infe...,t,f,Twitter for iPhone,0,10601,2017-12-03 12:24:51+00:00,f,1
937286804201451521,"RT @paulsperry_: BREAKING: top FBI investigator for Mueller--PETER STRZOK--busted sending political text messages bashing Trump &amp, praising...",t,f,Twitter for iPhone,0,18886,2017-12-03 11:46:02+00:00,f,1
937280235384565760,RT @GovChristie: .@POTUS has done more to combat the addiction crisis than any other President. https://t.co/EfjJVrE29G,t,f,Twitter for iPhone,0,6398,2017-12-03 11:19:56+00:00,f,1
937279645254340608,RT @PressSec: The Trump effect: “The U.S. economy is running at its full potential for the first time in a decade” -WSJhttps://t.co/ee5N0z...,t,f,Twitter for iPhone,0,11656,2017-12-03 11:17:35+00:00,f,1
937279001684598784,I never asked Comey to stop investigating Flynn. Just more Fake News covering another Comey lie!,f,f,Twitter for iPhone,77729,17398,2017-12-03 11:15:02+00:00,f,1
937145025359761408,"Congratulations to @ABC News for suspending Brian Ross for his horrendously inaccurate and dishonest report on the Russia, Russia, Russia Witch Hunt. More Networks and “papers” should do the same with their Fake News!",f,f,Twitter for iPhone,88788,20965,2017-12-03 02:22:40+00:00,f,1
937142713211813889,"Many people in our Country are asking what the “Justice” Department is going to do about the fact that totally Crooked Hillary, AFTER receiving a subpoena from the United States Congress, deleted and “acid washed” 33,000 Emails? No justice!",f,f,Twitter for iPhone,95324,25611,2017-12-03 02:13:28+00:00,f,1
937141061343956992,"So General Flynn lies to the FBI and his life is destroyed, while Crooked Hillary Clinton, on that now famous FBI holiday “interrogation” with no swearing in and no recording, lies many times...and nothing happens to her? Rigged system, or just a double standard?",f,f,Twitter for iPhone,120699,34268,2017-12-03 02:06:54+00:00,f,1
937136868608626689,Great job First Lady Melania! https://t.co/TRuvaftPcD,f,f,Twitter for iPhone,67562,11335,2017-12-03 01:50:15+00:00,f,1
937065834635292673,"62 years ago this week, a brave seamstress in Montgomery, Alabama uttered one word that changed history... https://t.co/eOvCBcMIKX",f,f,Twitter for iPhone,82830,21271,2017-12-02 21:07:59+00:00,f,1
937007006526959618,I had to fire General Flynn because he lied to the Vice President and the FBI. He has pled guilty to those lies. It is a shame because his actions during the transition were lawful. There was nothing to hide!,f,f,Twitter for iPhone,101105,29430,2017-12-02 17:14:13+00:00,f,1
936941673124425728,Biggest Tax Bill and Tax Cuts in history just passed in the Senate. Now these great Republicans will be going for final passage. Thank you to House and Senate Republicans for your hard work and commitment!,f,f,Twitter for iPhone,107853,22053,2017-12-02 12:54:37+00:00,f,1
936864840240398337,We are one step closer to delivering MASSIVE tax cuts for working families across America. Special thanks to @SenateMajLdr Mitch McConnell and Chairman @SenOrrinHatch for shepherding our bill through the Senate. Look forward to signing a final bill before Christmas! https://t.co/gmWTny3SfS,f,f,Twitter for iPhone,59801,13417,2017-12-02 07:49:18+00:00,f,1
936713881711529986,Economists on the TAX CUTS and JOBS ACT:“The enactment of a comprehensive overhaul - complete with a lower corporate tax rate - will IGNITE our ECONOMY with levels of GROWTH not SEEN IN GENERATIONS...” https://t.co/2vCBDtLh3C,f,f,Twitter for iPhone,50418,12166,2017-12-01 21:49:27+00:00,f,1
936688444046266368,"The media has been speculating that I fired Rex Tillerson or that he would be leaving soon - FAKE NEWS! He’s not leaving and while we disagree on certain subjects, (I call the final shots) we work well together and America is highly respected again!https://t.co/FrqiPLFJ1E",f,f,Twitter for iPhone,75265,20431,2017-12-01 20:08:22+00:00,f,1
936646898408218626,RT @WhiteHouse: President Trump proclaims today as #WorldAIDSDay: https://t.co/AMqW8mWiak https://t.co/XGp8EelNzz,t,f,Twitter for iPhone,0,5252,2017-12-01 17:23:17+00:00,f,1
936555753946705920,Republicans Senators are working hard to pass the biggest Tax Cuts in the history of our Country. The Bill is getting better and better. This is a once in a generation chance. Obstructionist Dems trying to block because they think it is too good and will not be given the credit!,f,f,Twitter for iPhone,68622,13778,2017-12-01 11:21:06+00:00,f,1
936553863255031809,The jury was not told the killer of Kate was a 7 time felon. The Schumer/Pelosi Democrats are so weak on Crime that they will pay a big price in the 2018 and 2020 Elections.,f,f,Twitter for iPhone,99513,23582,2017-12-01 11:13:35+00:00,f,1
936551346299338752,"The Kate Steinle killer came back and back over the weakly protected Obama border, always committing crimes and being violent, and yet this info was not used in court. His exoneration is a complete travesty of justice. BUILD THE WALL!",f,f,Twitter for iPhone,107628,27202,2017-12-01 11:03:35+00:00,f,1
936437372706836480,A disgraceful verdict in the Kate Steinle case! No wonder the people of our Country are so angry with Illegal Immigration.,f,f,Twitter for iPhone,130184,34070,2017-12-01 03:30:42+00:00,f,1
935838073618870272,"Great, and we should boycott Fake News CNN. Dealing with them is a total waste of time! https://t.co/8zJ3j7g5el",f,f,Twitter for iPhone,55790,12620,2017-11-29 11:49:18+00:00,f,1
936395008139198464,"The Christmas Story begins 2,000 years ago with a mother, a father, their baby son and the most extraordinary gift of all—the gift of God’s love for all of humanity.Whatever our beliefs, we know that the birth of Jesus Christ and the story of his life... https://t.co/P94C3LjWlx",f,f,Twitter for iPhone,131600,39179,2017-12-01 00:42:21+00:00,f,1
936393574433939456,"Today is a day that I’ve been looking very much forward to ALL YEAR LONG. It is one that you have heard me speak about many times before. Now, as President of the United States, it is my tremendous honor to finally wish America and the world, a very MERRY CHRISTMAS! https://t.co/cTvdlUkfHV",f,f,Twitter for iPhone,96339,22844,2017-12-01 00:36:40+00:00,f,1
936351772603568130,Our FIFTH 1K milestone of 2017!#DOW24K #MAGA https://t.co/NoVt1uFp0y,f,f,Twitter for iPhone,45434,10067,2017-11-30 21:50:33+00:00,f,1
936339260218724353,"Today, it was my great honor to meet with the Crown Prince of Bahrain at the @WhiteHouse. Bahrain and the United States are important partners.During the Crown Prince’s visit, he is advancing $9 BILLION in commercial deals, including finalizing the purchase of F-16’s... https://t.co/vYuw7UGYmN",f,f,Twitter for iPhone,39629,8121,2017-11-30 21:00:50+00:00,f,1
936315571708289026,Thank you @SenOrrinHatch. Let’s continue MAKING AMERICA GREAT AGAIN! https://t.co/PIv9OAVZcf https://t.co/6egRvuwj1l,f,f,Twitter for iPhone,43938,11173,2017-11-30 19:26:42+00:00,f,1
936260193536573440,"The Dow just broke 24,000 for the first time (another all-time Record). If the Dems had won the Presidential Election, the Market would be down 50% from these levels and Consumer Confidence, which is also at an all-time high, would be “low and glum!”",f,f,Twitter for iPhone,83735,17042,2017-11-30 15:46:39+00:00,f,1
936219599422574592,Stock Market hits new Record High. Confidence and enthusiasm abound. More great numbers coming out!,f,f,Twitter for iPhone,74594,12411,2017-11-30 13:05:21+00:00,f,1
936209447747190784,"The Chinese Envoy, who just returned from North Korea, seems to have had no impact on Little Rocket Man. Hard to believe his people, and the military, put up with living in such horrible conditions. Russia and China condemned the launch.",f,f,Twitter for iPhone,63679,12999,2017-11-30 12:25:00+00:00,f,1
936206961728786432,The Failing @nytimes has totally gone against the Social Media Guidelines that they installed to preserve some credibility after many of their biased reporters went Rogue!  @foxandfriends,f,f,Twitter for iPhone,44733,9261,2017-11-30 12:15:08+00:00,f,1
936203511037136897,"The Failing @nytimes, the pipe organ for the Democrat Party, has become a virtual lobbyist for them with regard to our massive Tax Cut Bill. They are wrong so often that now I know we have a winner!",f,f,Twitter for iPhone,51997,11173,2017-11-30 12:01:25+00:00,f,1
936058006659321858,Funny to hear the Democrats talking about the National Debt when President Obama doubled it in only 8 years!,f,f,Twitter for iPhone,108861,28268,2017-11-30 02:23:14+00:00,f,1
936052257392676864,"""“Had the information (Crooked Hillary’s emails) been released there would have been harm to National Security....""""Charles McCulloughFmr Intel Comm Inspector General https://t.co/b0tLW5TVhX""",f,f,Twitter Media Studio,49012,16491,2017-11-30 02:00:23+00:00,f,1
936039501474025473,The only people who don’t like the Tax Cut Bill are the people that don’t understand it or the Obstructionist Democrats that know how really good it is and do not want the credit and success to go to the Republicans!,f,f,Twitter for iPhone,66935,14280,2017-11-30 01:09:42+00:00,f,1
935494673744965637,"RT @statedeptspox: #GES2017 highlights the important role of women #entrepreneurs &amp, demonstrates the importance of #innovation &amp, partnershi...",t,f,Twitter for iPhone,0,2805,2017-11-28 13:04:45+00:00,f,1
936037938898636800,The House of Representatives seeks contempt citations(?) against the JusticeDepartment and the FBI for withholding key documents and an FBI witness which could shed light on surveillance of associates of Donald Trump. Big stuff. Deep State. Give this information NOW! @FoxNews,f,f,Twitter for iPhone,60916,18613,2017-11-30 01:03:30+00:00,f,1
936037588372283392,".@Theresa_May, don’t focus on me, focus on the destructive Radical Islamic Terrorism that is taking place within the United Kingdom. We are doing just fine!",f,f,Twitter for iPhone,94846,29584,2017-11-30 01:02:06+00:00,f,1
936032830844555264,"Theresa @theresamay, don’t focus on me, focus on the destructive Radical Islamic Terrorism that is taking place within the United Kingdom. We are doing just fine!",f,t,Twitter for iPhone,14530,4860,2017-11-30 12:43:12+00:00,f,1
936032275980079104,"Now, we have a once in a lifetime opportunity to RESTORE AMERICAN PROSPERITY – and RECLAIM AMERICA’S DESTINY.But in order to achieve this bright and glowing future, the SENATE MUST PASS TAX CUTS – and bring Main Street roaring back to life!https://t.co/jMNwEMrbbr https://t.co/3Niu0thp1D",f,f,Twitter for iPhone,43721,9881,2017-11-30 00:40:59+00:00,f,1
936014271858831361,"A vote to CUT TAXES is a vote to PUT AMERICA FIRST. It is time to take care of OUR WORKERS, to protect OUR COMMUNITIES, and to REBUILD OUR GREAT COUNTRY! https://t.co/wW3QNxcCHf https://t.co/sRL2yRK6k2",f,f,Twitter for iPhone,40793,8887,2017-11-29 23:29:27+00:00,f,1
936005585019002887,"This week, the Senate can join the House &amp, take a strong stand for the Middle Class families who are the backbone of America. Together, we will give the American people a big, beautiful Christmas present-a massive tax cut that lets Americans keep more of their HARD-EARNED MONEY! https://t.co/9jddEW2Oo5",f,f,Twitter for iPhone,46046,9672,2017-11-29 22:54:56+00:00,f,1
935940131311190021,"Departing @JBA_NAFW for St. Charles, Missouri to help push our plan for HISTORIC TAX CUTS across the finish line.A successful vote in the Senate this week will bring us one giant step closer to delivering an incredible victory for the American people!https://t.co/jR1DEUnm2h https://t.co/XF9sRwdV8u",f,f,Twitter for iPhone,33949,6414,2017-11-29 18:34:50+00:00,f,1
935883355547160577,"Economy growing! Excluding hurricane effects, CEA estimates that real GDP growth would have been 3.9% in Q3.Stock market at a new high, unemployment at a low. We are winning and TAX CUTS will shift our economy into high gear! https://t.co/HrKIF72VqE",f,f,Twitter for iPhone,41014,9005,2017-11-29 14:49:14+00:00,f,1
935881037254725632,Just spoke to President XI JINPING of China concerning the provocative actions of North Korea. Additional major sanctions will be imposed on North Korea today. This situation will be handled!,f,f,Twitter for iPhone,85143,16145,2017-11-29 14:40:01+00:00,f,1
935874566701842434,So now that Matt Lauer is gone when will the Fake News practitioners at NBC be terminating the contract of Phil Griffin? And will they terminate low ratings Joe Scarborough based on the “unsolved mystery” that took place in Florida years ago? Investigate!,f,f,Twitter for iPhone,72335,18385,2017-11-29 14:14:19+00:00,f,1
935870484146683904,So now tha Matt Lauer is gone when will the Fake News practitioners at NBC be terminating the contract of Phil Griffin? And will they terminate low ratings Joe Scarborough based on the “unsolved mystery” that took place in Florida years ago? Investigate!,f,t,Twitter for iPhone,11146,3421,2017-11-29 01:58:05+00:00,f,1
935844881825763328,"Wow, Matt Lauer was just fired from NBC for “inappropriate sexual behavior in the workplace.” But when will the top executives at NBC &amp, Comcast be fired for putting out so much Fake News. Check out Andy Lack’s past!",f,f,Twitter for iPhone,83592,19692,2017-11-29 12:16:21+00:00,f,1
935833914761007114,".@foxandfriends, we are in record territory in all things having to do with our economy! https://t.co/VB0Ao3s18d",f,f,Twitter for iPhone,31460,6271,2017-11-29 11:32:46+00:00,f,1
935832847654576128,RT @EricTrump: #MakeAmericaGreatAgain https://t.co/Q7AiR0buM2,t,f,Twitter for iPhone,0,4280,2017-11-29 11:28:32+00:00,f,1
935713791765110785,Great day for Tax Cuts and the Republican Party. But the biggest Winner will be our great Country!,f,f,Twitter for iPhone,61062,10271,2017-11-29 03:35:27+00:00,f,1
935712632409030656,Great work Ivanka! https://t.co/AQL4JLvnDh,f,f,Twitter for iPhone,37324,5911,2017-11-29 03:30:50+00:00,f,1
935712056690577414,"Just won the lawsuit on leadership of Consumer Financial Protection Bureau, CFPB. A big win for the Consumer!",f,f,Twitter for iPhone,68321,12579,2017-11-29 03:28:33+00:00,f,1
935701139198181376,"Charles McCullough, the respected fmr Intel Comm Inspector General, said public was misled on Crooked Hillary Emails. “Emails endangered National Security.” Why aren’t our deep State authorities looking at this? Rigged &amp, corrupt? @TuckerCarlson @seanhannity",f,f,Twitter for iPhone,53533,15970,2017-11-29 02:45:10+00:00,f,1
935686205429157888,"After North Korea missile launch, it's more important than ever to fund our gov't &amp, military! Dems shouldn't hold troop funding hostage for amnesty &amp, illegal immigration. I ran on stopping illegal immigration and won big. They can't now threaten a shutdown to get their demands.",f,f,Twitter for iPhone,80465,18470,2017-11-29 01:45:50+00:00,f,1
935656027026051072,"RT @narendramodi: Had a wonderful meeting with @IvankaTrump, advisor to @POTUS and leader of the US delegation at the @GES2017. https://t.c...",t,f,Twitter for iPhone,0,9628,2017-11-28 23:45:55+00:00,f,1
935640578007687168,"“The Conference Board said that consumer sentiment was at its highest level in nearly 17 years in November. The Consumer Confidence Index rose from 126.2 in October to 129.5, notching its best reading since December 2000...” https://t.co/iNOtT3K8Vn",f,f,Twitter for iPhone,34359,7441,2017-11-28 22:44:31+00:00,f,1
935636972252618753,"Dow, S&amp,P 500 and Nasdaq all finished the day at new RECORD HIGHS! https://t.co/wJyB9d00hh",f,f,Twitter for iPhone,40212,8169,2017-11-28 22:30:12+00:00,f,1
935632396841562112,"Remarks from the Roosevelt Room with @SenateMajLdr Mitch McConnell, @SpeakerRyan and Secretary of Defense, General James Mattis. https://t.co/lZMqK5jBvh",f,f,Twitter Media Studio,28951,6515,2017-11-28 22:12:01+00:00,f,1
935545697360891904,“Statement from President Donald J. Trump on #GivingTuesday” https://t.co/NrfnmixAwR,f,f,Twitter for iPhone,25466,5606,2017-11-28 16:27:30+00:00,f,1
935513191374819328,RT @IvankaTrump: It was an honor to meet with you Prime Minister Modi. Thank you for co-hosting the 8th annual Global Entrepreneurship Summ...,t,f,Twitter for iPhone,0,7786,2017-11-28 14:18:20+00:00,f,1
935513049729028096,"Meeting with “Chuck and Nancy” today about keeping government open and working. Problem is they want illegal immigrants flooding into our Country unchecked, are weak on Crime and want to substantially RAISE Taxes. I don’t see a deal!",f,f,Twitter for iPhone,71356,15939,2017-11-28 14:17:46+00:00,f,1
935495996116742144,"RT @IvankaTrump: Thank you for the warm welcome. I’m excited to be in Hyderabad, India for #GES2017. https://t.co/1U08h5L9Rm",t,f,Twitter for iPhone,0,5784,2017-11-28 13:10:00+00:00,f,1
935494911989862401,"RT @FLOTUS: The decorations are up! @WhiteHouse is ready to celebrate! Wishing you a Merry Christmas &amp, joyous holiday season! https://t.co/...",t,f,Twitter for iPhone,0,36538,2017-11-28 13:05:42+00:00,f,1
935494208164651008,RT @FLOTUS: Had a wonderful visit from @JBA_NAFW children today at the @whitehouse! #WhiteHouseChristmas https://t.co/Hnw758zHzL,t,f,Twitter for iPhone,0,9653,2017-11-28 13:02:54+00:00,f,1
935493619204620288,"Melania, our great and very hard working First Lady, who truly loves what she is doing, always thought that “if you run, you will win.” She would tell everyone that, “no doubt, he will win.” I also felt I would win (or I would not have run) - and Country is doing great!",f,f,Twitter for iPhone,96152,14508,2017-11-28 13:00:34+00:00,f,1
935489831005810688,"At least 24 players kneeling this weekend at NFL stadiums that are now having a very hard time filling up. The American public is fed up with the disrespect the NFL is paying to our Country, our Flag and our National Anthem. Weak and out of control!",f,f,Twitter for iPhone,85059,15889,2017-11-28 12:45:30+00:00,f,1
935339687006429185,New home sales reach a 10 year high. Stock Market has more record gains. Hopefully Republican Senators will give us the much needed Tax Cuts to keep it all going! Democrats want big Tax Increases.,f,f,Twitter for iPhone,65520,12752,2017-11-28 02:48:53+00:00,f,1
935152378747195392,"The Tax Cut Bill is coming along very well, great support. With just a few changes, some mathematical, the middle class and job producers can get even more in actual dollars and savings and the pass through provision becomes simpler and really works well!",f,f,Twitter for iPhone,71081,12566,2017-11-27 14:24:36+00:00,f,1
935150368207654912,"The good news is that their ratings are terrible, nobody cares! https://t.co/I7h4Ryin3h",f,f,Twitter for iPhone,48695,9940,2017-11-27 14:16:36+00:00,f,1
935147410472480769,"We should have a contest as to which of the Networks, plus CNN and not including Fox, is the most dishonest, corrupt and/or distorted in its political coverage of your favorite President (me). They are all bad. Winner to receive the FAKE NEWS TROPHY!",f,f,Twitter for iPhone,129138,32024,2017-11-27 14:04:51+00:00,f,1
934961858380955648,"Back in D.C., big week for Tax Cuts and many other things of great importance to our Country.  Senate Republicans will hopefully come through for all of us. The Tax Cut Bill is getting better and better. The end result will be great for ALL!",f,f,Twitter for iPhone,73560,13270,2017-11-27 01:47:32+00:00,f,1
934896989539586054,"Since the first day I took office, all you hear is the phony Democrat excuse for losing the election, Russia, Russia,Russia.  Despite this I have the economy booming and have possibly done more than any 10 month President. MAKE AMERICA GREAT AGAIN!",f,f,Twitter for iPhone,130147,26771,2017-11-26 21:29:46+00:00,f,1
934792302341521408,I endorsed Luther Strange in the Alabama Primary. He shot way up in the polls but it wasn’t enough. Can’t let Schumer/Pelosi win this race. Liberal Jones would be BAD!,f,f,Twitter for iPhone,64956,14649,2017-11-26 14:33:47+00:00,f,1
934781939088629761,"The last thing we need in Alabama and the U.S. Senate is a Schumer/Pelosi puppet who is WEAK on Crime, WEAK on the Border, Bad for our Military and our great Vets, Bad for our 2nd Amendment, AND WANTS TO RAISES TAXES TO THE SKY. Jones would be a disaster!",f,f,Twitter for iPhone,85439,20449,2017-11-26 13:52:36+00:00,f,1
934563828834164739,"Wow, even I didn’t realize we did so much. Wish the Fake News would report! Thank you. https://t.co/ApVbu2b0Jd",f,f,Twitter for iPhone,56589,15531,2017-11-25 23:25:54+00:00,f,1
934551607596986368,".@FoxNews is MUCH more important in the United States than CNN, but outside of the U.S., CNN International is still a major source of (Fake) news, and they represent our Nation to the WORLD very poorly. The outside world does not see the truth from them!",f,f,Twitter for iPhone,94924,26371,2017-11-25 22:37:21+00:00,f,1
934542257222451206,"Check out the recent Editorial in the Wall Street Journal @WSJ about what a complete disaster the @CFPB has been under its leader from previous Administration, who just quit!",f,f,Twitter for iPhone,37441,7879,2017-11-25 22:00:11+00:00,f,1
934539256940417024,"The Consumer Financial Protection Bureau, or CFPB, has been a total disaster as run by the previous Administrations pick. Financial Institutions have been devastated and unable to properly serve the public. We will bring it back to life!",f,f,Twitter for iPhone,60320,11770,2017-11-25 21:48:16+00:00,f,1
934507210385829888,Happy #SmallBusinessSaturday!A great day to support your community and America’s JOB creators by shopping locally at a #SmallBiz. #ShopSmall https://t.co/pBQaBHvl7k,f,f,Twitter for iPhone,43572,8829,2017-11-25 19:40:55+00:00,f,1
934189999045693441,"Time Magazine called to say that I was PROBABLY going to be named “Man (Person) of the Year,” like last year, but I would have to agree to an interview and a major photo shoot. I said probably is no good and took a pass. Thanks anyway!",f,f,Twitter for iPhone,139152,33870,2017-11-24 22:40:26+00:00,f,1
934131805409697792,"Will be calling the President of Egypt in a short while to discuss the tragic terrorist attack, with so much loss of life. We have to get TOUGHER AND SMARTER than ever before, and we will. Need the WALL, need the BAN! God bless the people of Egypt.",f,f,Twitter for iPhone,85852,16154,2017-11-24 18:49:12+00:00,f,1
934080974773776384,"Horrible and cowardly terrorist attack on innocent and defenseless worshipers in Egypt. The world cannot tolerate terrorism, we must defeat them militarily and discredit the extremist ideology that forms the basis of their existence!",f,f,Twitter for iPhone,122082,26331,2017-11-24 15:27:13+00:00,f,1
934031535757582336,"After Turkey call I will be heading over to Trump National Golf Club, Jupiter, to play golf (quickly) with Tiger Woods and Dustin Johnson. Then back to Mar-a-Lago for talks on bringing even more jobs and companies back to the USA!",f,f,Twitter for iPhone,78071,11974,2017-11-24 12:10:46+00:00,f,1
934029886842458112,"Will be speaking to President Recep Tayyip Erdogan of Turkey this morning about bringing peace to the mess that I inherited in the Middle East. I will get it all done, but what a mistake, in lives and dollars (6 trillion), to be there in the first place!",f,f,Twitter for iPhone,57518,12255,2017-11-24 12:04:13+00:00,f,1
934026050388013056,"Can you believe that the disrespect for our Country, our Flag, our Anthem continues without penalty to the players. The Commissioner has lost control of the hemorrhaging league. Players are the boss! https://t.co/udXP5MR8BC",f,f,Twitter for iPhone,50359,11667,2017-11-24 11:48:58+00:00,f,1
933921775984967681,Two great people! https://t.co/5cVnMhnmuH,f,f,Twitter for iPhone,57070,11636,2017-11-24 04:54:37+00:00,f,1
933918671503753216,A great guy (with great ratings)! https://t.co/S0S6xqrjSC,f,f,Twitter for iPhone,54667,9261,2017-11-24 04:42:17+00:00,f,1
933917690552573952,RT @DeptofDefense: #HappyThanksgiving from @USArmy and @USNationalGuard #soldiers serving with Task Force Marauder in #Afghanistan. 🦃 https...,t,f,Twitter for iPhone,0,5934,2017-11-24 04:38:23+00:00,f,1
933917415028772864,"RT @Scavino45: Today, @POTUS @realDonaldTrump and @FLOTUS Melania visit the @USCG at the Lake Worth Inlet Station, in Riviera Beach, Florid...",t,f,Twitter for iPhone,0,5460,2017-11-24 04:37:17+00:00,f,1
933837062293291008,"ObamaCare premiums are going up, up, up, just as I have been predicting for two years. ObamaCare is OWNED by the Democrats, and it is a disaster. But do not worry. Even though the Dems want to Obstruct, we will Repeal &amp, Replace right after Tax Cuts!",f,f,Twitter for iPhone,75706,14607,2017-11-23 23:18:00+00:00,f,1
933831194558582784,"My great honor to join our incredible men and women of the @USCG, at the Lake Worth Inlet Station, in Riviera Beach, Florida today!#HappyThanksgiving https://t.co/C35HR9opbP",f,f,Twitter for iPad,49085,8786,2017-11-23 22:54:41+00:00,f,1
933692459351265280,"Will be doing a live Thanksgiving Video Teleconference with Members of the Military at 9:00 A.M.  Afghanistan, Iraq, USS Monterey, Turkey &amp, Bahrain. Then going to Coast Guard Quarters, Florida.",f,f,Twitter for iPhone,44091,6604,2017-11-23 13:43:24+00:00,f,1
933662564587855877,MAKE AMERICA GREAT AGAIN!,f,f,Twitter for iPhone,123428,28352,2017-11-23 11:44:36+00:00,f,1
933659179348299776,@ThePlumLineGS MAKE AMERICA GREAT AGAIN!,f,f,Twitter for iPhone,7560,2917,2017-11-23 11:31:09+00:00,f,1
933658521828315136,"HAPPY THANKSGIVING, your Country is starting to do really well. Jobs coming back, highest Stock Market EVER, Military getting really strong, we will build the WALL, V.A. taking care of our Vets, great Supreme Court Justice, RECORD CUT IN REGS, lowest unemployment in 17 years....!",f,f,Twitter for iPhone,176020,34473,2017-11-23 11:28:32+00:00,f,1
933517194142584833,....And it will get even better with Tax Cuts! https://t.co/75wozGJQoP,f,f,Twitter for iPhone,42794,7889,2017-11-23 02:06:57+00:00,f,1
933448074348900354,I have long given the order to help Argentina with the Search and Rescue mission of their missing submarine. 45 people aboard and not much time left. May God be with them and the people of Argentina!,f,f,Twitter for iPhone,106996,20574,2017-11-22 21:32:18+00:00,f,1
933446283632824321,51 Million American to travel this weekend - highest number in twelve years (AAA). Traffic and airports are running very smoothly!  @FoxNews,f,f,Twitter for iPhone,53613,8549,2017-11-22 21:25:11+00:00,f,1
933443640881569792,RT @FLOTUS: Preparations are underway to celebrate the holidays at the @WhiteHouse! https://t.co/N5qZ1NP8ez,t,f,Twitter for iPhone,0,12123,2017-11-22 21:14:41+00:00,f,1
933319309551685633,The @USNavy is conducting search and rescue following aircraft crash. We are monitoring the situation. Prayers for all involved. https://t.co/1AxmegKqvu,f,f,Twitter for iPhone,43271,8621,2017-11-22 13:00:38+00:00,f,1
933301876975718401,Will be having meetings and working the phones from the Winter White House in Florida (Mar-a-Lago). Stock Market hit new Record High yesterday - $5.5 trillion gain since E. Many companies coming back to the U.S. Military building up and getting very strong.,f,f,Twitter for iPhone,65713,12203,2017-11-22 11:51:22+00:00,f,1
933292289211772929,"RT @IngrahamAngle: “Far right”? You mean “right so far,” as in @realDonaldTrump has been right so far abt how to kick the economy into high...",t,f,Twitter for iPhone,0,7479,2017-11-22 11:13:16+00:00,f,1
933291745722351617,"RT @Realjmannarino: @realDonaldTrump The ungratefulness is something I’ve never seen before. If you get someone’s son out of prison, he sho...",t,t,Twitter for iPhone,0,8539,2017-11-22 11:11:06+00:00,f,1
933291075342540800,Another Crooked Hillary Fan! https://t.co/1LidydhORD,f,t,Twitter for iPhone,70,38,2017-11-22 11:08:26+00:00,f,1
933285973277868032,The NFL is now thinking about a new idea - keeping teams in the Locker Room during the National Anthem next season. That’s almost as bad as kneeling! When will the highly paid Commissioner finally get tough and smart? This issue is killing your league!.....,f,f,Twitter for iPhone,101847,19737,2017-11-22 10:48:10+00:00,f,1
933282274937733126,"...LaVar, you could have spent the next 5 to 10 years during Thanksgiving with your son in China, but no NBA contract to support you. But remember LaVar, shoplifting is NOT a little thing. It’s a really big deal, especially in China. Ungrateful fool!",f,f,Twitter for iPhone,135381,30028,2017-11-22 10:33:28+00:00,f,1
933280234220134401,"It wasn’t the White House, it wasn’t the State Department, it wasn’t father LaVar’s so-called people on the ground in China that got his son out of a long term prison sentence - IT WAS ME. Too bad! LaVar is just a poor man’s version of Don King, but without the hair. Just think..",f,f,Twitter for iPhone,105092,25202,2017-11-22 10:25:22+00:00,f,1
933105158275325952,"Today, we continued a wonderful American Tradition at the White House. Drumstick and Wishbone will live out their days in the beautiful Blue Ridge Mountains at Gobbler’s Rest... https://t.co/fsS8B8f5UR",f,f,Twitter for iPhone,63604,11488,2017-11-21 22:49:40+00:00,f,1
933038654171344896,President Donald J. Trump and @FLOTUS Melania Participate in the Pardoning of the National Thanksgiving Turkey at the White House. https://t.co/Zauqz4jfWv,f,f,Twitter for iPhone,54203,11571,2017-11-21 18:25:24+00:00,f,1
932578255810498560,Under President Trump unemployment rate will drop below 4%.  Analysts predict economic boom for 2018!  @foxandfriends and @Varneyco,f,f,Twitter for iPhone,66187,13828,2017-11-20 11:55:57+00:00,f,1
932570628451954688,Marshawn Lynch of the NFL’s Oakland Raiders stands for the Mexican Anthem and sits down to boos for our National Anthem. Great disrespect! Next time NFL should suspend him for remainder of season. Attendance and ratings way down.,f,f,Twitter for iPhone,131668,28916,2017-11-20 11:25:38+00:00,f,1
932433668068528131,Republican Senators are working very hard to get Tax Cuts and Tax Reform approved. Hopefully it will not be long and they do not want to disappoint the American public!,f,f,Twitter for iPhone,62420,11504,2017-11-20 02:21:24+00:00,f,1
932420488642617344,"Border Patrol Officer killed at Southern Border, another badly hurt. We will seek out and bring to justice those responsible. We will, and must, build the Wall!",f,f,Twitter for iPhone,126210,28175,2017-11-20 01:29:02+00:00,f,1
932397369655808001,Big-game trophy decision will be announced next week but will be very hard pressed to change my mind that this horror show in any way helps conservation of Elephants or any other animal.,f,f,Twitter for iPhone,55260,10357,2017-11-19 23:57:10+00:00,f,1
932392209445457920,"Shoplifting is a very big deal in China, as it should be (5-10 years in jail), but not to father LaVar. Should have gotten his son out during my next trip to China instead. China told them why they were released. Very ungrateful!",f,f,Twitter for iPhone,113563,23156,2017-11-19 23:36:40+00:00,f,1
932388590344196096,"Sen. Jeff Flake(y), who is unelectable in the Great State of Arizona (quit race, anemic polls) was caught (purposely) on “mike” saying bad things about your favorite President. He’ll be a NO on tax cuts because his political career anyway is “toast.”",f,f,Twitter for iPhone,58026,12360,2017-11-19 23:22:17+00:00,f,1
932303108146892801,"Now that the three basketball players are out of China and saved from years in jail, LaVar Ball, the father of LiAngelo, is unaccepting of what I did for his son and that shoplifting is no big deal. I should have left them in jail!",f,f,Twitter for iPhone,233546,59986,2017-11-19 17:42:36+00:00,f,1
931882145181773826,RT @greta: Thank you @realDonaldTrump - this is important to so many of us https://t.co/zJAfZByQKX,t,f,Twitter for iPhone,0,7238,2017-11-18 13:49:51+00:00,f,1
931882044044529665,"RT @piersmorgan: BOOM! Thank you, Mr President. Trophy-hunting is repellent. https://t.co/iEPfEQNX4t",t,f,Twitter for iPhone,0,5304,2017-11-18 13:49:27+00:00,f,1
931877599034388480,"Crooked Hillary Clinton is the worst (and biggest) loser of all time. She just can’t stop, which is so good for the Republican Party. Hillary, get on with your life and give it another try in three years!",f,f,Twitter for iPhone,160661,39642,2017-11-18 13:31:47+00:00,f,1
931685146415255552,Put big game trophy decision on hold until such time as I review all conservation facts. Under study for years. Will update soon with Secretary Zinke. Thank you!,f,f,Twitter for iPhone,108652,18309,2017-11-18 00:47:03+00:00,f,1
931661592135168000,"Today, it was an honor to celebrate the Collegiate National Champions of 2016/2017 at the @WhiteHouse! #NCAAChampions🏆Photos: https://t.co/Ecl2phhzyl https://t.co/w8jE24pLwa",f,f,Twitter for iPhone,46431,8520,2017-11-17 23:13:27+00:00,f,1
931538234169069568,"Together, we're going to restore safety to our streets and peace to our communities, and we're going to destroy the vile criminal cartel, #MS13, and many other gangs...'Hundreds arrested in MS-13 crackdown'https://t.co/Mp268d8RaU https://t.co/mrynwnTuoO",f,f,Twitter Web Client,63094,15218,2017-11-17 15:03:16+00:00,f,1
931477193255014400,"If Democrats were not such obstructionists and understood the power of lower taxes, we would be able to get many of their ideas into Bill!",f,f,Twitter for iPhone,83553,16732,2017-11-17 11:00:43+00:00,f,1
931469365538672640,"Great numbers on Stocks and the Economy. If we get Tax Cuts and Reform, we'll really see some great results!",f,f,Twitter for iPhone,62879,11347,2017-11-17 10:29:37+00:00,f,1
931360196554821632,.And to think that just last week he was lecturing anyone who would listen about sexual harassment and respect for women. Lesley Stahl tape?,f,f,Twitter for iPhone,69989,15169,2017-11-17 03:15:49+00:00,f,1
931357870024687616,"The Al Frankenstien picture is really bad, speaks a thousand words. Where do his hands go in pictures 2, 3, 4, 5 &amp, 6 while she sleeps? .....",f,f,Twitter for iPhone,70390,17537,2017-11-17 03:06:34+00:00,f,1
931355543096233985,"Big win today in the House for GOP Tax Cuts and Reform, 227-205. Zero Dems, they want to raise taxes much higher, but not for our military!",f,f,Twitter for iPhone,53307,9934,2017-11-17 02:57:19+00:00,f,1
931254609041068032,Congratulations to the House of Representatives for passing the #TaxCutsandJobsAct — a big step toward fulfilling our promise to deliver historic TAX CUTS for the American people by the end of the year! https://t.co/8FjefMj6hh,f,f,Twitter for iPhone,56902,12535,2017-11-16 20:16:15+00:00,f,1
931223807037263873,Need all on the UN Security Council to vote to renew the Joint Investigative Mechanism for Syria to ensure that Assad Regime does not commit mass murder with chemical weapons ever again.,f,f,Twitter Web Client,55188,10738,2017-11-16 18:13:51+00:00,f,1
931140567089721344,"China is sending an Envoy and Delegation to North Korea - A big move, we'll see what happens!",f,f,Twitter for iPhone,76213,15217,2017-11-16 12:43:05+00:00,f,1
931123400810037248,"....your release possible and, HAVE A GREAT LIFE! Be careful, there are many pitfalls on the long and winding road of life!",f,f,Twitter for iPhone,78334,13202,2017-11-16 11:34:52+00:00,f,1
931122234437046272,"To the three UCLA basketball players I say:  You're welcome, go out and give a big Thank You to President Xi Jinping of China who made.....",f,f,Twitter for iPhone,74556,14017,2017-11-16 11:30:14+00:00,f,1
930982399202217984,Big vote tomorrow in the House. Tax cuts are getting close!,f,f,Twitter for iPhone,59225,9314,2017-11-16 02:14:35+00:00,f,1
930981685658902528,Why are Democrats fighting massive tax cuts for the middle class and business (jobs)? The reason: Obstruction and Delay!,f,f,Twitter for iPhone,84600,18420,2017-11-16 02:11:45+00:00,f,1
930840960346611712,It is actually hard to believe how naive (or dumb) the Failing @nytimes is when it comes to foreign policy...weak and ineffective!,f,f,Twitter for iPhone,60291,11681,2017-11-15 16:52:33+00:00,f,1
930837616714571776,"...They should realize that these relationships are a good thing, not a bad thing. The U.S. is being respected again. Watch Trade!",f,f,Twitter for iPhone,70955,12005,2017-11-15 16:39:16+00:00,f,1
930836707095863296,"The failing @nytimes hates the fact that I have developed a great relationship with World leaders like Xi Jinping, President of China.....",f,f,Twitter for iPhone,55267,10840,2017-11-15 16:35:39+00:00,f,1
930815626460921856,Do you think the three UCLA Basketball Players will say thank you President Trump? They were headed for 10 years in jail!,f,f,Twitter for iPhone,139791,33920,2017-11-15 15:11:53+00:00,f,1
930751807101562881,Thank you! https://t.co/EQMwv1XbiM,f,f,Twitter for iPhone,40142,8309,2017-11-15 10:58:18+00:00,f,1
930750650010480640,"Thank you, working hard! https://t.co/TmNdNPBJ3m",f,f,Twitter for iPhone,26656,3909,2017-11-15 10:53:42+00:00,f,1
930748627642998784,"While in the Philippines I was forced to watch @CNN, which I have not done in months, and again realized how bad, and FAKE, it is. Loser!",f,f,Twitter for iPhone,111906,24731,2017-11-15 10:45:39+00:00,f,1
930747213659197441,".@foxandfriends will be showing much of our successful trip to Asia, and the friendships &amp, benefits that will endure for years to come!",f,f,Twitter for iPhone,43884,7341,2017-11-15 10:40:02+00:00,f,1
930744931609694208,Our great country is respected again in Asia. You will see the fruits of our long but successful trip for many years to come!,f,f,Twitter for iPhone,77421,13055,2017-11-15 10:30:58+00:00,f,1
930743631954305024,"RT @Scavino45: 20,295 miles later #POTUSinAsia has successfully concluded as @POTUS @realDonaldTrump lands on the South Lawn of @WhiteHouse...",t,f,Twitter for iPhone,0,7085,2017-11-15 10:25:48+00:00,f,1
930742813599334402,"RT @realDonaldTrump: Unemployment is down to 4.1%, lowest in 17 years. 1.5 million new jobs created since I took office. Highest stock Mark...",t,f,Twitter for iPhone,0,30564,2017-11-15 10:22:33+00:00,f,1
930742717721739264,"RT @PChowka: Sean Hannity's Big Week - Top Ratings, Probing Reporting, and Let There Be Light at American Thinker https://t.co/b0RxpZd3Lb h...",t,f,Twitter for iPhone,0,3070,2017-11-15 10:22:10+00:00,f,1
930742569092435968,RT @realDonaldTrump: Thank you to our GREAT Military/Veterans and @PacificCommand.Remember #PearlHarbor. Remember the @USSArizona!A day...,t,f,Twitter for iPhone,0,15691,2017-11-15 10:21:35+00:00,f,1
930657178544984066,Just returned from Asia after 12 very successful days. Great to be home!,f,f,Twitter for iPhone,71518,9080,2017-11-15 04:42:16+00:00,f,1
930655291569524736,"May God be with the people of Sutherland Springs, Texas. The FBI and Law Enforcement has arrived.",f,t,Twitter for iPhone,36579,6540,2017-11-15 04:34:46+00:00,f,1
930490487903084544,THANK YOU ASIA! #USA🇺🇸 https://t.co/FziKSbrzcu,f,f,Twitter for iPhone,73334,16031,2017-11-14 17:39:54+00:00,f,1
930362633852735488,THANK YOU to the amazing staff and their families of the United States Embassy in the Philippines. Keep up the GREAT WORK! https://t.co/3ABVXTsJM0,f,f,Twitter for iPhone,46985,8182,2017-11-14 09:11:51+00:00,f,1
930346433177378817,"One of the most accurate polls last time around. But #FakeNews likes to say we’re in the 30’s. They are wrong. Some people think numbers could be in the 50's. Together, WE will MAKE AMERICA GREAT AGAIN! https://t.co/YhrwkdObhP",f,f,Twitter Web Client,54442,12057,2017-11-14 08:07:29+00:00,f,1
930320191699017730,I will be making a major statement from the @WhiteHouse upon my return to D.C. Time and date to be set.,f,f,Twitter for iPhone,71417,15196,2017-11-14 06:23:12+00:00,f,1
930305984077156352,"Just arrived at #ASEAN50 in the Philippines for my final stop with World Leaders. Will lead to FAIR TRADE DEALS, unlike the horror shows from past Administrations. Will then be leaving for D.C. Made many good friends!",f,f,Twitter Web Client,40479,6606,2017-11-14 05:26:45+00:00,f,1
917114761057357824,FEMA and first responders are working hard (yet again) on Hurricane Nate. Military helping. Very much under control!,f,f,Twitter for iPhone,55919,9150,2017-10-08 19:49:32+00:00,f,1
930304414564352000,"After my tour of Asia, all Countries dealing with us on TRADE know that the rules have changed. The United States has to be treated fairly and in a reciprocal fashion. The massive TRADE deficits must go down quickly!",f,f,Twitter Web Client,70782,13236,2017-11-14 05:20:31+00:00,f,1
930301344342265857,Great to see @RandPaul looking well and back on the Senate floor. He will help us with TAX CUTS and REFORM!,f,f,Twitter Web Client,48115,8451,2017-11-14 05:08:19+00:00,f,1
930259298407419904,Excited to be heading home to see the House pass a GREAT Tax Bill with the middle class getting big TAX CUTS!#MakeAmericaGreatAgain🇺🇸,f,f,Twitter for iPhone,65538,11377,2017-11-14 02:21:14+00:00,f,1
930089374187950081,"I am proud of the Rep. House &amp, Senate for working so hard on cutting taxes {&amp, reform.} We’re getting close! Now, how about ending the unfair &amp, highly unpopular Indiv Mandate in OCare &amp, reducing taxes even further? Cut top rate to 35% w/all of the rest going to middle income cuts?",f,f,Twitter Web Client,65625,12942,2017-11-13 15:06:01+00:00,f,1
930087113764327424,"Happy to announce, I am nominating Alex Azar to be the next HHS Secretary. He will be a star for better healthcare and lower drug prices!",f,f,Twitter for iPhone,59383,9974,2017-11-13 14:57:02+00:00,f,1
930050967067820032,"Will be leaving the Philippines tomorrow after many days of constant mtgs &amp, work in order to #MAGA! My promises are rapidly being fulfilled.",f,f,Twitter for iPhone,61180,10811,2017-11-13 12:33:24+00:00,f,1
930049882949345281,"Great day of bilateral meetings at #ASEANSummit on trade, which we are turning around to be great deals for our country! https://t.co/2ahAvm4n9s",f,f,Twitter for iPhone,37137,6739,2017-11-13 12:29:06+00:00,f,1
929717762422988801,Thank you! https://t.co/TD0rYcWN8C,f,f,Twitter for iPhone,51854,8421,2017-11-12 14:29:22+00:00,f,1
929670192434745344,"We had a wonderful visit to Vietnam, thank you President Tran Dai Quang! Heading to the #ASEANSummit 50th Anniv Gala in the Philippines now. https://t.co/WfSd8EE3Nm",f,f,Twitter for iPhone,49459,8516,2017-11-12 11:20:20+00:00,f,1
929655283181391874,"Just landed in the Philippines after a great day of meetings and events in Hanoi, Vietnam! https://t.co/YxHRNhhPWo",f,f,Twitter for iPhone,61200,8455,2017-11-12 10:21:06+00:00,f,1
929651728726798336,"Just landed in the Philippines after a great day of meetings and events in Hanoi, Vietnam!",f,t,Twitter for iPhone,3751,869,2017-11-12 10:06:58+00:00,f,1
928098389966942208,Anyone who doubts the strength or determination of the U.S. should look to our past....and you will doubt it no longer. https://t.co/zyuYc0fIH6,f,f,Twitter Web Client,44263,9585,2017-11-08 03:14:34+00:00,f,1
929511061954297857,"""Why would Kim Jong-un insult me by calling me """"old,"""" when I would NEVER call him """"short and fat?"""" Oh well, I try so hard to be his friend - and maybe someday that will happen!""",f,f,Twitter Web Client,534338,217199,2017-11-12 00:48:01+00:00,f,1
929509950811881472,"Does the Fake News Media remember when Crooked Hillary Clinton, as Secretary of State, was begging Russia to be our friend with the misspelled reset button? Obama tried also, but he had zero chemistry with Putin.",f,f,Twitter Web Client,99174,22060,2017-11-12 00:43:36+00:00,f,1
929503641014112256,"When will all the haters and fools out there realize that having a good relationship with Russia is a good thing, not a bad thing. There always playing politics - bad for our country. I want to solve North Korea, Syria, Ukraine, terrorism, and Russia can greatly help!",f,f,Twitter Web Client,131816,30650,2017-11-12 00:18:32+00:00,f,1
929503025512693760,"Met with President Putin of Russia who was at #APEC meetings. Good discussions on Syria. Hope for his help to solve, along with China the dangerous North Korea crisis. Progress being made.",f,f,Twitter Web Client,62567,11885,2017-11-12 00:16:05+00:00,f,1
929492850101940225,"Will be doing a joint press conference in Hanoi, Vietnam then heading for final destination of trip, the Phillipines.",f,f,Twitter for iPhone,49023,7365,2017-11-11 23:35:39+00:00,f,1
929492038231429120,President Xi of China has stated that he is upping the sanctions against #NoKo. Said he wants them to denuclearize. Progress is being made.,f,f,Twitter for iPhone,65052,12487,2017-11-11 23:32:25+00:00,f,1
929326786709807105,“Presidential Proclamation Commemorating the 50th Anniversary of the Vietnam War” ➡️https://t.co/hgUQP9leqK ➡️https://t.co/9C0yyIv9Ws https://t.co/f9snmRUA4a,f,f,Twitter for iPhone,48580,9854,2017-11-11 12:35:46+00:00,f,1
929320777668628480,"On this wonderful Veterans Day, I want to express the incredible gratitude of the entire American Nation to our GREAT VETERANS. Thank you! https://t.co/GhQbCA7yII",f,f,Twitter Media Studio,100880,24575,2017-11-11 12:11:53+00:00,f,1
928969836897583104,"On behalf of an entire nation, Happy 242nd Birthday to the men and women of the United States Marines!#USMC242 #SemperFi https://t.co/ecgoSJP5Uc",f,f,Twitter for iPhone,86757,19597,2017-11-10 12:57:23+00:00,f,1
928936220360503296,The United States has been reminded time and again in recent years that economic security is not merely RELATED to national security - economic security IS national security. It is vital to our national strength. #APEC2017 https://t.co/8gKQUhit2X,f,f,Twitter Web Client,49027,10856,2017-11-10 10:43:48+00:00,f,1
928933135806488577,The United States has been reminded time and again in recent years that economic security is not merely RELATED to national security -economic security IS national security. It is vital to our national strength. #APEC2017 https://t.co/mGPeyZEyqm,f,t,Twitter Web Client,1700,497,2017-11-10 10:31:32+00:00,f,1
928931835664465921,The United States is prepared to work with each of the leaders in this room today to achieve mutually beneficial commerce that is in the interests of both your countries and mine. That is the message I am here to deliver today. #APEC2017 https://t.co/CM3Hqt16A8,f,f,Twitter Web Client,41694,8749,2017-11-10 10:26:22+00:00,f,1
928926863375794176,"Today I am here to offer a renewed partnership with America -- to work together to strengthen the bonds of friendship and commerce between all of the nations of the Indo-Pacific, and together, to promote our prosperity and security. #APEC2017 https://t.co/gN2YbS9CYB",f,f,Twitter Web Client,36802,7316,2017-11-10 10:06:37+00:00,f,1
928922787938385920,"In more and more places throughout this region, citizens of SOVEREIGN and INDEPENDENT nations have taken greater control of their destinies, and unlocked the potential of their people. #APEC2017 https://t.co/a570IIGe0I",f,f,Twitter Web Client,33721,6738,2017-11-10 09:50:25+00:00,f,1
928918183104225280,"Throughout my travels, I've had the pleasure of sharing the good news from America. I've had the honor of sharing our vision for a free &amp, open Indo-Pacific -- a place where sovereign &amp, independent nations, w/diverse cultures &amp, many different dreams, can all prosper side-by-side. https://t.co/qBOCY3u7YV",f,f,Twitter Web Client,44225,8915,2017-11-10 09:32:07+00:00,f,1
928861178113040385,"Just landed in Da Nang, Vietnam to deliver a speech at #APEC2017",f,f,Twitter for iPhone,43462,5973,2017-11-10 05:45:36+00:00,f,1
928793643367960576,"I am leaving China for #APEC2017 in Vietnam. @FLOTUS Melania is staying behind to see the zoo, and of course, the Great WALL of China before going to Alaska to greet our AMAZING troops.",f,f,Twitter Web Client,60918,10549,2017-11-10 01:17:15+00:00,f,1
927397233741492225,"...Americans do what we do best: we pull together. We join hands. We lock arms and through the tears and the sadness, we stand strong... https://t.co/qkCPgtKGkA",f,f,Twitter Web Client,72729,14302,2017-11-06 04:48:25+00:00,f,1
928770248370728960,My meetings with President Xi Jinping were very productive on both trade and the subject of North Korea. He is a highly respected and powerful representative of his people. It was great being with him and Madame Peng Liyuan!,f,f,Twitter Web Client,70145,11679,2017-11-09 23:44:17+00:00,f,1
928769154345324544,"I don’t blame China, I blame the incompetence of past Admins for allowing China to take advantage of the U.S. on trade leading up to a point where the U.S. is losing $100's of billions. How can you blame China for taking advantage of people that had no clue? I would've done same!",f,f,Twitter Web Client,114156,22730,2017-11-09 23:39:56+00:00,f,1
928622838487007260,In the coming months and years ahead I look forward to building an even STRONGER relationship between the United States and China. 🇺🇸🇨🇳 https://t.co/mK3SB7t3EV,f,f,Twitter for iPhone,80535,16142,2017-11-09 13:58:32+00:00,f,1
928519663780208640,"President Xi, thank you for such an incredible welcome ceremony. It was a truly memorable and impressive display! 📸https://t.co/J9x51h1LBe https://t.co/g4Z7mO5cV9",f,f,Twitter for iPhone,78661,15284,2017-11-09 07:08:33+00:00,f,1
928325667556548608,Congratulations to all of the ”DEPLORABLES” and the millions of people who gave us a MASSIVE (304-227) Electoral College landslide victory! https://t.co/7ifv5gT7Ur,f,f,Twitter for iPhone,116089,29474,2017-11-08 18:17:41+00:00,f,1
928286153672970240,Looking forward to a full day of meetings with President Xi and our delegations tomorrow. THANK YOU for the beautiful welcome China! @FLOTUS Melania and I will never forget it! https://t.co/sQoUWIGAiQ,f,f,Twitter Web Client,54659,10680,2017-11-08 15:40:40+00:00,f,1
928279728125108225,NoKo has interpreted America's past restraint as weakness. This would be a fatal miscalculation. Do not underestimate us. AND DO NOT TRY US. https://t.co/4llqLrNpK3,f,f,Twitter Media Studio,74435,18453,2017-11-08 15:15:08+00:00,f,1
928267692645036032,"On behalf of @FLOTUS Melania and I, THANK YOU for an unforgettable afternoon and evening at the Forbidden City in Beijing, President Xi and Madame Peng Liyuan. We are looking forward to rejoining you tomorrow morning! https://t.co/ma0F7SHbVU",f,f,Twitter Web Client,51462,10195,2017-11-08 14:27:18+00:00,f,1
928124338343202816,Leaving South Korea now heading to China. Looking very much forward to meeting and being with President Xi!,f,f,Twitter for iPhone,61246,8889,2017-11-08 04:57:40+00:00,f,1
928105793366392832,"Together, we dream of a Korea that is free, a peninsula that is safe, and families that are reunited once again! https://t.co/9tsZRCC83j",f,f,Twitter Web Client,45080,10060,2017-11-08 03:43:59+00:00,f,1
928097817037627393,"The North Korean regime has pursued its nuclear &amp, ballistic missile programs in defiance of every assurance, agreement, &amp, commmitment it has made to the U.S. and its allies. It's broken all of those commitments... https://t.co/xJ4jUpA8d8",f,f,Twitter Web Client,36338,8059,2017-11-08 03:12:17+00:00,f,1
928097146993369088,"The U.S., under my administration, is completely rebuilding its military, and they're spending hundreds of billions of dollars to the newest and finest military equipment anywhere in the world, being built right now. I want peace through strength! https://t.co/2YXkIvRIFi",f,f,Twitter Web Client,50872,11385,2017-11-08 03:09:37+00:00,f,1
928083235040579584,Join me LIVE in South Korea🇺🇸🇰🇷#NationalAssembly #POTUSinAsia ➡️https://t.co/M3iEhPdkas https://t.co/hSxdtd2UnY,f,f,Twitter for iPhone,25134,4527,2017-11-08 02:14:20+00:00,f,1
928074747316928513,"Ed Gillespie worked hard but did not embrace me or what I stand for. Don’t forget, Republicans won 4 out of 4 House seats, and with the economy doing record numbers, we will continue to win, even bigger than before!",f,f,Twitter Web Client,67996,14611,2017-11-08 01:40:37+00:00,f,1
928064591665467393,"Getting ready to make a major speech to the National Assembly here in South Korea, then will be headed to China where I very much look forward to meeting with President Xi who is just off his great political victory.",f,f,Twitter Web Client,52660,8390,2017-11-08 01:00:15+00:00,f,1
928016742575738882,"Thank you to all Americans who participated in Nat'l Rx Drug Take Back Day. A record amount of drugs collected &amp, disposed. We can do this!",f,f,Twitter for iPhone,53484,8422,2017-11-07 21:50:07+00:00,f,1
927906208203276288,"Franklin, such a great photo. HAPPY 99th BIRTHDAY to your father, @BillyGraham! https://t.co/l0c7RvvOa1",f,f,Twitter for iPhone,51177,9966,2017-11-07 14:30:54+00:00,f,1
927852358209622016,".@EdWGillespie will totally turn around the high crime and poor economic performance of VA. MS-13 and crime will be gone. Vote today, ASAP!",f,f,Twitter for iPhone,43850,9920,2017-11-07 10:56:55+00:00,f,1
927851452185407490,....and has been horrible on Virginia economy. Vote @EdWGillespie today!,f,f,Twitter for iPhone,29091,5434,2017-11-07 10:53:19+00:00,f,1
927851387857367040,"Ralph Northam will allow crime to be rampant in Virginia. He’s weak on crime, weak on our GREAT VETS, Anti-Second Amendment....",f,f,Twitter for iPhone,42746,10057,2017-11-07 10:53:04+00:00,f,1
927847471321141249,"....is making. Working very hard on TAX CUTS for the middle class, companies and jobs!",f,f,Twitter for iPhone,36265,5436,2017-11-07 10:37:30+00:00,f,1
927847349648609280,Stock market hit yet another all-time record high yesterday. There is great confidence in the moves that my Administration....,f,f,Twitter for iPhone,52881,9061,2017-11-07 10:37:01+00:00,f,1
927844454957850625,Thank you to President Moon of South Korea for the beautiful welcoming ceremony. It will always be remembered. https://t.co/bMvJz1iV2a,f,f,Twitter Media Studio,59971,17685,2017-11-07 10:25:31+00:00,f,1
927802776737984513,"It was my great honor to have lunch with our INCREDIBLE U.S. and ROK troops at Camp Humphreys, in South Korea. 🇺🇸🇰🇷 https://t.co/5NJirz4iNM https://t.co/kNLyONhBCC",f,f,Twitter for iPhone,46958,11711,2017-11-07 07:39:54+00:00,f,1
927715648477724672,RT @AbeShinzo: トランプ大統領による、初の、歴史的な日本訪問は、間違いなく、日米同盟の揺るぎない絆を世界に示すことができました。本当にありがとう、ドナルド。そして、アジア歴訪の大成功をお祈りしています。@realDonaldTrump https://t....,t,f,Twitter for iPhone,0,20549,2017-11-07 01:53:41+00:00,f,1
927704104222076928,RT @realDonaldTrump: #USA🇺🇸 #Japan🇯🇵 https://t.co/EvxFqAVnFS,t,t,Twitter for iPhone,0,13470,2017-11-07 01:07:49+00:00,f,1
927673257230327808,....Some of those they are harshly treating have been “milking” their country for years!,f,f,Twitter for iPhone,38019,79053,2017-11-06 23:05:14+00:00,f,1
927672843504177152,"I have great confidence in King Salman and the Crown Prince of Saudi Arabia, they know exactly what they are doing....",f,f,Twitter for iPhone,66076,68389,2017-11-06 23:03:35+00:00,f,1
927648870796070912,"Getting ready to leave for South Korea and meetings with President Moon, a fine gentleman. We will figure it all out!",f,f,Twitter for iPhone,64161,10367,2017-11-06 21:28:20+00:00,f,1
927645648685551616,"My visit to Japan and friendship with PM Abe will yield many benefits, for our great Country. Massive military &amp, energy orders happening+++!",f,f,Twitter for iPhone,60020,13513,2017-11-06 21:15:32+00:00,f,1
927644826006425601,"The state of Virginia economy, under Democrat rule, has been terrible. If you vote Ed Gillespie tomorrow, it will come roaring back!",f,f,Twitter for iPhone,65706,15707,2017-11-06 21:12:15+00:00,f,1
927265906086031363,"May God be w/ the people of Sutherland Springs, Texas. The FBI &amp, law enforcement are on the scene. I am monitoring the situation from Japan.",f,f,Twitter for iPhone,159741,31797,2017-11-05 20:06:34+00:00,f,1
927077305876434945,Heading into the 12 days with great negotiating strength because of our tremendous economy. https://t.co/4HnXkR3EhW,f,f,Twitter for iPhone,48984,9541,2017-11-05 07:37:08+00:00,f,1
927075137131896832,It was a true honor to be at Yokota Air Base with our GREAT @USForcesJapan! https://t.co/KEXnIkkQks,f,f,Twitter Web Client,47305,9302,2017-11-05 07:28:31+00:00,f,1
927059219370643456,"Playing golf with Prime Minister Abe and Hideki Matsuyama, two wonderful people! https://t.co/vYLULe0o2K",f,f,Twitter for iPad,91797,18718,2017-11-05 06:25:16+00:00,f,1
927007332743172098,"Just gave a speech to the great men and women at Yokota Air Base in Tokyo, Japan. Leaving to see Prime Minister Abe. https://t.co/6LRAgojvDB",f,f,Twitter for iPhone,73099,13372,2017-11-05 02:59:05+00:00,f,1
926973117708296192,I am landing shortly. Can’t wait to be with our GREAT MILITARY. See you soon! https://t.co/AVLrrOxmm4,f,f,Twitter for iPhone,64148,11639,2017-11-05 00:43:08+00:00,f,1
926793510723796993,Would very much appreciate Saudi Arabia doing their IPO of Aramco with the New York Stock Exchange. Important to the United States!,f,f,Twitter for iPhone,59556,14566,2017-11-04 12:49:26+00:00,f,1
926789876556500992,"Unemployment is down to 4.1%, lowest in 17 years. 1.5 million new jobs created since I took office. Highest stock Market ever, up $5.4 trill",f,f,Twitter for iPhone,136217,30564,2017-11-04 12:35:00+00:00,f,1
926783758530781184,RT @IvankaTrump: Touched by the warm hospitality of Prime Minister Abe and the Japanese people. ありがとうございます [Thank you]! Until next time 🇯🇵...,t,f,Twitter for iPhone,0,11996,2017-11-04 12:10:41+00:00,f,1
926707692395102219,Thank you to our GREAT Military/Veterans and @PacificCommand.Remember #PearlHarbor. Remember the @USSArizona!A day I’ll never forget. https://t.co/CMkB0kTkSc,f,f,Twitter for iPhone,66647,15691,2017-11-04 07:08:25+00:00,f,1
926647019455766528,Thank you for such a beautiful welcome Hawaii. My great honor to visit @PacificCommand upon arrival. Heading to Pearl Harbor w/ @FLOTUS now. https://t.co/6gDME9cmnS,f,f,Twitter for iPad,57770,10268,2017-11-04 03:07:20+00:00,f,1
926580912036466690,Getting ready to land in Hawaii. Looking so much forward to meeting with our great Military/Veterans at Pearl Harbor!,f,f,Twitter for iPhone,75457,10168,2017-11-03 22:44:39+00:00,f,1
926492915626663939,The decision on Sergeant Bergdahl is a complete and total disgrace to our Country and to our Military.,f,f,Twitter for iPhone,115338,28875,2017-11-03 16:54:59+00:00,f,1
926484660946862085,"JOBS, JOBS, JOBS! https://t.co/twUNktGbnb",f,f,Twitter for iPhone,56413,12526,2017-11-03 16:22:11+00:00,f,1
926481563214376961,"The rigged Dem Primary, one of the biggest political stories in years, got ZERO coverage on Fake News Network TV last night. Disgraceful!",f,f,Twitter for iPhone,78704,20022,2017-11-03 16:09:52+00:00,f,1
926460439000698880,"Just took off for ceremony @ Pearl Harbor. Will then be heading to Japan, SKorea, China, Vietnam &amp, the Philippines. Will never let you down!",f,f,Twitter for iPhone,62592,10817,2017-11-03 14:45:56+00:00,f,1
926456409260285952,"I always felt I would be running and winning against Bernie Sanders, not Crooked H, without cheating, I was right.",f,f,Twitter for iPhone,68245,12831,2017-11-03 14:29:55+00:00,f,1
926456069047582721,Bernie Sanders supporters have every right to be apoplectic of the complete theft of the Dem primary by Crooked Hillary!,f,f,Twitter for iPhone,64586,12460,2017-11-03 14:28:34+00:00,f,1
926421589159182339,"""...Based on that, the Military has hit ISIS """"much harder"""" over the last two days. They will pay a big price for every attack on us!""",f,f,Twitter for iPhone,58934,11691,2017-11-03 12:11:33+00:00,f,1
926419647708258304,"""ISIS just claimed the Degenerate Animal who killed, and so badly wounded, the wonderful people on the West Side, was """"their soldier."""" .....""",f,f,Twitter for iPhone,47680,11101,2017-11-03 12:03:50+00:00,f,1
926417546038923264,"Pocahontas just stated that the Democrats, lead by the legendary Crooked Hillary Clinton, rigged the Primaries! Lets go FBI &amp, Justice Dept.",f,f,Twitter for iPhone,85471,22270,2017-11-03 11:55:29+00:00,f,1
926415703476928512,"The real story on Collusion is in Donna B's new book. Crooked Hillary bought the DNC &amp, then stole the Democratic Primary from Crazy Bernie!",f,f,Twitter for iPhone,63481,14558,2017-11-03 11:48:10+00:00,f,1
926406490763784194,"....People are angry.  At some point the Justice Department, and the FBI, must do what is right and proper. The American public deserves it!",f,f,Twitter for iPhone,111341,24302,2017-11-03 11:11:33+00:00,f,1
926404584456773632,"...New Donna B book says she paid for and stole the Dem Primary. What about the deleted E-mails, Uranium, Podesta, the Server, plus, plus...",f,f,Twitter for iPhone,60337,14175,2017-11-03 11:03:59+00:00,f,1
926403023861141504,"Everybody is asking why the Justice Department (and FBI) isn't looking into all of the dishonesty going on with Crooked Hillary &amp, the Dems..",f,f,Twitter for iPhone,74562,18856,2017-11-03 10:57:47+00:00,f,1
926401530013642765,My Twitter account was taken down for 11 minutes by a rogue employee. I guess the word must finally be getting out-and having an impact.,f,f,Twitter for iPhone,90816,21489,2017-11-03 10:51:51+00:00,f,1
926260114146889728,I will be interviewed by @IngrahamAngle on @FoxNews at 10:00. Enjoy!,f,f,Twitter for iPhone,38339,6139,2017-11-03 01:29:54+00:00,f,1
926259330474704900,The @TuckerCarlson opening statement about our once cherished and great FBI was so sad to watch. James Comey's leadership was a disaster!,f,f,Twitter for iPhone,52842,13071,2017-11-03 01:26:48+00:00,f,1
926249604936556545,....This is real collusion and dishonesty. Major violation of Campaign Finance Laws and Money Laundering - where is our Justice Department?,f,f,Twitter for iPhone,75843,19736,2017-11-03 00:48:09+00:00,f,1
926247543801044993,Donna Brazile just stated the DNC RIGGED the system to illegally steal the Primary from Bernie Sanders. Bought and paid for by Crooked H....,f,f,Twitter for iPhone,68627,18788,2017-11-03 00:39:57+00:00,f,1
926238774773862400,"Great Tax Cut rollout today. The lobbyists are storming Capital Hill, but the Republicans will hold strong and do what is right for America!",f,f,Twitter for iPhone,54081,10306,2017-11-03 00:05:07+00:00,f,1
926216279287042048,"Today, it was my pleasure and great honor to announce my nomination of Jerome Powell to be the next Chairman of the @FederalReserve. https://t.co/6aDuRy3zws",f,f,Twitter for iPhone,36219,7384,2017-11-02 22:35:43+00:00,f,1
926185468911382529,"Broadcom's move to America=$20 BILLION of annual rev into U.S.A., $3+ BILLION/yr. in research/engineering &amp, $6 BILLION/yr. in manufacturing. https://t.co/NsJ4PtVTtl",f,f,Twitter for iPad,46567,10915,2017-11-02 20:33:18+00:00,f,1
926176823117074433,"Today, we are thrilled to welcome @Broadcom CEO Hock Tan to the WH to announce he is moving their HQ’s from Singapore back to the U.S.A..... https://t.co/WrqUXBndyZ",f,f,Twitter for iPad,38997,8277,2017-11-02 19:58:56+00:00,f,1
926157911151214592,Congress must end chain migration so that we can have a system that is SECURITY BASED! We need to make AMERICA SAFE! #USA🇺🇸 https://t.co/d7L1YW5iVY,f,f,Twitter for iPhone,45852,10616,2017-11-02 18:43:47+00:00,f,1
926155393490878464,I am calling on Congress to TERMINATE the diversity visa lottery program that presents significant vulnerabilities to our national security. https://t.co/tW4wOlI4vu,f,f,Twitter for iPhone,61880,14009,2017-11-02 18:33:47+00:00,f,1
926139726129704960,"Congratulations to the Houston @Astros, 2017 #WorldSeries Champions⚾️#HoustonStrong #EarnHistory https://t.co/BP7OEzdhFi",f,f,Twitter for iPad,47556,9118,2017-11-02 17:31:32+00:00,f,1
926054936718307328,...There is also something appropriate about keeping him in the home of the horrible crime he committed. Should move fast. DEATH PENALTY!,f,f,Twitter for iPhone,70659,13169,2017-11-02 11:54:36+00:00,f,1
926053970535243777,Would love to send the NYC terrorist to Guantanamo but statistically that process takes much longer than going through the Federal system...,f,f,Twitter for iPhone,58793,10690,2017-11-02 11:50:46+00:00,f,1
925931294705545216,"NYC terrorist was happy as he asked to hang ISIS flag in his hospital room. He killed 8 people, badly injured 12. SHOULD GET DEATH PENALTY!",f,f,Twitter for iPhone,146423,33494,2017-11-02 03:43:18+00:00,f,1
925925920304779264,"Great mtg w/ @Cabinet today. Tomorrow, I will be announcing the new head of the Fed. I think you will be extremely impressed by this person! https://t.co/5ASJVLGAiG",f,f,Twitter for iPhone,33805,6356,2017-11-02 03:21:56+00:00,f,1
925916863401480192,"Happy birthday to @garyplayer, a truly great Champion and Person!",f,f,Twitter for iPhone,28999,3898,2017-11-02 02:45:57+00:00,f,1
925913030159937537,It is finally happening for our great clean coal miners! https://t.co/suAnjs6Ccz,f,f,Twitter for iPhone,38422,8011,2017-11-02 02:30:43+00:00,f,1
925910265060831232,The United States will be immediately implementing much tougher Extreme Vetting Procedures. The safety of our citizens comes first!,f,f,Twitter for iPhone,89892,17793,2017-11-02 02:19:44+00:00,f,1
925907651350941696,Just spoke to President Macri of Argentina about the five proud and wonderful men killed in the West Side terror attack. God be with them!,f,f,Twitter for iPhone,60109,10801,2017-11-02 02:09:21+00:00,f,1
925860866767163393,"CHAIN MIGRATION must end now! Some people come in, and they bring their whole family with them, who can be truly evil. NOT ACCEPTABLE! https://t.co/PQGeTTdRtX",f,f,Twitter for iPad,63857,18037,2017-11-01 23:03:26+00:00,f,1
925845770724618240,@SenateMajLdr @SenateGOP ...and Appeals Court Judges at a record clip! Our courts are rapidly changing for the better!,f,f,Twitter for iPhone,29171,5487,2017-11-01 22:03:27+00:00,f,1
925845735089889280,Thanks to @SenateMajLdr McConnell and the @SenateGOP we are appointing high-quality Federal District...,f,f,Twitter for iPhone,35622,6571,2017-11-01 22:03:19+00:00,f,1
925833462426292226,"Thank you to the GREAT NYPD, First Responders and all govt officials for having handled the terrible West Side attack so professionally! https://t.co/imPIdOzjAn",f,f,Twitter for iPhone,48419,9635,2017-11-01 21:14:33+00:00,f,1
925818338172915712,@NYGovCuomo @NYCMayor ...fully supports any and all of their efforts with respect to the West Side attack. #NYCStrong,f,f,Twitter for iPhone,24572,4154,2017-11-01 20:14:27+00:00,f,1
925818295462322184,Just spoke with @NYGovCuomo and @NYCMayor de Blasio to let them know that the federal government...,f,f,Twitter for iPhone,29327,5042,2017-11-01 20:14:17+00:00,f,1
925806343855984647,We mourn the horrifying terrorist attack in NYC. All of America is praying and grieving for the families who lost their precious loved ones. https://t.co/WZFHXoJE3K,f,f,Twitter Media Studio,47264,9812,2017-11-01 19:26:47+00:00,f,1
925740081805217792,....for the Middle Class. The House and Senate should consider ASAP as the process of final approval moves along. Push Biggest Tax Cuts EVER,f,f,Twitter for iPhone,47087,9150,2017-11-01 15:03:29+00:00,f,1
925739132579729420,Wouldn't it be great to Repeal the very unfair and unpopular Individual Mandate in ObamaCare and use those savings for further Tax Cuts.....,f,f,Twitter for iPhone,69378,13702,2017-11-01 14:59:43+00:00,f,1
925716689064427520,#NYCStrong #USA🇺🇸 https://t.co/6K3Xw5P87d,f,f,Twitter for iPad,33663,6849,2017-11-01 13:30:32+00:00,f,1
925688931823300609,"""""""Senator Chuck Schumer helping to import Europes problems"""" said Col.Tony Shaffer. We will stop this craziness!  @foxandfriends""",f,f,Twitter for iPhone,63745,16291,2017-11-01 11:40:14+00:00,f,1
925686558304464897,"We are fighting hard for Merit Based immigration, no more Democrat Lottery Systems. We must get MUCH tougher (and smarter).  @foxandfriends",f,f,Twitter for iPhone,85282,20325,2017-11-01 11:30:48+00:00,f,1
925684982307348480,"""The terrorist came into our country through what is called the """"Diversity Visa Lottery Program,"""" a Chuck Schumer beauty. I want merit based.""",f,f,Twitter for iPhone,108932,28751,2017-11-01 11:24:32+00:00,f,1
925534445393928199,"I have just ordered Homeland Security to step up our already Extreme Vetting Program. Being politically correct is fine, but not for this!",f,f,Twitter for iPhone,124071,28903,2017-11-01 01:26:22+00:00,f,1
925533433597775873,The Republican House members are working hard (and late) toward the Massive Tax Cuts that they know you deserve. These will be biggest ever!,f,f,Twitter for iPhone,58689,10674,2017-11-01 01:22:20+00:00,f,1
925497025386500096,"My thoughts, condolences and prayers to the victims and families of the New York City terrorist attack. God and your country are with you!",f,f,Twitter for iPhone,96123,20433,2017-10-31 22:57:40+00:00,f,1
925490503218589696,"We must not allow ISIS to return, or enter, our country after defeating them in the Middle East and elsewhere. Enough!",f,f,Twitter for iPhone,119650,27947,2017-10-31 22:31:45+00:00,f,1
925474979914887168,"In NYC, looks like another attack by a very sick and deranged person. Law enforcement is following this closely. NOT IN THE U.S.A.!",f,f,Twitter for iPhone,92756,19799,2017-10-31 21:30:04+00:00,f,1
925447637708496897,U.S. COAL PRODUCTIONUp📈7.8% past year. Down📉31.5% last 10 years. #EndingWarOnCoal https://t.co/xr20OBb2DV,f,f,Twitter for iPad,37010,8574,2017-10-31 19:41:25+00:00,f,1
925440868575797252,“Home Prices Reach New All-Time Highs in August” Read more: https://t.co/XzJiZgGQ8R https://t.co/STBtR6mO2j,f,f,Twitter for iPhone,24628,5058,2017-10-31 19:14:31+00:00,f,1
925424931390873602,"""""""Consumer Confidence Hits Highest Level Since December 2000"""" Read more: https://t.co/w7WkcobFun https://t.co/nLo5XCnuIx""",f,f,Twitter for iPad,34521,8104,2017-10-31 18:11:11+00:00,f,1
925405818446663685,"RT @IvankaTrump: We're working to make tax cuts &amp, the expanded Child Tax Credit a reality for American families. The time is now! #TaxRefor...",t,f,Twitter for iPhone,0,7730,2017-10-31 16:55:14+00:00,f,1
925394079982280704,Wishing everyone a safe and Happy Halloween!#Halloween2017 https://t.co/BRpgXVRI8Y,f,f,Twitter Media Studio,52748,10872,2017-10-31 16:08:36+00:00,f,1
925373392827666432,“Statement by President Trump on the Apprehension of Mustafa al-Imam for His Alleged Role in Benghazi Attacks” https://t.co/2U7WJmfGlM,f,f,Twitter for iPhone,31021,7694,2017-10-31 14:46:24+00:00,f,1
925364408364171265,"....earth shattering. He and his brother could Drain The Swamp, which would be yet another campaign promise fulfilled. Fake News weak!",f,f,Twitter for iPhone,44528,9654,2017-10-31 14:10:42+00:00,f,1
925363340553211909,"The biggest story yesterday, the one that has the Dems in a dither, is Podesta running from his firm. What he know about Crooked Dems is....",f,f,Twitter for iPhone,56575,13546,2017-10-31 14:06:27+00:00,f,1
925336826717593600,I hope people will start to focus on our Massive Tax Cuts for Business (jobs) and the Middle Class (in addition to Democrat corruption)!,f,f,Twitter for iPhone,64310,13515,2017-10-31 12:21:06+00:00,f,1
925335577217683456,"....came to the campaign. Few people knew the young, low level volunteer named George, who has already proven to be a liar. Check the DEMS!",f,f,Twitter for iPhone,47496,10061,2017-10-31 12:16:08+00:00,f,1
925333956110757888,"""The Fake News is working overtime. As Paul Manaforts lawyer said, there was """"no collusion"""" and events mentioned took place long before he...""",f,f,Twitter for iPhone,49708,11157,2017-10-31 12:09:41+00:00,f,1
925006418989715456,"....Also, there is NO COLLUSION!",f,f,Twitter for iPhone,77341,17811,2017-10-30 14:28:10+00:00,f,1
925005659569041409,"Sorry, but this is years ago, before Paul Manafort was part of the Trump campaign. But why aren't Crooked Hillary &amp, the Dems the focus?????",f,f,Twitter for iPhone,102117,27626,2017-10-30 14:25:09+00:00,f,1
924966722544848896,Great job by MichaelCaputo on @foxandfriends.,f,f,Twitter for iPhone,36733,5961,2017-10-30 11:50:26+00:00,f,1
924963492645437441,"Report out that Obama Campaign paid $972,000 to Fusion GPS. The firm also got $12,400,000 (really?) from DNC. Nobody knows who OK'd!",f,f,Twitter for iPhone,94401,30018,2017-10-30 11:37:36+00:00,f,1
924649059520073730,"""All of this """"Russia"""" talk right when the Republicans are making their big push for historic Tax Cuts &amp, Reform. Is this coincidental? NOT!""",f,f,Twitter for iPhone,78270,18617,2017-10-29 14:48:09+00:00,f,1
924641278947622913,"...are now fighting back like never before. There is so much GUILT by Democrats/Clinton, and now the facts are pouring out. DO SOMETHING!",f,f,Twitter for iPhone,85648,19873,2017-10-29 14:17:14+00:00,f,1
924639422066384896,"""...""""collusion,"""" which doesn't exist. The Dems are using this terrible (and bad for our country) Witch Hunt for evil politics, but the R's...""",f,f,Twitter for iPhone,62995,14096,2017-10-29 14:09:51+00:00,f,1
924637600094326784,"...the Uranium to Russia deal, the  33,000 plus deleted Emails, the Comey fix and so much more. Instead they look at phony Trump/Russia,....",f,f,Twitter for iPhone,74654,18853,2017-10-29 14:02:37+00:00,f,1
924635359480303616,"Never seen such Republican ANGER &amp, UNITY as I have concerning the lack of investigation on Clinton made Fake Dossier (now $12,000,000?),....",f,f,Twitter for iPhone,95691,23974,2017-10-29 13:53:43+00:00,f,1
924625061100867584,"As usual, the ObamaCare premiums will be up (the Dems own it), but we will Repeal &amp, Replace and have great Healthcare soon after Tax Cuts!",f,f,Twitter for iPhone,57717,11318,2017-10-29 13:12:47+00:00,f,1
924414387343028224,"JFK Files are released, long ahead of schedule!",f,f,Twitter for iPhone,78633,15398,2017-10-28 23:15:39+00:00,f,1
924400308834455552,While not at all presidential I must point out that the Sloppy Michael Moore Show on Broadway was a TOTAL BOMB and was forced to close. Sad!,f,f,Twitter for iPhone,95795,19356,2017-10-28 22:19:42+00:00,f,1
924397489037430784,"Happy #FirstRespondersDay to all of our HEROES out there. We are forever grateful to you for your service, sacrifice and courage 24/7/365! https://t.co/vOcTlyOeyw",f,f,Twitter for iPhone,54380,11924,2017-10-28 22:08:30+00:00,f,1
924382919845666816,...in order to put any and all conspiracy theories to rest.,f,f,Twitter for iPad,45911,8392,2017-10-28 21:10:36+00:00,f,1
924382752941756421,"...addresses of any mentioned person who is still living. I am doing this for reasons of full disclosure, transparency and...",f,f,Twitter for iPad,43415,8224,2017-10-28 21:09:57+00:00,f,1
924382514613030912,"After strict consultation with General Kelly, the CIA and other Agencies, I will be releasing ALL #JFKFiles other than the names and...",f,f,Twitter for iPad,60931,13429,2017-10-28 21:09:00+00:00,f,1
924284026394959872,Today is National Prescription Drug Take Back Day. Everyone can help fight the #OpioidEpidemic by participating! https://t.co/ONObTWOaOn https://t.co/CYG11DnxH7,f,f,Twitter for iPad,35387,7143,2017-10-28 14:37:38+00:00,f,1
924251519121346560,Just read the nice remarks by President Jimmy Carter about me and how badly I am treated by the press (Fake News). Thank you Mr. President!,f,f,Twitter for iPhone,113178,19011,2017-10-28 12:28:28+00:00,f,1
924249943719727104,Very little reporting about the GREAT GDP numbers announced yesterday (3.0 despite the big hurricane hits). Best consecutive Q's in years!,f,f,Twitter for iPhone,77552,17383,2017-10-28 12:22:12+00:00,f,1
924096747122634752,“WHAT HAPPENED”“How Team Hillary played the press for fools on Russia”➡️https://t.co/GqpIidk017NOW WE KNOW! https://t.co/SgWL1HZmkI,f,f,Twitter for iPhone,57755,20163,2017-10-28 02:13:28+00:00,f,1
924064610038272000,#JFKFiles https://t.co/AnPBSJFh3J,f,f,Twitter Web Client,55885,13908,2017-10-28 00:05:45+00:00,f,1
924056425298571265,Happy Birthday @TheLeeGreenwood!#FlashbackFriday https://t.co/MCrMK6Eurm,f,f,Twitter for iPad,36013,8074,2017-10-27 23:33:14+00:00,f,1
924022268929433600,People are anxiously awaiting my decision as to who the next head of the Fed will be....🎥https://t.co/PEj1KNYcAO,f,f,Twitter for iPad,38129,6943,2017-10-27 21:17:31+00:00,f,1
924011278804357120,.@FoxNews Chris Wallace: “More evidence of Dem collusion with Russia than GOP” https://t.co/nACQerJSiu,f,f,Twitter for iPhone,38307,10479,2017-10-27 20:33:50+00:00,f,1
923976737788227584,We are inspired by the stories of everyday heroes who pull their communities from the depths of despair through leadership and love. https://t.co/DL3oan4Fm7,f,f,Twitter for iPad,41278,8020,2017-10-27 18:16:35+00:00,f,1
923925428372492288,"Diane Black of Tennessee, the highly respected House Budget Committee Chairwoman, did a GREAT job in passing Budget, setting up big Tax Cuts",f,f,Twitter for iPhone,52640,9467,2017-10-27 14:52:42+00:00,f,1
923920535607828481,Thank you @FLGovScott. https://t.co/rgdU9plvFK,f,f,Twitter for iPhone,33397,6398,2017-10-27 14:33:15+00:00,f,1
923905540291522560,"It is now commonly agreed, after many months of COSTLY looking, that there was NO collusion between Russia and Trump. Was collusion with HC!",f,f,Twitter for iPhone,85410,21759,2017-10-27 13:33:40+00:00,f,1
923894747793580033,Happy birthday to the great @TheLeeGreenwood. You and your beautiful song have made such a difference. MAKE AMERICA GREAT AGAIN!,f,f,Twitter for iPhone,42502,7967,2017-10-27 12:50:47+00:00,f,1
923876612013248512,JFK Files are being carefully released. In the end there will be great transparency. It is my hope to get just about everything to public!,f,f,Twitter for iPhone,83679,16448,2017-10-27 11:38:43+00:00,f,1
923873579539861506,Happy birthday to the great @leegreenwood83. You and your beautiful song have made such a difference. MAKE AMERICA GREAT AGAIN!,f,t,Twitter for iPhone,15767,3138,2017-10-27 11:26:40+00:00,f,1
923871062072295427,Good luck to @Joy_Villa on her decision to enter the wonderful world of politics. She has many fans!,f,f,Twitter for iPhone,42707,8028,2017-10-27 11:16:40+00:00,f,1
923869147091451904,"Congratulations to @SpeakerRyan, @GOPLeader, @SteveScalise and to the Republican Party on Budget passage yesterday. Now for biggest Tax Cuts",f,f,Twitter for iPhone,39681,7049,2017-10-27 11:09:03+00:00,f,1
923866849451888640,Thank you @foxandfriends. Really great job and show!,f,f,Twitter for iPhone,37950,5545,2017-10-27 10:59:56+00:00,f,1
923866515358789633,"Wacky &amp, totally unhinged Tom Steyer, who has been fighting me and my Make America Great Again agenda from beginning, never wins elections!",f,f,Twitter for iPhone,46257,9127,2017-10-27 10:58:36+00:00,f,1
923720632122200064,"WORKING TOGETHER, we will defeat this #OpioidEpidemic &amp, free our nation from the terrible affliction of drug abuse. https://t.co/iAZjqGMwav https://t.co/mZI5uQN4oZ",f,f,Twitter for iPad,39132,7967,2017-10-27 01:18:55+00:00,f,1
923662988833427458,"Effective today, my administration officially declared the #OpioidCrisis a NATIONAL PUBLIC HEALTH EMERGENCY under federal law. https://t.co/YosOBurdCw",f,f,Twitter Media Studio,48280,10465,2017-10-26 21:29:52+00:00,f,1
923566287263068161,Big news - Budget just passed!,f,f,Twitter for iPhone,115442,19978,2017-10-26 15:05:36+00:00,f,1
923557515828310020,Do not underestimate the UNITY within the Republican Party!,f,f,Twitter for iPhone,58669,10422,2017-10-26 14:30:45+00:00,f,1
923552633633337344,"Ed Gillespie will be a great Governor of Virginia. His opponent doesn't even show up to meetings/work, and will be VERY weak on crime!",f,f,Twitter for iPhone,45285,9343,2017-10-26 14:11:21+00:00,f,1
923551572218572802,"Ed Gillespie will turn the really bad Virginia economy #'s around, and fast. Strong on crime, he might even save our great statues/heritage!",f,f,Twitter for iPhone,52466,10543,2017-10-26 14:07:08+00:00,f,1
923546629935894530,RT @seanhannity: BOOM!!  Tick Tock https://t.co/8E2Lvj3TTa,t,t,Twitter for iPhone,0,13393,2017-10-26 01:47:29+00:00,f,1
923545771416449024,RT @PChowka: Fox News With Hannity's Help Regains Its Ratings Dominance By Peter Barry Chowka at The Hagmann report https://t.co/ICDMCZregu...,t,f,Twitter for iPhone,0,4567,2017-10-26 13:44:05+00:00,f,1
923392161634275328,"Together, we will Make America Great Again!#AmericaFirst🇺🇸 https://t.co/ajiC3flNkI",f,f,Twitter Media Studio,44913,10318,2017-10-26 03:33:41+00:00,f,1
923365521847934976,This will be the biggest TAX CUT in the history of our country - and we need it! #TaxReform Read more: https://t.co/o3W9bJkz5k https://t.co/JYckXWEmLu,f,f,Twitter for iPad,43534,9436,2017-10-26 01:47:50+00:00,f,1
923360048771936256,"RT @IvankaTrump: Working families need #TaxReform &amp, the time is now. This Administration is committed to ensuring all Americans can thrive...",t,f,Twitter for iPhone,0,7319,2017-10-26 01:26:05+00:00,f,1
923320000185847808,Interview with @LouDobbs coming up at 7pmE on @FoxBusiness. Enjoy! https://t.co/9V9z015kVl,f,f,Twitter for iPhone,26715,4608,2017-10-25 22:46:57+00:00,f,1
923312613584289792,"Texas @GovAbbott &amp, Lt. Gov. @DanPatrick,Thank you for todays briefing on hurricane recovery efforts here in TX. Keep up the great work! https://t.co/rBel6IWrJl",f,f,Twitter Media Studio,29694,5630,2017-10-25 22:17:36+00:00,f,1
923277142271684609,The long anticipated release of the #JFKFiles will take place tomorrow. So interesting!,f,f,Twitter for iPhone,104503,26665,2017-10-25 19:56:39+00:00,f,1
923272793457913857,"Melania and I look forward to being with President Xi &amp, Madame Peng Liyuan in China in two weeks for what will hopefully be a historic trip! https://t.co/uFMonzza7N",f,f,Twitter for iPhone,39317,7088,2017-10-25 19:39:22+00:00,f,1
923268967728386049,"Spoke to President Xi of China to congratulate him on his extraordinary elevation. Also discussed NoKo &amp, trade, two very important subjects!",f,f,Twitter for iPhone,47139,7743,2017-10-25 19:24:10+00:00,f,1
923244308848881665,Just interviewed by @LouDobbs. Will be aired tonight at 7pmE on @FoxBusiness. #Dobbs,f,f,Twitter for iPhone,31345,6059,2017-10-25 17:46:10+00:00,f,1
923237600009342978,"Congrats to @Reince Priebus, a really good and talented man. We’re proud of you Reince! https://t.co/7AsjAMrSnV",f,f,Twitter for iPhone,28006,4688,2017-10-25 17:19:31+00:00,f,1
923212567232774145,MAKE AMERICA GREAT AGAIN! https://t.co/CbEwJSQ1A3,f,f,Twitter for iPhone,43001,10828,2017-10-25 15:40:03+00:00,f,1
923165619868131329,"""Jeff Flake, with an 18% approval rating in Arizona, said """"a lot of my colleagues have spoken out."""" Really, they just gave me a standing O!""",f,f,Twitter for iPhone,61241,11884,2017-10-25 12:33:30+00:00,f,1
923150966551171073,"Working hard on the biggest tax cut in U.S. history. Great support from so many sides. Big winners will be the middle class, business &amp, JOBS",f,f,Twitter for iPhone,81085,14892,2017-10-25 11:35:16+00:00,f,1
923149793974775810,"The meeting with Republican Senators yesterday, outside of Flake and Corker, was a love fest with standing ovations and great ideas for USA!",f,f,Twitter for iPhone,50857,9494,2017-10-25 11:30:36+00:00,f,1
923149037523566592,"The reason Flake and Corker dropped out of the Senate race is very simple, they had zero chance of being elected. Now act so hurt &amp, wounded!",f,f,Twitter for iPhone,56824,11965,2017-10-25 11:27:36+00:00,f,1
923147501418446849,"""""""Clinton campaign &amp, DNC paid for research that led to the anti-Trump Fake News Dossier. The victim here is the President."""" @FoxNews""",f,f,Twitter for iPhone,66480,17896,2017-10-25 11:21:30+00:00,f,1
922951009277825024,So nice being with Republican Senators today. Multiple standing ovations! Most are great people who want big Tax Cuts and success for U.S.,f,f,Twitter for iPhone,75470,13432,2017-10-24 22:20:42+00:00,f,1
922903426434064384,"“President Donald J. Trump Proclaims October 24, 2017, as United Nations Day” Read more: https://t.co/cyRAQAKhy2 https://t.co/HVD0kLYlBk",f,f,Twitter for iPhone,26960,5264,2017-10-24 19:11:38+00:00,f,1
922833943749103621,Stock Market just hit another record high! Jobs looking very good.,f,f,Twitter for iPhone,84377,15133,2017-10-24 14:35:32+00:00,f,1
922830229525225477,...the entire World WAS laughing and taking advantage of us. People like liddle' Bob Corker have set the U.S. way back. Now we move forward!,f,f,Twitter for iPhone,56673,11782,2017-10-24 14:20:46+00:00,f,1
922828476872318976,"Sen. Corker is the incompetent head of the Foreign Relations Committee, &amp, look how poorly the U.S. has done. He doesn't have a clue as.....",f,f,Twitter for iPhone,53375,11009,2017-10-24 14:13:48+00:00,f,1
922817539251556353,"Isn't it sad that lightweight Senator Bob Corker, who couldn't get re-elected in the Great State of Tennessee, will now fight Tax Cuts plus!",f,f,Twitter for iPhone,49602,10938,2017-10-24 13:30:21+00:00,f,1
922799981874089985,"...Corker dropped out of the race in Tennesse when I refused to endorse him, and now is only negative on anything Trump. Look at his record!",f,f,Twitter for iPhone,50612,10503,2017-10-24 12:20:35+00:00,f,1
922798321739161600,"Bob Corker, who helped President O give us the bad Iran Deal &amp, couldn't get elected dog catcher in Tennessee, is now fighting Tax Cuts....",f,f,Twitter for iPhone,69627,16063,2017-10-24 12:13:59+00:00,f,1
922603042796654592,We will never forget the 241 American service members killed by Hizballah in Beirut. They died in service to our nation. https://t.co/BaQZDA3s2e,f,f,Twitter for iPhone,61100,13681,2017-10-23 23:18:01+00:00,f,1
922440008971292672,"I had a very respectful conversation with the widow of Sgt. La David Johnson, and spoke his name from beginning, without hesitation!",f,f,Twitter for iPhone,75496,13360,2017-10-23 12:30:10+00:00,f,1
922430688703451136,"Two dozen NFL players continue to kneel during the National Anthem, showing total disrespect to our Flag &amp, Country.  No leadership in NFL!",f,f,Twitter for iPhone,99734,19718,2017-10-23 11:53:08+00:00,f,1
922428118685581313,"There will be NO change to your 401(k). This has always been a great and popular middle class tax break that works, and it stays!",f,f,Twitter for iPhone,99786,19966,2017-10-23 11:42:56+00:00,f,1
918279015928037377,RT @realDonaldTrump: I will be interviewed tonight on @FoxNews by @SeanHannity at 9pmE. Enjoy!,t,f,Twitter for iPhone,0,8095,2017-10-12 00:55:52+00:00,f,1
922072236592435200,"It is finally sinking through. 46% OF PEOPLE BELIEVE MAJOR NATIONAL NEWS ORGS FABRICATE STORIES ABOUT ME. FAKE NEWS, even worse! Lost cred.",f,f,Twitter for iPhone,105036,21614,2017-10-22 12:08:47+00:00,f,1
922070659093671936,"Wacky Congresswoman Wilson is the gift that keeps on giving for the Republican Party, a disaster for Dems. You watch her in action &amp, vote R!",f,f,Twitter for iPhone,91854,18436,2017-10-22 12:02:31+00:00,f,1
922067676708638721,Doing interview today with Maria Bartiromo at 10:00 A.M. on @FoxNews - ENJOY!,f,f,Twitter for iPhone,40439,6181,2017-10-22 11:50:39+00:00,f,1
921891186352287744,"...2nd Amendment, Strong Military, ISIS, historic VA improvement, Supreme Court Justice, Record Stock Market, lowest unemployment in 17 yrs!",f,f,Twitter for iPhone,65983,13482,2017-10-22 00:09:21+00:00,f,1
921889525881819136,"...9 months than this Administration. Over 50 Legislation approvals, massive regulation cuts, energy freedom, pipelines, border security....",f,f,Twitter for iPhone,65785,12598,2017-10-22 00:02:45+00:00,f,1
921888248707846144,"I agree getting Tax Cuts approved  is important (we will also get HealthCare), but perhaps no Administration has done more in its first.....",f,f,Twitter for iPhone,62186,10938,2017-10-21 23:57:41+00:00,f,1
921871707564101632,"""Just out, but lightly reported: """"Fewest jobless claims since 1973 show firm U.S. Job Market"""" Lowest since March 1973. @bpolitics""",f,f,Twitter for iPhone,56279,13485,2017-10-21 22:51:57+00:00,f,1
921848853090983938,"Crooked Hillary Clinton spent hundreds of millions of dollars more on Presidential Election than I did. Facebook was on her side, not mine!",f,f,Twitter for iPhone,84848,17814,2017-10-21 21:21:08+00:00,f,1
921829947093733376,"""Keep hearing about """"tiny"""" amount of money spent on Facebook ads. What about the billions of dollars of Fake News on CNN, ABC, NBC &amp, CBS?""",f,f,Twitter for iPhone,83610,18667,2017-10-21 20:06:00+00:00,f,1
921828280998744066,"""Officials behind the now discredited """"Dossier"""" plead the Fifth. Justice Department and/or FBI should immediately release who paid for it.""",f,f,Twitter for iPhone,70236,19730,2017-10-21 19:59:23+00:00,f,1
921780758372642816,“Trump hails liberation of Raqqa as critical breakthrough in anti-ISIS campaign” https://t.co/2eoYXJB7h0,f,f,Twitter for iPhone,40173,8606,2017-10-21 16:50:33+00:00,f,1
921726400922619904,Stock Market hits another all time high on Friday. 5.3 trillion dollars up since Election. Fake News doesn't spent much time on this!,f,f,Twitter for iPhone,80486,16701,2017-10-21 13:14:33+00:00,f,1
921724821939130369,People get what is going on! https://t.co/Pdg7VqQv6M,f,f,Twitter for iPhone,45044,12089,2017-10-21 13:08:17+00:00,f,1
921723302481145857,RT @IamVicky4Trump: TUNE IN: Maria Bartiromo Has an Exclusive Interview With President Trump https://t.co/H5VuJwy78o,t,t,Twitter for iPhone,0,5633,2017-10-21 01:02:14+00:00,f,1
921716470140325889,"Subject to the receipt of further information, I will be allowing, as President, the long blocked and classified JFK FILES to be opened.",f,f,Twitter for iPhone,177399,54432,2017-10-21 12:35:05+00:00,f,1
921709468055896064,"I hope the Fake News Media keeps talking about Wacky Congresswoman Wilson in that she, as a representative, is killing the Democrat Party!",f,f,Twitter for iPhone,77107,15551,2017-10-21 12:07:16+00:00,f,1
921705862992887808,"Budget that just passed is a really big deal, especially in terms of what will be the biggest tax cut in U.S. history - MSM barely covered!",f,f,Twitter for iPhone,59482,12164,2017-10-21 11:52:56+00:00,f,1
921524504836395008,"""Great book just out, """"A Place Called Heaven,"""" by Dr. Robert Jeffress - A wonderful man!""",f,f,Twitter for iPhone,63767,11498,2017-10-20 23:52:17+00:00,f,1
921483820288921601,This is a once-in-a-generation opportunity to offer historic tax relief to the American people! Join me today: https://t.co/9czcJDbmVW https://t.co/s3kXpvbYih,f,f,Twitter Media Studio,54299,12514,2017-10-20 21:10:37+00:00,f,1
921448521617821701,"Today, it was an honor to have @UNSecretary-General @AntonioGuterres at the @WhiteHouse. Speaking for the U.S.A., we appreciate all you do! https://t.co/Sk0Jcazzxw",f,f,Twitter for iPhone,31184,5632,2017-10-20 18:50:21+00:00,f,1
921443729990397952,Thank you @GeraldoRivera @FoxandFriends. Agree! https://t.co/8cZLdAbgzw,f,f,Twitter Media Studio,41513,10380,2017-10-20 18:31:19+00:00,f,1
921323063945453574,"""Just out report: """"United Kingdom crime rises 13% annually amid spread of Radical Islamic terror."""" Not good, we must keep America safe!""",f,f,Twitter for iPhone,89529,22815,2017-10-20 10:31:50+00:00,f,1
921319017826091008,"....This now allows for the passage of large scale Tax Cuts (and Reform), which will be the biggest in the history of our country!",f,f,Twitter for iPhone,63510,11988,2017-10-20 10:15:45+00:00,f,1
921317883321430016,"The Budget passed late last night, 51 to 49. We got ZERO Democrat votes with only Rand Paul (he will vote for Tax Cuts) voting against.....",f,f,Twitter for iPhone,60427,12529,2017-10-20 10:11:15+00:00,f,1
921242760685998080,Great news on the 2018 budget @SenateMajLdr McConnell - first step toward delivering MASSIVE tax cuts for the American people! #TaxReform https://t.co/aBzQR7KR0c,f,f,Twitter for iPhone,46190,10187,2017-10-20 05:12:44+00:00,f,1
921209530628956161,Big ratings getter @seanhannity and Apprentice Champion John Rich are right now going on stage in Las Vegas for #VegasStrong. Great Show!,f,f,Twitter for iPhone,43524,7642,2017-10-20 03:00:42+00:00,f,1
921207772233990144,"The Fake News is going crazy with wacky Congresswoman Wilson(D), who was SECRETLY on a very personal call, and gave a total lie on content!",f,f,Twitter for iPhone,76124,16271,2017-10-20 02:53:42+00:00,f,1
921189980843663360,"""Keep up the GREAT work. I am with you 100%!""""ISIS is losing its grip...""""Army Colonel Ryan DillonCJTF–OIRhttps://t.co/jVGuvv5mzm https://t.co/PSCXg38CtS""",f,f,Twitter Media Studio,46227,10034,2017-10-20 01:43:00+00:00,f,1
921113816053755904,It was great to have Governor @RicardoRossello of #PuertoRico🇵🇷with us at the @WhiteHouse today. We are with you! #PRStrong https://t.co/Op2xDZxvNc,f,f,Twitter for iPhone,42377,8687,2017-10-19 20:40:21+00:00,f,1
920989237276762112,RT @USArmy333: @804StreetMedia @realDonaldTrump He’s done more in 9 months then obama did in8 yrs,t,t,Twitter for iPhone,0,8415,2017-10-19 12:25:19+00:00,f,1
920988223362469891,""".@foxandfriends """"Russia sent millions to Clinton Foundation""""""",f,f,Twitter for iPhone,61095,19460,2017-10-19 12:21:18+00:00,f,1
920981920787386368,"Workers of firm involved with the discredited and Fake Dossier take the 5th. Who paid for it, Russia, the FBI or the Dems (or all)?",f,f,Twitter for iPhone,73318,20827,2017-10-19 11:56:15+00:00,f,1
920972261032648705,"Uranium deal to Russia, with Clinton help and Obama Administration knowledge, is the biggest story that Fake Media doesn't want to follow!",f,f,Twitter for iPhone,100236,32373,2017-10-19 11:17:52+00:00,f,1
920966294035451904,"Republicans are going for the big Budget approval today, first step toward massive tax cuts. I think we have the votes, but who knows?",f,f,Twitter for iPhone,60957,10498,2017-10-19 10:54:09+00:00,f,1
920847844759699456,"""""""46% of Americans think the Media is inventing stories about Trump &amp, his Administration."""" @FoxNews   It is actually much worse than this!""",f,f,Twitter for iPhone,69883,14930,2017-10-19 03:03:29+00:00,f,1
920794597265088512,".@DanaPerino &amp, @BradThor,Thank you so much for the wonderful compliment. Working hard! #MAGA https://t.co/AKWlsMsCVH",f,f,Twitter for iPhone,37194,8244,2017-10-18 23:31:54+00:00,f,1
920783976784171008,"""""""20,000📈21,000📈22,000📈 23,000📈this year...FOUR one thousand milestones this year..."""" #Dow23K #MAGA https://t.co/GQ5f2eVvEI""",f,f,Twitter for iPhone,48725,11337,2017-10-18 22:49:42+00:00,f,1
920776302231244800,This is what REAL PRIDE in our COUNTRY is all about! #USA🇺🇸 https://t.co/kyv866prdE,f,f,Twitter for iPhone,59154,14410,2017-10-18 22:19:12+00:00,f,1
920751863426842625,".@NFL: Too much talk, not enough action. Stand for the National Anthem.",f,f,Twitter for iPhone,82486,17920,2017-10-18 20:42:05+00:00,f,1
920733077349064707,"""""""Iran hides behind its assertion of technical compliance w/the nuclear deal, while it brazenly violates the other limits..""""Amb. @NikkiHaley https://t.co/xvHgx7d1cT""",f,f,Twitter Media Studio,35305,9224,2017-10-18 19:27:26+00:00,f,1
920716270395371521,It was an honor to welcome Republican and Democratic members of the Senate Finance Committee to the @WhiteHouse today. #TaxReform https://t.co/ge4Xic9fId,f,f,Twitter Media Studio,30960,5826,2017-10-18 18:20:39+00:00,f,1
920695565578592256,Our hearts are with all affected by the wildfires in California. God bless our brave First Responders and @FEMA team. We support you! https://t.co/YaoPbaVI5L,f,f,Twitter for iPhone,37072,7044,2017-10-18 16:58:23+00:00,f,1
920667567030710272,"The current tax code is a burden on American taxpayers &amp, harmful to job-creators. Americans need #TaxReform! More: https://t.co/qXyiYiFWCO https://t.co/NGIjJOc3TP",f,f,Twitter Media Studio,36609,8175,2017-10-18 15:07:07+00:00,f,1
920645935981613057,"I am supportive of Lamar as a person &amp, also of the process, but I can never support bailing out ins co's who have made a fortune w/ O'Care.",f,f,Twitter for iPhone,50898,10029,2017-10-18 13:41:10+00:00,f,1
920611770775064576,Democrat Congresswoman totally fabricated what I said to the wife of a soldier who died in action (and I have proof). Sad!,f,f,Twitter for iPhone,82473,19545,2017-10-18 11:25:24+00:00,f,1
920606910109356032,The NFL has decided that it will not force players to stand for the playing of our National Anthem. Total disrespect for our great country!,f,f,Twitter for iPhone,85127,19062,2017-10-18 11:06:06+00:00,f,1
920604520572424193,"As it has turned out, James Comey lied and leaked and totally protected Hillary Clinton. He was the best thing that ever happened to her!",f,f,Twitter for iPhone,78626,19527,2017-10-18 10:56:36+00:00,f,1
920599916371693568,"The Democrats will only vote for Tax Increases. Hopefully, all Senate Republicans will vote for the largest Tax Cuts in U.S. history.",f,f,Twitter for iPhone,50727,10992,2017-10-18 10:38:18+00:00,f,1
920597192666157057,"...people not interviewed, including Clinton herself. Comey stated under oath that he didn't do this-obviously a fix? Where is Justice Dept?",f,f,Twitter for iPhone,61180,15298,2017-10-18 10:27:29+00:00,f,1
920595564064100352,"Wow, FBI confirms report that James Comey drafted letter exonerating  Crooked Hillary Clinton long before investigation was complete. Many..",f,f,Twitter for iPhone,71702,18845,2017-10-18 10:21:00+00:00,f,1
920474831749025795,The most important truth our FOUNDERS understood was: FREEDOM is NOT a gift from Govt. FREEDOM is a GIFT from GOD. 🎥https://t.co/rmAzGt8SuG https://t.co/SrPavwrt2R,f,f,Twitter Media Studio,54253,14572,2017-10-18 02:21:16+00:00,f,1
920450535005851648,"Thank you @Heritage! This is our once-in-a-generation opportunity to revitalize our economy, revive our industry &amp, renew the AMERICAN DREAM! https://t.co/HI30nojsGo",f,f,Twitter Media Studio,35855,7626,2017-10-18 00:44:43+00:00,f,1
920425695507042305,WOW! https://t.co/eKfRktNVuy,f,f,Twitter for iPhone,53431,13412,2017-10-17 23:06:01+00:00,f,1
920425069964349445,BORDER WALL prototypes underway! https://t.co/arFNO80zmO,f,f,Twitter for iPhone,86097,23645,2017-10-17 23:03:32+00:00,f,1
920408108194783232,"""Any increase in ObamaCare premiums is the fault of the Democrats for giving us a """"product"""" that never had a chance of working.""",f,f,Twitter for iPhone,60965,13027,2017-10-17 21:56:08+00:00,f,1
920406959320371200,"So much Fake News being put in dying magazines and newspapers. Only place worse may be @NBCNews, @CBSNews, @ABC and @CNN. Fiction writers!",f,f,Twitter for iPhone,52992,12350,2017-10-17 21:51:34+00:00,f,1
920363714062274560,It was my great honor to welcome Prime Minister Alexis Tsipras of Greece to the WH today! 🎥https://t.co/Bn1vM6fYW9 📸https://t.co/j0roMFT3YL https://t.co/MPe5HWFcZ1,f,f,Twitter Media Studio,31764,5250,2017-10-17 18:59:43+00:00,f,1
920340060947574786,Join me LIVE from the Rose Garden at 1:30pmE with Prime Minister Alexis Tsipras of Greece. ➡️https://t.co/Bn1vM6fYW9 https://t.co/dZB4mDBKpi,f,f,Twitter for iPhone,21237,3377,2017-10-17 17:25:44+00:00,f,1
920322631412473856,"""""""Dow Passes 23,000 for the First Time, Fueled by Strong Earnings""""#Dow23K📈https://t.co/wnkrddYlb9 https://t.co/wlP0NCNcou""",f,f,Twitter for iPhone,38624,8981,2017-10-17 16:16:28+00:00,f,1
920268091329859585,Rep.Tom Marino has informed me that he is withdrawing his name from consideration as drug czar. Tom is a fine man and a great Congressman!,f,f,Twitter for iPhone,42240,6861,2017-10-17 12:39:45+00:00,f,1
920244350268903424,RT @Scavino45: U.S. MARKETS FROM ELECTION DAY {Since 11/8/2016} 📈 https://t.co/HtjHrznQKJ,t,f,Twitter for iPhone,0,6166,2017-10-17 11:05:25+00:00,f,1
920069869365878785,Always great to see the wonderful people of South Carolina. Thank you for the beautiful welcome at Greenville-Spartanburg Int'l Airport! https://t.co/maO9Nc0sTe,f,f,Twitter for iPhone,55694,9703,2017-10-16 23:32:05+00:00,f,1
919914000959397888,"""I was recently asked if Crooked Hillary Clinton is going to run in 2020? My answer was, """"I hope so!""""""",f,f,Twitter for iPhone,125555,26374,2017-10-16 13:12:43+00:00,f,1
919910256624447493,"The U.S. has gained more than 5.2 trillion dollars in Stock Market Value since Election Day! Also, record business enthusiasm.",f,f,Twitter for iPhone,81708,15347,2017-10-16 12:57:50+00:00,f,1
919909494200528897,"Since Election Day on November 8, the Stock Market is up more than 25%, unemployment is at a 17 year low &amp, companies are coming back to U.S.",f,f,Twitter for iPhone,78756,15896,2017-10-16 12:54:49+00:00,f,1
919908143475412993,"Dem Senator Schumer hated the Iran deal made by President Obama, but now that I am involved, he is OK with it. Tell that to Israel, Chuck!",f,f,Twitter for iPhone,63983,16382,2017-10-16 12:49:27+00:00,f,1
919901190376259586,The Democrats only want to increase taxes and obstruct. That's all they are good at!,f,f,Twitter for iPhone,47851,9945,2017-10-16 12:21:49+00:00,f,1
919900022409449474,Art Laffer just said that he doesn't know how a Democrat could vote against the big tax cut/reform bill and live with themselves!  @FoxNews,f,f,Twitter for iPhone,48736,10163,2017-10-16 12:17:10+00:00,f,1
919728356765073408,RT @ABCNewsRadio: Global fund championed by Ivanka Trump to help women entrepreneurs begins operations https://t.co/jUmsY3ON4x https://t.co...,t,f,Twitter for iPhone,0,4409,2017-10-16 00:55:02+00:00,f,1
919727009797951488,"RT @mike_pence: .@EdWGillespie is fighting to grow the economy &amp, cut taxes! He’s fighting for a safer VA. And he’s is fighting for affordab...",t,f,Twitter for iPhone,0,4582,2017-10-16 00:49:41+00:00,f,1
919560102725738498,"...approvals of The Keystone XL &amp, Dakota Access pipelines. Also, look at the recent EPA cancelations &amp, our great new Supreme Court Justice!",f,f,Twitter for iPhone,65187,11590,2017-10-15 13:46:27+00:00,f,1
896109655574708224,"""""""Consumer Comfort Reaches 16-Year High on U.S. Economic Optimism"""" via Bloomberg https://t.co/X6KdszrxsS""",f,f,Twitter for iPhone,44145,9450,2017-08-11 20:42:45+00:00,f,1
919554724512387072,"The Failing @nytimes, in a story by Peter Baker, should have mentioned the rapid terminations by me of TPP &amp, The Paris Accord &amp, the fast....",f,f,Twitter for iPhone,50412,9859,2017-10-15 13:25:05+00:00,f,1
919342572526559232,"""RT @FoxNews: TONIGHT on """"Justice,"""" @JudgeJeanine talks to special guests @EricTrump and @LaraLeaTrump - Tune in at 9p ET on Fox News Channe...""",t,f,Twitter for iPhone,0,3473,2017-10-14 23:22:04+00:00,f,1
919314277177192448,RT @EricTrump: .@LaraLeaTrump and I look forward to being on @JudgeJeanine tonight at 9pm! @FoxNews #MakeAmericaGreatAgain 🇺🇸🇺🇸🇺🇸 https://t...,t,f,Twitter for iPhone,0,4596,2017-10-14 21:29:38+00:00,f,1
919314010587230208,RT @mike_pence: We are heading to Virginia. Looking forward to supporting my friend @EdWGillespie. He will make a great Governor for the Co...,t,f,Twitter for iPhone,0,6321,2017-10-14 21:28:34+00:00,f,1
919313707355787264,The Democrats in the Southwest part of Virginia have been abandoned by their Party. Republican Ed Gillespie will never let you down!,f,f,Twitter for iPhone,59367,12447,2017-10-14 21:27:22+00:00,f,1
919162619889704961,Very proud of my Executive Order which will allow greatly expanded access and far lower costs for HealthCare. Millions of people benefit!,f,f,Twitter for iPhone,99506,17749,2017-10-14 11:27:00+00:00,f,1
919160558712172544,"Health Insurance stocks, which have gone through the roof during the ObamaCare years, plunged yesterday after I ended their Dems windfall!",f,f,Twitter for iPhone,70206,14216,2017-10-14 11:18:49+00:00,f,1
919158911164444672,"""RT @realDonaldTrump: """"Consumer confidence soars to highest level since 2004""""📈https://t.co/RvxCPAFI2A https://t.co/U8MS9K45fX""",t,f,Twitter for iPhone,0,8863,2017-10-14 11:12:16+00:00,f,1
919157971627724800,RT @RightlyNews: @realDonaldTrump @LouDobbs Trust in the media is at the lowest level in all of U.S. history. The American people see throu...,t,f,Twitter for iPhone,0,5471,2017-10-14 11:08:32+00:00,f,1
919157838106300416,RT @RightlyNews: @realDonaldTrump @LouDobbs It is NOT a coincidence that the economy boomed immediately after the 2016 election.,t,f,Twitter for iPhone,0,4235,2017-10-14 11:08:00+00:00,f,1
919012714827145216,"""Such a wonderful statement from the great @LouDobbs. """"We take up what may be the most accomplished presidency in modern American history.""""""",f,f,Twitter for iPhone,57264,12597,2017-10-14 01:31:20+00:00,f,1
919009334016856065,"ObamaCare is causing such grief and tragedy for so many. It is being dismantled but in the meantime, premiums &amp, deductibles are way up!",f,f,Twitter for iPhone,51169,9703,2017-10-14 01:17:54+00:00,f,1
919007577681354752,"Money pouring into Insurance Companies profits, under the guise of ObamaCare, is over. They have made a fortune.Dems must get smart &amp, deal!",f,f,Twitter for iPhone,57608,12333,2017-10-14 01:10:55+00:00,f,1
919005534883328000,"Many people talking, with much agreement, on my Iran speech today. Participants in the deal are making lots of money on trade with Iran!",f,f,Twitter for iPhone,45233,8726,2017-10-14 01:02:48+00:00,f,1
919003314674634752,Starting to develop a much better relationship with Pakistan and its leaders. I want to thank them for their cooperation on many fronts.,f,f,Twitter for iPhone,59187,11352,2017-10-14 00:53:59+00:00,f,1
918960024256434176,#WeeklyAddress🇺🇸 https://t.co/riqEiBNwk2,f,f,Twitter Media Studio,34542,8219,2017-10-13 22:01:57+00:00,f,1
918901399080935424,"Today, I announced our strategy to confront the Iranian regime’s hostile actions and to ensure that they never acquire a nuclear weapon. https://t.co/N4ISdjuEdC",f,f,Twitter Media Studio,55564,13746,2017-10-13 18:09:00+00:00,f,1
918894502185787392,"""""""Consumer confidence soars to highest level since 2004""""📈https://t.co/RvxCPAFI2A https://t.co/U8MS9K45fX""",f,f,Twitter for iPhone,40510,8863,2017-10-13 17:41:36+00:00,f,1
918885859230875649,"In America, we don't worship government - we worship God. #ValuesVotersSummit https://t.co/YQ3iDlWylK",f,f,Twitter for iPhone,67520,16809,2017-10-13 17:07:15+00:00,f,1
918876603148652544,I have no greater privilege than to serve as your Commander-in-Chief. HAPPY BIRTHDAY to the incredible men and women @USNavy!#242NavyBday https://t.co/qcdB4U8CqA,f,f,Twitter for iPhone,61701,13175,2017-10-13 16:30:28+00:00,f,1
918808798059483136,"The wonderful people of Puerto Rico, with their unmatched spirit, know how bad things were before the H's. I will always be with them!",f,f,Twitter for iPhone,53106,9442,2017-10-13 12:01:02+00:00,f,1
918806396875010048,"Hard to believe that the Democrats, who have gone so far LEFT that they are no longer recognizable, are fighting so hard for Sanctuary crime",f,f,Twitter for iPhone,77037,17606,2017-10-13 11:51:30+00:00,f,1
918797009133465600,ObamaCare is a broken mess. Piece by piece we will now begin the process of giving America the great HealthCare it deserves!,f,f,Twitter for iPhone,63724,12099,2017-10-13 11:14:12+00:00,f,1
918796079243677696,"Sadly, they and others are Fake News, and the public is just beginning to figure it out! https://t.co/8B8AyA7V1s",f,f,Twitter for iPhone,42580,9073,2017-10-13 11:10:30+00:00,f,1
918795362122465280,RT @billoreilly: A free press is vital to protecting all Americans. A corrupt press damages the Republic.,t,f,Twitter for iPhone,0,12287,2017-10-13 11:07:39+00:00,f,1
918772522983874561,The Democrats ObamaCare is imploding. Massive subsidy payments to their pet insurance companies has stopped. Dems should call me to fix!,f,f,Twitter for iPhone,53359,10978,2017-10-13 09:36:54+00:00,f,1
918647067224035334,"It is time to take care of OUR COUNTRY, to rebuild OUR COMMUNITIES, and to protect our GREAT AMERICAN WORKERS! #TaxReform https://t.co/FEjGjT4xp9",f,f,Twitter Media Studio,57873,12905,2017-10-13 01:18:23+00:00,f,1
918630610167529472,People are just now starting to find out how dishonest and disgusting (FakeNews) @NBCNews is. Viewers beware. May be worse than even @CNN!,f,f,Twitter for iPhone,72053,16957,2017-10-13 00:12:59+00:00,f,1
918571860308254720,Happy #NationalFarmersDay!📸https://t.co/dN39R1IMlA https://t.co/QbUG1pztaI,f,f,Twitter for iPhone,42043,8644,2017-10-12 20:19:32+00:00,f,1
918541193037967361,"We need a tax system that is FAIR to working FAMILIES &amp, that encourages companies to STAY in AMERICA, GROW in AMERICA, and HIRE in AMERICA! https://t.co/DdI1yWi7YZ",f,f,Twitter Media Studio,58022,12380,2017-10-12 18:17:40+00:00,f,1
918523263554412544,"The time has come to take action to IMPROVE access, INCREASE choices, and LOWER COSTS for HEALTHCARE! ➡️https://t.co/mz5fdveTVh https://t.co/dDZLsKuNSe",f,f,Twitter Media Studio,43865,10148,2017-10-12 17:06:26+00:00,f,1
918457595618365441,The Fake News Is going all out in order to demean and denigrate! Such hatred!,f,f,Twitter for iPhone,66978,13073,2017-10-12 12:45:29+00:00,f,1
918432809282342912,"...We cannot keep FEMA, the Military &amp, the First Responders, who have been amazing (under the most difficult circumstances) in P.R. forever!",f,f,Twitter for iPhone,54280,10468,2017-10-12 11:07:00+00:00,f,1
918430769776914432,...accountability say the Governor. Electric and all infrastructure was disaster before hurricanes. Congress to decide how much to spend....,f,f,Twitter for iPhone,42660,7929,2017-10-12 10:58:53+00:00,f,1
918428456869916672,"""""""Puerto Rico survived the Hurricanes, now a financial crisis looms largely of their own making."""" says Sharyl Attkisson. A total lack of.....""",f,f,Twitter for iPhone,39454,7918,2017-10-12 10:49:42+00:00,f,1
918417002733154305,Clips from tax speech and @seanhannity on @foxandfriends now. Have a great day!,f,f,Twitter for iPhone,31556,5208,2017-10-12 10:04:11+00:00,f,1
918275261011038210,"In even the darkest moments, the light of our people has shown through their goodness, their courage and their love. #USA🇺🇸 https://t.co/8JK8aM2a1L",f,f,Twitter Media Studio,51234,10578,2017-10-12 00:40:57+00:00,f,1
918269386997321730,RT @realDonaldTrump: I will be interviewed tonight on @FoxNews by @SeanHannity at 9pmE. Enjoy!,t,t,Twitter for iPhone,0,7042,2017-10-12 12:17:37+00:00,f,1
918267396493922304,"Network news has become so partisan, distorted and fake that licenses must be challenged and, if appropriate, revoked. Not fair to public!",f,f,Twitter for iPhone,72622,15551,2017-10-12 00:09:42+00:00,f,1
918263984029085697,Joining @SeanHannity tonight at 9pmE on @FoxNews. Enjoy! https://t.co/RCfiJus5Rw,f,f,Twitter for iPhone,26748,4332,2017-10-11 23:56:08+00:00,f,1
918257107182473216,"We need a tax system that is FAIR to working families &amp, that encourages companies to STAY in America, GROW in America, and HIRE in America🇺🇸 https://t.co/u9ZgijgLE3",f,f,Twitter for iPhone,47955,9768,2017-10-11 23:28:49+00:00,f,1
918227740700102657,I will be interviewed tonight on @FoxNews by @SeanHannity at 9pmE. Enjoy!,f,f,Twitter for iPhone,48507,8095,2017-10-11 21:32:07+00:00,f,1
918224393062551552,"Join me LIVE at 5:45pmE from Harrisburg, Pennsylvania! #TaxReform #USA🇺🇸https://t.co/fDUEMpRTcE https://t.co/1mMjl1HNpl",f,f,Twitter for iPhone,23615,4014,2017-10-11 21:18:49+00:00,f,1
918202052102279170,RT @realDonaldTrump: Happy to announce we are awarding $1M to Las Vegas - in order to help local law enforcement working OT to respond to l...,t,t,Twitter for iPhone,0,14904,2017-10-11 07:50:03+00:00,f,1
918201878479073280,Happy to announce we are awarding $1M to Las Vegas - in order to help local law enforcement working OT to respond to last Sunday’s tragedy.,f,f,Twitter for iPhone,97153,15070,2017-10-11 19:49:21+00:00,f,1
918112884630093825,"With all of the Fake News coming out of NBC and the Networks, at what point is it appropriate to challenge their License? Bad for country!",f,f,Twitter for iPhone,82360,17903,2017-10-11 13:55:44+00:00,f,1
918110279367643137,"""Fake @NBCNews made up a story that I wanted a """"tenfold"""" increase in our U.S. nuclear arsenal. Pure fiction, made up to demean. NBC = CNN!""",f,f,Twitter for iPhone,60920,14680,2017-10-11 13:45:22+00:00,f,1
918065431939829760,It is about time that Roger Goodell of the NFL is finally demanding that all players STAND for our great National Anthem-RESPECT OUR COUNTRY,f,f,Twitter for iPhone,89440,16132,2017-10-11 10:47:10+00:00,f,1
918062778522505216,"The Democrats want MASSIVE tax increases &amp, soft, crime producing borders.The Republicans want the biggest tax cut in history &amp, the WALL!",f,f,Twitter for iPhone,70836,15166,2017-10-11 10:36:37+00:00,f,1
918061437750267904,It would be really nice if the Fake News Media would report the virtually unprecedented Stock Market growth since the election.Need tax cuts,f,f,Twitter for iPhone,62324,12026,2017-10-11 10:31:18+00:00,f,1
918060313748164608,"...if Congress gives us the massive tax cuts (and reform) I am asking for, those numbers will grow by leaps and bounds. #MAGA",f,f,Twitter for iPhone,46189,8752,2017-10-11 10:26:50+00:00,f,1
918058910673760258,"Stock Market has increased by 5.2 Trillion dollars since the election on November 8th, a 25% increase. Lowest unemployment in 16 years and..",f,f,Twitter for iPhone,67279,14352,2017-10-11 10:21:15+00:00,f,1
917923131003719681,"...fired. This story is totally made up by the dishonest media.The Chief is doing a FANTASTIC job for me and, more importantly, for the USA!",f,f,Twitter for iPhone,64639,12241,2017-10-11 01:21:43+00:00,f,1
917921548677328896,"The Fake News is at it again, this time trying to hurt one of the finest people I know, General John Kelly, by saying he will soon be.....",f,f,Twitter for iPhone,57732,12404,2017-10-11 01:15:26+00:00,f,1
917894963832246272,My great honor to host the 2017 back-to-back #StanleyCup Champion Pittsburgh Penguins at the WH with @FLOTUS today!https://t.co/qyT4bcHVuR https://t.co/rBwGmhMnPX,f,f,Twitter for iPhone,55579,11089,2017-10-10 23:29:47+00:00,f,1
917745272448602115,RT @IsraelUSAforevr: @realDonaldTrump  https://t.co/dBvwKDdesD,t,f,Twitter for iPhone,0,14871,2017-10-10 13:34:58+00:00,f,1
917734186848579584,"The Failing @nytimes set Liddle' Bob Corker up by recording his conversation. Was made to sound a fool, and that's what I am dealing with!",f,f,Twitter for iPhone,51433,11306,2017-10-10 12:50:55+00:00,f,1
917724872905777155,"""Highly respected author, Christopher Bedford, just came out with book, """"The Art of the Donald, Lessons from America's...."""" Really good book!""",f,f,Twitter for iPhone,48805,8974,2017-10-10 12:13:54+00:00,f,1
917701841466593280,"""With Jemele Hill at the mike, it is no wonder ESPN ratings have """"tanked,"""" in fact, tanked so badly it is the talk of the industry!""",f,f,Twitter for iPhone,79742,15577,2017-10-10 10:42:23+00:00,f,1
917698839846576130,"Since Congress can't get its act together on HealthCare, I will be using the power of the pen to give great HealthCare to many people - FAST",f,f,Twitter for iPhone,83555,17638,2017-10-10 10:30:28+00:00,f,1
917695847063805952,"The problem with agreeing to a policy on immigration is that the Democrats don't want secure borders,they don't care about safety for U.S.A.",f,f,Twitter for iPhone,71836,17234,2017-10-10 10:18:34+00:00,f,1
917694644481413120,"Why is the NFL getting massive tax breaks while at the same time disrespecting our Anthem, Flag and Country? Change tax law!",f,f,Twitter for iPhone,117135,25938,2017-10-10 10:13:47+00:00,f,1
917578384800124929,RT @IvankaTrump: .@realDonaldTrump stock market rally is close to becoming the greatest in 85 years https://t.co/5WlZa82Mij,t,f,Twitter for iPhone,0,13202,2017-10-10 02:31:49+00:00,f,1
917578120819068928,We have just begun! https://t.co/x8pSdEB2Ur,f,t,Twitter for iPhone,1787,474,2017-10-10 02:30:46+00:00,f,1
917568245854605313,"""A big salute to Jerry Jones, owner of the Dallas Cowboys, who will BENCH players who disrespect our Flag.""""Stand for Anthem or sit for game!""""""",f,f,Twitter for iPhone,141986,27494,2017-10-10 01:51:32+00:00,f,1
917458408927842305,"""""""President Donald J. Trump Proclaims October 9, 2017, as #ColumbusDay"""" https://t.co/cbQRst4lN4""",f,f,Twitter for iPhone,57474,12686,2017-10-09 18:35:04+00:00,f,1
917345200414035969,The trip by @VP Pence was long planned. He is receiving great praise for leaving game after the players showed such disrespect for country!,f,f,Twitter for iPhone,92173,16388,2017-10-09 11:05:13+00:00,f,1
917341511754436609,"Our country has been unsuccessfully dealing with North Korea for 25 years, giving billions of dollars &amp, getting nothing. Policy didn't work!",f,f,Twitter for iPhone,90852,16965,2017-10-09 10:50:34+00:00,f,1
917177470532636672,"""""""The Republican Party is racking up record amounts of small dollar donations - fueled by Trump supporters.....""""   @nypost  Thank you!""",f,f,Twitter for iPhone,63267,11465,2017-10-08 23:58:43+00:00,f,1
917172144710103040,Nobody could have done what I’ve done for #PuertoRico with so little appreciation. So much work! https://t.co/k2jAkIpfjI,f,f,Twitter Media Studio,65150,15624,2017-10-08 23:37:34+00:00,f,1
917130468025348096,"Bob Corker gave us the Iran Deal, &amp, that's about it. We need HealthCare, we need Tax Cuts/Reform, we need people that can get the job done!",f,f,Twitter for iPhone,67646,14424,2017-10-08 20:51:57+00:00,f,1
917115154504077313,RT @opinionsamerica: @realDonaldTrump Strong administration leads to a strong response.,t,f,Twitter for iPhone,0,3625,2017-10-08 19:51:06+00:00,f,1
917091286607433728,"I asked @VP Pence to leave stadium if any players kneeled, disrespecting our country. I am proud of him and @SecondLady Karen.",f,f,Twitter for iPhone,113824,21917,2017-10-08 18:16:16+00:00,f,1
917030148867682304,"...Hence, I would fully expect Corker to be a negative voice and stand in the way of our great agenda. Didn't have the guts to run!",f,f,Twitter for iPhone,55280,10625,2017-10-08 14:13:19+00:00,f,1
917029060471152640,"""..my endorsement). He also wanted to be Secretary of State, I said """"NO THANKS."""" He is also largely responsible for the horrendous Iran Deal!""",f,f,Twitter for iPhone,52681,10248,2017-10-08 14:09:00+00:00,f,1
917026789188399105,"""Senator Bob Corker """"begged"""" me to endorse him for re-election in Tennessee. I said """"NO"""" and he dropped out (said he could not win without...""",f,f,Twitter for iPhone,59806,12163,2017-10-08 13:59:58+00:00,f,1
917024076165734401,#LasVegasStrong #USA🇺🇸🎥https://t.co/4iGwdL4kia,f,f,Twitter for iPhone,31135,5172,2017-10-08 13:49:11+00:00,f,1
917007101519650817,RT @realDonaldTrump: More and more people are suggesting that Republicans (and me) should be given Equal Time on T.V. when you look at the...,t,f,Twitter for iPhone,0,14250,2017-10-08 12:41:44+00:00,f,1
916780428253687808,Leaving the White House for the Great State of North Carolina. Big progress being made on many fronts!,f,f,Twitter for iPhone,64048,9534,2017-10-07 21:41:01+00:00,f,1
916763438805848066,Thanks for your support! https://t.co/iqUM1RfQso,f,f,Twitter for iPhone,51634,10615,2017-10-07 20:33:31+00:00,f,1
916751271960436737,"...hasn't worked, agreements violated before the ink was dry, makings fools of U.S. negotiators. Sorry, but only one thing will work!",f,f,Twitter for iPhone,63595,13833,2017-10-07 19:45:10+00:00,f,1
916750042014404608,"Presidents and their administrations have been talking to North Korea for 25 years, agreements made and massive amounts of money paid......",f,f,Twitter for iPhone,60863,14025,2017-10-07 19:40:17+00:00,f,1
916747884716011521,Will be joining @GovMikeHuckabee tonight at 8pmE on @TBN. Enjoy! https://t.co/Y5hGPpYZfl,f,f,Twitter for iPhone,30060,5963,2017-10-07 19:31:42+00:00,f,1
916665576940097536,"Our great team at @FEMA is prepared for #HurricaneNate. Everyone in LA, MS, AL, and FL please listen to your local authorities &amp, be safe!",f,f,Twitter for iPhone,56256,11241,2017-10-07 14:04:39+00:00,f,1
916655548623413248,".@NBCNews is so knowingly inaccurate with their reporting. The good news is that the PEOPLE get it, which is really all that matters! Not #1",f,f,Twitter for iPhone,61461,12294,2017-10-07 13:24:48+00:00,f,1
916638685914951680,"I called Chuck Schumer yesterday to see if the Dems want to do a great HealthCare Bill. ObamaCare is badly broken, big premiums. Who knows!",f,f,Twitter for iPhone,58585,10159,2017-10-07 12:17:47+00:00,f,1
916635236238274561,More and more people are suggesting that Republicans (and me) should be given Equal Time on T.V. when you look at the one-sided coverage?,f,f,Twitter for iPhone,79021,14250,2017-10-07 12:04:05+00:00,f,1
916634286811435008,"""Late Night host are dealing with the Democrats for their very """"unfunny"""" &amp, repetitive material, always anti-Trump! Should we get Equal Time?""",f,f,Twitter for iPhone,62941,11323,2017-10-07 12:00:18+00:00,f,1
916622087606980609,"...contributions. The RNC is taking in far more $'s than the Dems, and much of it by my wonderful small donors. I am working hard for them!",f,f,Twitter for iPhone,56486,9784,2017-10-07 11:11:50+00:00,f,1
916620603741868032,"""Can't believe I finally got a good story in the @washingtonpost. It discusses the enthusiasm of """"Trump"""" voters through campaign....""",f,f,Twitter for iPhone,56354,10678,2017-10-07 11:05:56+00:00,f,1
916124989736308736,RT @FoxBusiness: #StockAlert: U.S. markets since the election https://t.co/1kwamJuizO,t,f,Twitter for iPhone,0,9540,2017-10-06 02:16:32+00:00,f,1
916124754620420097,"RT @Scavino45: .@POTUS @realDonaldTrump in the Oval Office w/senior U.S. military leaders prior to dinner hosted by the President &amp, First L...",t,f,Twitter for iPhone,0,6797,2017-10-06 02:15:36+00:00,f,1
916120435762266114,"Ralph Northam,who is running for Governor of Virginia,is fighting for the violent MS-13 killer gangs &amp, sanctuary cities.  Vote Ed Gillespie!",f,f,Twitter for iPhone,77247,20366,2017-10-06 01:58:27+00:00,f,1
915907150333009920,Rex Tillerson never threatened to resign. This is Fake News put out by @NBCNews. Low news and reporting standards. No verification from me.,f,f,Twitter for iPhone,66507,14639,2017-10-05 11:50:56+00:00,f,1
915896809536589824,Stock Market hits an ALL-TIME high! Unemployment lowest in 16 years! Business and manufacturing enthusiasm at highest level in decades!,f,f,Twitter for iPhone,134448,29111,2017-10-05 11:09:50+00:00,f,1
915894251967385600,Why Isn't the Senate Intel Committee looking into the Fake News Networks in OUR country to see why so much of our news is just made up-FAKE!,f,f,Twitter for iPhone,78026,18138,2017-10-05 10:59:40+00:00,f,1
915890821228048385,Thank you! https://t.co/YMuqSvvTSB,f,f,Twitter for iPhone,50119,8507,2017-10-05 10:46:02+00:00,f,1
915890389269254145,"So wonderful to be in Las Vegas yesterday and meet with people, from police to doctors to the victims themselves, who I will never forget!",f,f,Twitter for iPhone,85378,12092,2017-10-05 10:44:19+00:00,f,1
915887841896484866,"""RT @ABC: Pres. Trump: """"We cannot be defined by the evil that threatens us or the violence that incites such terror."""" https://t.co/eduBJDysI...""",t,f,Twitter for iPhone,0,5031,2017-10-05 10:34:12+00:00,f,1
915887200767758337,"RT @Scavino45: .@POTUS &amp, @FLOTUS w/ @LVMPD Officer Cook, 2nd day on job, received gunshot wound to the right chest &amp, right arm, saving live...",t,f,Twitter for iPhone,0,7934,2017-10-05 10:31:39+00:00,f,1
915887139048574976,RT @Scavino45: .@POTUS @realDonaldTrump and @FLOTUS Melania visit with @UMCSN patient Tiffany Huizarin Las Vegas earlier today. #VegasStron...,t,f,Twitter for iPhone,0,6537,2017-10-05 10:31:24+00:00,f,1
915886953194770433,RT @FoxNews: Geraldo Blasts 'Fake News' Reports About Trump's Visit to Puerto Rico https://t.co/9jO0D3BMvE,t,f,Twitter for iPhone,0,8936,2017-10-05 10:30:40+00:00,f,1
915745470689005573,"On behalf of a GRATEFUL NATION, THANK YOU to all of the First Responders (HEROES) who saved countless lives in Las Vegas on Sunday night. https://t.co/ZxuMYWnNHv",f,f,Twitter for iPhone,95057,18869,2017-10-05 01:08:28+00:00,f,1
915722355757985792,WE LOVE YOU LAS VEGAS! https://t.co/nxRWeR1gEz,f,f,Twitter for iPhone,82938,18986,2017-10-04 23:36:37+00:00,f,1
915604746936967168,I will be landing in Las Vegas shortly to pay my respects with @FLOTUS Melania. Everyone remains in our thoughts and prayers.,f,f,Twitter for iPhone,77296,10591,2017-10-04 15:49:17+00:00,f,1
915596990674849792,The @NBCNews story has just been totally refuted by Sec. Tillerson and @VP Pence. It is #FakeNews. They should issue an apology to AMERICA!,f,f,Twitter for iPhone,58301,14178,2017-10-04 15:18:28+00:00,f,1
915589297096536065,NBC news is #FakeNews and more dishonest than even CNN. They are a disgrace to good reporting. No wonder their news ratings are way down!,f,f,Twitter for iPhone,79894,16949,2017-10-04 14:47:53+00:00,f,1
899945866991206400,"Was with great people last night in Fort Myer, Virginia. The future of our country is strong!",f,f,Twitter for iPhone,76875,12216,2017-08-22 10:46:29+00:00,f,1
915539424406114304,"Wow, so many Fake News stories today. No matter what I do or say, they will not write or speak truth. The Fake News Media is out of control!",f,f,Twitter for iPhone,131315,29643,2017-10-04 11:29:43+00:00,f,1
915523382686478337,"A great day in Puerto Rico yesterday. While some of the news coverage is Fake, most showed great warmth and friendship.",f,f,Twitter for iPhone,74819,11716,2017-10-04 10:25:58+00:00,f,1
915379231454003200,"My Administration will continue to work around the clock with Governor @RicardoRossello &amp, his team. Great progress being made! #PRStrong🇵🇷 https://t.co/1aL9YrwTvC",f,f,Twitter for iPhone,58006,11693,2017-10-04 00:53:10+00:00,f,1
915372999385198592,RT @PressSec: .@POTUS and @FLOTUS meet w/ some of America's finest on the USS Kearsarge off the coast of PR. https://t.co/sR3Jd6rvNK,t,f,Twitter for iPhone,0,6837,2017-10-04 00:28:24+00:00,f,1
915372694060830721,RT @seanhannity: Tonight the truth about how despicable the media and the left are in America today. We will name names. 9 est Hannity Fox...,t,t,Twitter for iPhone,0,11139,2017-10-04 12:27:11+00:00,f,1
915372545704173570,"RT @IvankaTrump: 3/4: This Administration is deeply committed to those who serve &amp, their families who make it possible through their love a...",t,f,Twitter for iPhone,0,6630,2017-10-04 00:26:36+00:00,f,1
915372286575816705,RT @billoreilly: FNC dominated ratings last night. MSNBC-disaster demonstrating folks don't trust the network. https://t.co/rryWmyXe7C toni...,t,f,Twitter for iPhone,0,6503,2017-10-04 00:25:34+00:00,f,1
915371898774618112,RT @Jenniffer2012: Thank you @realDonaldTrump for all the help you are providing for Puerto Rico. We’re are grateful and happy to welcome y...,t,f,Twitter for iPhone,0,11705,2017-10-04 00:24:02+00:00,f,1
915371086249971712,"""It is a """"miracle"""" how fast the Las Vegas Metropolitan Police were able to find the demented shooter and stop him from even more killing!""",f,f,Twitter for iPhone,88922,13041,2017-10-04 00:20:48+00:00,f,1
915351470354108417,"So proud of @FEMA, Military, and First Responders! Thank you! https://t.co/kWVMqVelri",f,f,Twitter for iPhone,50770,9742,2017-10-03 23:02:51+00:00,f,1
915335645719121920,Great meeting with Governor Mapp of the #USVI. He is very thankful for the great job done by @FEMA and First Responders. https://t.co/AtBGEpDF9C,f,f,Twitter for iPhone,33189,5848,2017-10-03 21:59:58+00:00,f,1
915326171063242752,Leaving Puerto Rico now for D.C. Will be in Las Vegas early tomorrow to pay my respects. Everyone is in my thoughts and prayers. https://t.co/dBvZUIUfr0,f,f,Twitter for iPhone,63371,11006,2017-10-03 21:22:19+00:00,f,1
915179824012042241,I am so proud of our great Country. God bless America!,f,f,Twitter for iPhone,180812,34142,2017-10-03 11:40:47+00:00,f,1
914810093874671617,My warmest condolences and sympathies to the victims and families of the terrible Las Vegas shooting. God bless you!,f,f,Twitter for iPhone,271876,59767,2017-10-02 11:11:37+00:00,f,1
914661855947366406,Congratulations to #TeamUSA🇺🇸🏆on your great @PresidentsCup victory! https://t.co/fZeP1e9mo7,f,f,Twitter Media Studio,59307,9608,2017-10-02 01:22:34+00:00,f,1
914565910798782465,"Being nice to Rocket Man hasn't worked in 25 years, why would it work now? Clinton failed, Bush failed, and Obama failed. I won't fail.",f,f,Twitter for iPhone,159550,37986,2017-10-01 19:01:19+00:00,f,1
914497947517227008,"...Save your energy Rex, we'll do what has to be done!",f,f,Twitter for iPhone,52283,10874,2017-10-01 14:31:15+00:00,f,1
914497877543735296,"I told Rex Tillerson, our wonderful Secretary of State, that he is wasting his time trying to negotiate with Little Rocket Man...",f,f,Twitter for iPhone,86156,20367,2017-10-01 14:30:59+00:00,f,1
914467502251528192,...for safety. Thank you to the Governor of P.R. and to all of those who are working so closely with our First Responders. Fantastic job!,f,f,Twitter for iPhone,64398,11145,2017-10-01 12:30:17+00:00,f,1
914466534365569025,...people are now starting to recognize the amazing work that has been done by FEMA and our great Military. All buildings now inspected.....,f,f,Twitter for iPhone,68188,12570,2017-10-01 12:26:26+00:00,f,1
914465475777695744,"We have done a great job with the almost impossible situation in Puerto Rico. Outside of the Fake News or politically motivated ingrates,...",f,f,Twitter for iPhone,68685,14237,2017-10-01 12:22:14+00:00,f,1
914461244702232577,"RT @SLandinSoCal: When you kneel for our #NationalAnthem, you aren't protesting a specific issue, you are protesting our Nation and EVERYTH...",t,t,Twitter for iPhone,0,17122,2017-10-01 12:05:25+00:00,f,1
914310901855129601,"19,000 RESPECTING our National Anthem! #StandForOurAnthem🇺🇸 https://t.co/czutyGaMQV",f,f,Twitter for iPhone,98636,25305,2017-10-01 02:08:00+00:00,f,1
914269704440737792,"In analyzing the Alabama Primary race,FAKE NEWS always fails to mention that the candidate I endorsed went up MANY points after endorsement!",f,f,Twitter for iPhone,39671,5678,2017-09-30 23:24:18+00:00,f,1
914267744345972737,"In analyzing the Alabama Primary race, Fake News always fails to mention that the candidate I endorsed went up MANY points after Election!",f,t,Twitter for iPhone,1416,294,2017-09-30 11:16:31+00:00,f,1
914260261304860672,"Because of #FakeNews my people are not getting the credit they deserve for doing a great job. As seen here, they are ALL doing a GREAT JOB! https://t.co/1ltW2t3rwy",f,f,Twitter Media Studio,78002,25276,2017-09-30 22:46:47+00:00,f,1
914255264282480640,"Very important that NFL players STAND tomorrow, and always, for the playing of our National Anthem. Respect our Flag and our Country!",f,f,Twitter for iPhone,105876,21476,2017-09-30 22:26:55+00:00,f,1
914252271982178306,"I will be in PR on Tues. to further ensure we continue doing everything possible to assist &amp, support the people in their time of great need.",f,f,Twitter for iPhone,56799,10367,2017-09-30 22:15:02+00:00,f,1
914227642131509248,Results of recovery efforts will speak much louder than complaints by San Juan Mayor. Doing everything we can to help great people of PR!,f,f,Twitter for iPhone,64876,13790,2017-09-30 20:37:10+00:00,f,1
914217658517737472,We must all be united in offering assistance to everyone suffering in Puerto Rico and elsewhere in the wake of this terrible disaster.,f,f,Twitter for iPhone,57102,10969,2017-09-30 19:57:29+00:00,f,1
914217477495717889,"@ricardorossello ......#FakeNews critics are working overtime, but we're getting great marks from the people that truly matter! #PRStrong🇵🇷",f,f,Twitter for iPhone,29948,5982,2017-09-30 19:56:46+00:00,f,1
914217117695795201,"My Administration, Governor @RicardoRossello, and many others are working together to help the people of Puerto Rico in every way...",f,f,Twitter for iPhone,38899,7660,2017-09-30 19:55:20+00:00,f,1
914216744385904640,To the people of Puerto Rico:Do not believe the #FakeNews!#PRStrong🇵🇷,f,f,Twitter for iPhone,52933,12352,2017-09-30 19:53:51+00:00,f,1
914214237584674816,Congresswoman Jennifer Gonzalez-Colon of Puerto Rico has been wonderful to deal with and a great representative of the people. Thank you!,f,f,Twitter for iPhone,52552,10167,2017-09-30 19:43:54+00:00,f,1
914210813237489666,Just spoke to Governor Kenneth Mapp of the U.S. Virgin Islands who stated that #FEMA and Military are doing a GREAT job! Thank you Governor!,f,f,Twitter for iPhone,51182,10573,2017-09-30 19:30:17+00:00,f,1
914208123564494850,"The Governor of Puerto Rico, Ricardo Rossello, is a great guy and leader who is really working hard. Thank you Ricky!",f,f,Twitter for iPhone,55962,11031,2017-09-30 19:19:36+00:00,f,1
914189344533024768,"Despite the Fake News Media in conjunction with the Dems, an amazing job is being done in Puerto Rico. Great people!",f,f,Twitter for iPhone,64517,13121,2017-09-30 18:04:59+00:00,f,1
914099295963553792,The Fake News Networks are working overtime in Puerto Rico doing their best to take the spirit away from our soldiers and first R's. Shame!,f,f,Twitter for iPhone,75811,19187,2017-09-30 12:07:09+00:00,f,1
914096428879933440,I will be going to Puerto Rico on Tuesday with Melania. Will hopefully be able to stop at the U.S. Virgin Islands (people working hard).,f,f,Twitter for iPhone,58175,10794,2017-09-30 11:55:46+00:00,f,1
914094625488502784,"""Fake News CNN and NBC are going out of their way to disparage our great First Responders as a way to """"get Trump."""" Not fair to FR or effort!""",f,f,Twitter for iPhone,66981,16209,2017-09-30 11:48:36+00:00,f,1
914092750924128262,"RT @FLOTUS: Thank you to all who participated in today's discussion on opioid abuse. By talking about it, we can start to make a real diffe...",t,f,Twitter for iPhone,0,8733,2017-09-30 11:41:09+00:00,f,1
914092638403485696,RT @DeptofDefense: VIDEO: Elements of the #DoD and @FEMA are providing humanitarian relief for #PuertoRico 🇵🇷  and #USVI 🇻🇮 . https://t.co/...,t,f,Twitter for iPhone,0,5592,2017-09-30 11:40:42+00:00,f,1
914092399378526209,"RT @usairforce: ⚡️ “#AirForce relief efforts in #PuertoRico &amp, #VirginIslands”https://t.co/gonmsZusSe",t,f,Twitter for iPhone,0,5854,2017-09-30 11:39:45+00:00,f,1
914091203855048704,"RT @USCGSoutheast: .@USCG crews worked together with the @RedCross, @fema, and members of local #police, #fire and #government to distribut...",t,f,Twitter for iPhone,0,6910,2017-09-30 11:35:00+00:00,f,1
914090947180470272,"The military and first responders, despite no electric, roads, phones etc., have done an amazing job. Puerto Rico was totally destroyed.",f,f,Twitter for iPhone,52142,10668,2017-09-30 11:33:59+00:00,f,1
914089888596754434,"...want everything to be done for them when it should be a community effort. 10,000 Federal workers now on Island doing a fantastic job.",f,f,Twitter for iPhone,58067,12287,2017-09-30 11:29:47+00:00,f,1
914089003745468417,"...Such poor leadership ability by the Mayor of San Juan, and others in Puerto Rico, who are not able to get their workers to help. They....",f,f,Twitter for iPhone,46536,11926,2017-09-30 11:26:16+00:00,f,1
914087234869047296,"The Mayor of San Juan, who was very complimentary only a few days ago, has now been told by the Democrats that you must be nasty to Trump.",f,f,Twitter for iPhone,57608,16911,2017-09-30 11:19:14+00:00,f,1
913939816236093440,"RT @Scavino45: #USNSComfort en route to #PuertoRico, from Norfolk, Virginia to support Hurricane Maria relief efforts. 🇺🇸🇵🇷 https://t.co/HW...",t,f,Twitter for iPhone,0,5986,2017-09-30 01:33:27+00:00,f,1
913939669800202240,"RT @Scavino45: Under POTUS' @realDonaldTrump ☑️S&amp,P 500 38th📈Record High ☑️NASDAQ 44th📈Record High☑️#MakeAmericaGreatAgain🇺🇸 https://t.co...",t,f,Twitter for iPhone,0,6344,2017-09-30 01:32:52+00:00,f,1
913939062276358149,"""RT @Scavino45: """"Manufacturer Optimism Hits Record High After #TaxReform Plan Revealed"""" https://t.co/RbVmEe4sqq""",t,f,Twitter for iPhone,0,3862,2017-09-30 01:30:27+00:00,f,1
913938985449328641,"RT @Scavino45: POTUS' @realDonaldTrump on Hurricane Response Efforts in #PuertoRico on Instagram, part of 9/29/17 Weekly Address.🎥https://...",t,f,Twitter for iPhone,0,4443,2017-09-30 01:30:08+00:00,f,1
913938781434204160,RT @EricTrump: Congratulations @SeanHannity! Looking forward to being on the show tonight at 9pmET  Hannity beats Maddow - POLITICO https:/...,t,f,Twitter for iPhone,0,4728,2017-09-30 01:29:20+00:00,f,1
913938593370042368,RT @FoxNews: TUNE IN: @EricTrump joins @seanhannity TONIGHT at 9p ET on @FoxNews Channel! #Hannityat9 https://t.co/foDzkcAKJe,t,f,Twitter for iPhone,0,2283,2017-09-30 01:28:35+00:00,f,1
913937483515269120,"RT @LouDobbs: #AmericaFirst- @KellyannePolls: The Middle Class &amp, businesses will benefit from @POTUS' historic tax revolution. #Dobbs #MAGA...",t,f,Twitter for iPhone,0,4334,2017-09-30 01:24:10+00:00,f,1
913902084461916161,"@IMPDnews @POTUS THANK YOU to the amazing Indianapolis Metropolitan Police Department and all law enforcement officers, for all you do 24/7/365! #LESM https://t.co/XFqxbMBEbP",f,f,Twitter for iPhone,3601,1175,2017-09-29 23:03:31+00:00,f,1
913892019847778305,Join me for my #WeeklyAddress🇺🇸https://t.co/QeeKnFuHue https://t.co/NnM2jOkEs0,f,f,Twitter Media Studio,24402,4987,2017-09-29 22:23:31+00:00,f,1
913888647631577088,"My thoughts are with all those observing Yom Kippur, the holiest day of the Jewish year. https://t.co/0LuZCZl29D",f,f,Twitter for iPhone,44537,9385,2017-09-29 22:10:07+00:00,f,1
913856413541138432,Thank you @ShopFloorNAM. An honor to be with you today. Great news! Manufacturers report record-high economic optimism in 2017. #TaxReform https://t.co/4sgMWGotOF,f,f,Twitter for iPhone,26398,5058,2017-09-29 20:02:02+00:00,f,1
913821956625059840,This week we came one step closer to reaching the goal of aligning the skills taught in our nation’s classrooms with the jobs of the future. https://t.co/9s1ggeIJJ5,f,f,Twitter Media Studio,42590,8235,2017-09-29 17:45:07+00:00,f,1
913760243770896389,"RECORD HIGH FOR S &amp, P 500!",f,f,Twitter for iPhone,50058,8853,2017-09-29 13:39:53+00:00,f,1
913757869627133953,"Thank you to FEMA, our great Military &amp, all First Responders who are working so hard,against terrible odds,in Puerto Rico. See you Tuesday!",f,f,Twitter for iPhone,61524,11193,2017-09-29 13:30:27+00:00,f,1
913724766208610304,...The fact is that Puerto Rico has been destroyed by two hurricanes. Big decisions will have to be made as to the cost of its rebuilding!,f,f,Twitter for iPhone,48687,8921,2017-09-29 11:18:55+00:00,f,1
913723771336392704,"""Puerto Rico Governor Ricardo Rossello just stated: """"The Administration and the President, every time we've spoken, they've delivered......""",f,f,Twitter for iPhone,56858,12540,2017-09-29 11:14:57+00:00,f,1
913589799411490817,GDP was revised upward to 3.1 for last quarter. Many people thought it would be years before that happened. We have just begun!,f,f,Twitter for iPhone,76751,17406,2017-09-29 02:22:36+00:00,f,1
913570791698173952,RT @GOPChairwoman: The Trump Inaugural Committee is donating $3 million in surplus funds to victims of the latest hurricanes. https://t.co...,t,f,Twitter for iPhone,0,11562,2017-09-29 01:07:04+00:00,f,1
913554705816711168,"""Puerto Rico is devastated. Phone system, electric grid many roads, gone. FEMA and First Responders are amazing. Governor said """"great job!""""""",f,f,Twitter for iPhone,55157,10718,2017-09-29 00:03:09+00:00,f,1
913551290717831170,RT @billoreilly: Hannity crushing MSNBC at 9. Good for him! Check the No Spin News on https://t.co/rryWmyXe7C. Killing England a huge bests...,t,f,Twitter for iPhone,0,7795,2017-09-28 23:49:35+00:00,f,1
913550853239443457,RT @IvankaTrump: Thank you to the amazing men and women working tirelessly to bring relief to those in need. #PuertoRico #HurricaneMaria ht...,t,f,Twitter for iPhone,0,7753,2017-09-28 23:47:51+00:00,f,1
913550237377138688,...really hard to help but many have lost their homes. Military is now on site and I will be there Tuesday. Wish press would treat fairly!,f,f,Twitter for iPhone,62742,11350,2017-09-28 23:45:24+00:00,f,1
913549374227181568,"FEMA &amp, First Responders are doing a GREAT job in Puerto Rico. Massive food &amp, water delivered. Docks &amp, electric grid dead. Locals trying....",f,f,Twitter for iPhone,46144,8668,2017-09-28 23:41:58+00:00,f,1
913488283321159680,Welcome back @SteveScalise!#TeamScalise https://t.co/CoRed8rfL2,f,f,Twitter Media Studio,56296,11416,2017-09-28 19:39:13+00:00,f,1
913403237033742336,The electric power grid in Puerto Rico is totally shot. Large numbers of generators are now on Island. Food and water on site.,f,f,Twitter for iPhone,73003,14182,2017-09-28 14:01:16+00:00,f,1
913371663789625344,Democrats don't want massive tax cuts - how does that win elections? Great reviews for Tax Cut and Reform Bill.,f,f,Twitter for iPhone,66189,13876,2017-09-28 11:55:48+00:00,f,1
913220484640182272,"It is time to take care of OUR people, to rebuild OUR NATION, and to fight for OUR GREAT AMERICAN WORKERS! #TaxReform #USA🇺🇸 https://t.co/LsZvHg3got",f,f,Twitter for iPhone,64293,14047,2017-09-28 01:55:05+00:00,f,1
913187235452690432,"This is the right TAX CUT @ the RIGHT TIME. We will ALL succeed &amp, grow TOGETHER – as one team, one people, &amp, one American family. #TaxReform https://t.co/rtLWANJjIQ",f,f,Twitter Media Studio,52117,11816,2017-09-27 23:42:57+00:00,f,1
913117797231857664,"Just arrived in Indianapolis, Indiana to make an announcement on #TaxReform! Together, we are going to MAKE AMERICA GREAT AGAIN! https://t.co/Dy9UwhkWHL",f,f,Twitter for iPhone,50788,8675,2017-09-27 19:07:02+00:00,f,1
913035855509491712,..But the people were Pro-Trump! Virtually no President has accomplished what we have accomplished in the first 9 months-and economy roaring,f,f,Twitter for iPhone,80909,14689,2017-09-27 13:41:25+00:00,f,1
913034591879024640,"Facebook was always anti-Trump.The Networks were always anti-Trump hence,Fake News, @nytimes(apologized) &amp, @WaPo were anti-Trump. Collusion?",f,f,Twitter for iPhone,55055,12662,2017-09-27 13:36:24+00:00,f,1
913004378486984704,"We will have the votes for Healthcare but not for the reconciliation deadline of Friday, after which we need 60. Get rid of Filibuster Rule!",f,f,Twitter for iPhone,54348,10487,2017-09-27 11:36:21+00:00,f,1
913003340451188737,"With one Yes vote in hospital &amp, very positive signs from Alaska and two others (McCain is out), we have the HCare Vote, but not for Friday!",f,f,Twitter for iPhone,45936,7920,2017-09-27 11:32:13+00:00,f,1
912997506900021248,Spoke to Jerry Jones of the Dallas Cowboys yesterday. Jerry is a winner who knows how to get things done. Players will stand for Country!,f,f,Twitter for iPhone,79083,13921,2017-09-27 11:09:02+00:00,f,1
912994446219898880,Spoke to Roy Moore of Alabama last night for the first time. Sounds like a really great guy who ran a fantastic race. He will help to #MAGA!,f,f,Twitter for iPhone,53076,12070,2017-09-27 10:56:53+00:00,f,1
912863676792786946,"Congratulations to Roy Moore on his Republican Primary win in Alabama. Luther Strange started way back &amp, ran a good race. Roy, WIN in Dec!",f,f,Twitter for iPhone,73553,13789,2017-09-27 02:17:15+00:00,f,1
912860336100904960,"Congratulations to Roy Moore on his Republican Primary win in Alabama. Luther Strange started way back &amp, ran a good race. Roy, WIN in Nov!",f,t,Twitter for iPhone,12517,3296,2017-09-27 02:03:58+00:00,f,1
912848241535971331,"Even Usain Bolt from Jamaica, one of the greatest runners and athletes of all time, showed RESPECT for our National Anthem! 🇺🇸🇯🇲 https://t.co/zkenuAP9RS",f,f,Twitter for iPhone,123692,34852,2017-09-27 01:15:55+00:00,f,1
912836917296877569,"70 years ago today, the National Security Council met for the first time. Great history of advising Presidents-then &amp, now! Thanks NSC Staff!",f,f,Twitter for iPhone,46442,6905,2017-09-27 00:30:55+00:00,f,1
912825663694016522,Thank you to our wonderful team @USUN and their families. Keep up the GREAT work! #USA🇺🇸 https://t.co/s7KhlSMEqY,f,f,Twitter for iPhone,28928,5006,2017-09-26 23:46:12+00:00,f,1
912809860965613568,It was an honor to welcome President @MarianoraJoy of Spain. Thank you for standing w/ us in our efforts to isolate the brutal #NoKo regime. https://t.co/43U4T34JgF,f,f,Twitter Media Studio,33353,6817,2017-09-26 22:43:24+00:00,f,1
912807096885723137,I want to express our support and extend our prayers to all those affected by the vile terror attack in Spain last month. 🇺🇸🇪🇸 https://t.co/5mT0QXFlnL,f,f,Twitter Media Studio,39585,6790,2017-09-26 22:32:25+00:00,f,1
912792478096302080,"America's hearts &amp, prayers are with the people of #PuertoRico &amp, the #USVI. We will get through this - and we will get through this TOGETHER! https://t.co/NcmsF4Fqpr",f,f,Twitter Media Studio,39542,8428,2017-09-26 21:34:20+00:00,f,1
912779672257261569,Heading over to the @UN to meet with Ambassador @NikkiHaley and all of her great representatives! #USA🇺🇸,f,f,Twitter for iPhone,36763,5475,2017-09-26 20:43:27+00:00,f,1
912771708544802823,"RT @ricardorossello: Briefed @POTUS @realDonaldTrump in #SituationRoom and thanked him for his leadership, quick response &amp, commitment to o...",t,f,Twitter for iPhone,0,6519,2017-09-26 20:11:48+00:00,f,1
912711807709667331,Honored to welcome Republican and Democrat members of the House Ways and Means Committee to the White House today! #USA🇺🇸 https://t.co/nWnX9CDP0d,f,f,Twitter for iPhone,32038,5482,2017-09-26 16:13:46+00:00,f,1
912670906828443648,"ALABAMA, get out and vote for Luther Strange - he has proven to me that he will never let you down! #MAGA",f,t,Twitter for iPhone,27784,4968,2017-09-26 01:31:15+00:00,f,1
912664574461120512,The NFL has all sorts of rules and regulations. The only way out for them is to set a rule that you can't kneel during our National Anthem!,f,f,Twitter for iPhone,74563,15415,2017-09-26 13:06:05+00:00,f,1
912651215997202432,"Thank you to Carmen Yulin Cruz, the Mayor of San Juan, for your kind words on FEMA etc.We are working hard. Much food and water there/on way",f,f,Twitter for iPhone,57166,11210,2017-09-26 12:13:00+00:00,f,1
912636538156146688,Great interview on @foxandfriends with the parents of Otto Warmbier: 1994 - 2017. Otto was tortured beyond belief by North Korea.,f,f,Twitter for iPhone,42788,10351,2017-09-26 11:14:41+00:00,f,1
912631781098221568,"""Luther Strange has been shooting up in the Alabama polls since my endorsement. Finish the job - vote today for """"Big Luther.""""""",f,t,Twitter for iPhone,29142,4884,2017-09-26 10:55:47+00:00,f,1
912629775629418501,"But while Dallas dropped to its knees as a team, they all stood up for our National Anthem. Big progress being made-we all love our country!",f,f,Twitter for iPhone,73194,12113,2017-09-26 10:47:49+00:00,f,1
912628271426269185,"...But while Dallas dropped to it knees as a team, they ALL stood up for our National Anthem. Big progress being made - we love our country!",f,t,Twitter for iPhone,1969,478,2017-09-26 10:41:50+00:00,f,1
912626731357540353,"The booing at the NFL football game last night, when the entire Dallas team dropped to its knees, was loudest I have ever heard. Great anger",f,f,Twitter for iPhone,94824,17326,2017-09-26 10:35:43+00:00,f,1
912624892239077376,"Ratings for NFL football are way down except before game starts, when people tune in to see whether or not our country will be disrespected!",f,f,Twitter for iPhone,75675,14367,2017-09-26 10:28:24+00:00,f,1
912494675206053888,"Big election tomorrow in the Great State of Alabama. Vote for Senator Luther Strange, tough on crime &amp, border - will never let you down!",f,t,Twitter for iPhone,42817,7432,2017-09-26 01:50:58+00:00,f,1
912487929783754755,"A few of the many clips of John McCain talking about Repealing &amp, Replacing O'Care. My oh my has he changed-complete turn from years of talk! https://t.co/t9cXG2Io86",f,f,Twitter Media Studio,64787,23673,2017-09-26 01:24:10+00:00,f,1
912481556127780865,"...owed to Wall Street and the banks which, sadly, must be dealt with. Food, water and medical are top priorities - and doing well. #FEMA",f,f,Twitter for iPhone,33861,6471,2017-09-26 00:58:50+00:00,f,1
912479500511965184,"...It's old electrical grid, which was in terrible shape, was devastated. Much of the Island was destroyed, with billions of dollars....",f,f,Twitter for iPhone,36363,7131,2017-09-26 00:50:40+00:00,f,1
912478274508423168,"Texas &amp, Florida are doing great but Puerto Rico, which was already suffering from broken infrastructure &amp, massive debt, is in deep trouble..",f,f,Twitter for iPhone,48722,10681,2017-09-26 00:45:48+00:00,f,1
912443924979077120,Tremendous backlash against the NFL and its players for disrespect of our Country.#StandForOurAnthem🇺🇸,f,f,Twitter for iPhone,93455,20819,2017-09-25 22:29:18+00:00,f,1
912443607084404736,General John Kelly totally agrees w/ my stance on NFL players and the fact that they should not be disrespecting our FLAG or GREAT COUNTRY!,f,f,Twitter for iPhone,90473,17374,2017-09-25 22:28:02+00:00,f,1
912443217227976704,".@CNN is #FakeNews. Just reported COS (John Kelly) was opposed to my stance on NFL players disrespecting FLAG, ANTHEM, COUNTRY. Total lie!",f,f,Twitter for iPhone,54132,13393,2017-09-25 22:26:30+00:00,f,1
912302339360542720,RT @jayMAGA45: NFLplayer PatTillman joined U.S. Army in 2002. He was killed in action 2004. He fought 4our country/freedom. #StandForOurAnt...,t,f,Twitter for iPhone,0,20212,2017-09-25 13:06:42+00:00,f,1
912301271817838593,#StandForOurAnthem,f,f,Twitter for iPhone,176945,59507,2017-09-25 13:02:27+00:00,f,1
912281550712135680,"The White House never looked more beautiful than it did returning last night. Important meetings taking place today. Big tax cuts &amp, reform.",f,f,Twitter for iPhone,70779,11007,2017-09-25 11:44:05+00:00,f,1
912280282224525312,"The issue of kneeling has nothing to do with race. It is about respect for our Country, Flag and National Anthem. NFL must respect this!",f,f,Twitter for iPhone,176201,44762,2017-09-25 11:39:03+00:00,f,1
912278438127525888,Many people booed the players who kneeled yesterday (which was a small percentage of total). These are fans who demand respect for our Flag!,f,f,Twitter for iPhone,116527,19291,2017-09-25 11:31:43+00:00,f,1
912276850793213952,So proud of NASCAR and its supporters and fans. They won't put up with disrespecting our Country or our Flag - they said it loud and clear!,f,f,Twitter for iPhone,147667,28793,2017-09-25 11:25:25+00:00,f,1
912101775221706752,Making America Safe is my number one priority. We will not admit those into our country we cannot safely vet.https://t.co/KJ886okyfC,f,f,Twitter for iPhone,82883,18114,2017-09-24 23:49:43+00:00,f,1
912080538755846144,Sports fans should never condone players that do not stand proud for their National Anthem or their Country. NFL should change policy!,f,f,Twitter for iPhone,147485,31647,2017-09-24 22:25:20+00:00,f,1
912079629648883712,"Alaska, Arizona, Maine and Kentucky are big winners in the Healthcare proposal. 7 years of Repeal &amp, Replace and some Senators not there.",f,f,Twitter for iPhone,53321,9857,2017-09-24 22:21:43+00:00,f,1
912037003923005440,Courageous Patriots have fought and died for our great American Flag --- we MUST honor and respect it!  MAKE AMERICA GREAT AGAIN!,f,f,Twitter for iPhone,169135,41899,2017-09-24 19:32:21+00:00,f,1
912032583466340353,RT @DonnaWR8: @realDonaldTrump I wonder what this BRAVE American would give to stand on his OWN two legs just ONCE MORE for our #Anthem?...,t,f,Twitter for iPhone,0,17910,2017-09-24 19:14:47+00:00,f,1
912032094687252485,RT @DonnaWR8: @realDonaldTrump You can boycott our anthem WE CAN BOYCOTT YOU! #NFL #MAGA https://t.co/ryYzZnXjXE,t,f,Twitter for iPhone,0,16878,2017-09-24 19:12:50+00:00,f,1
912019957243883520,Please to inform that the Champion Pittsburgh Penguins of the NHL will be joining me at the White House for Ceremony. Great team!,f,f,Twitter for iPhone,137518,26500,2017-09-24 18:24:36+00:00,f,1
912018945158402049,"Great solidarity for our National Anthem and for our Country. Standing with locked arms is good, kneeling is not acceptable. Bad ratings!",f,f,Twitter for iPhone,114854,21625,2017-09-24 18:20:35+00:00,f,1
911911385176723457,"...NFL attendance and ratings are WAY DOWN. Boring games yes, but many stay away because they love our country. League should back U.S.",f,f,Twitter for iPhone,132415,26224,2017-09-24 11:13:11+00:00,f,1
911904261553950720,"If NFL fans refuse to go to games until players stop disrespecting our Flag &amp, Country, you will see change take place fast. Fire or suspend!",f,f,Twitter for iPhone,151464,35524,2017-09-24 10:44:52+00:00,f,1
911789314169823232,"Just heard Foreign Minister of North Korea speak at U.N. If he echoes thoughts of Little Rocket Man, they won't be around much longer!",f,f,Twitter for iPhone,112224,28951,2017-09-24 03:08:07+00:00,f,1
911718138747727872,Roger Goodell of NFL just put out a statement trying to justify the total disrespect certain players show to our country.Tell them to stand!,f,f,Twitter for iPhone,130832,32056,2017-09-23 22:25:17+00:00,f,1
911717004222091264,"""Democrats are laughingly saying that McCain had a """"moment of courage."""" Tell that to the people of Arizona who were deceived. 116% increase!""",f,f,Twitter for iPhone,87843,21064,2017-09-23 22:20:47+00:00,f,1
911711539815702529,Iran just test-fired a Ballistic Missile capable of reaching Israel.They are also working with North Korea.Not much of an agreement we have!,f,f,Twitter for iPhone,81754,22678,2017-09-23 21:59:04+00:00,f,1
911700914997792769,Very proud of our incredible First Lady (@FLOTUS.) She is a truly great representative for our country! https://t.co/yFv0WIjgby,f,f,Twitter for iPhone,87511,14849,2017-09-23 21:16:51+00:00,f,1
911655987857281024,"...our Great American Flag (or Country) and should stand for the National Anthem. If not, YOU'RE FIRED. Find something else to do!",f,f,Twitter for iPhone,135982,32993,2017-09-23 18:18:19+00:00,f,1
911654184918880260,"If a player wants the privilege of making millions of dollars in the NFL,or other leagues, he or she should not be allowed to disrespect....",f,f,Twitter for iPhone,155666,37399,2017-09-23 18:11:10+00:00,f,1
911572182060453893,"Going to the White House is considered a great honor for a championship team.Stephen Curry is hesitating,therefore invitation is withdrawn!",f,f,Twitter for iPhone,180207,51389,2017-09-23 12:45:19+00:00,f,1
911549980946714624,"It was great being with Luther Strange last night in Alabama. What great people, what a crowd! Vote Luther on Tuesday.",f,f,Twitter for iPhone,38252,5547,2017-09-23 11:17:05+00:00,f,1
911549099752804357,"Alaska had a 200% plus increase in premiums under ObamaCare, worst in the country. Deductibles high, people angry! Lisa M comes through.",f,f,Twitter for iPhone,54266,11770,2017-09-23 11:13:35+00:00,f,1
911546774267006976,I know Rand Paul and I think he may find a way to get there for the good of the Party!,f,f,Twitter for iPhone,49134,8197,2017-09-23 11:04:21+00:00,f,1
911545480651378689,"Large Block Grants to States is a good thing to do. Better control &amp,  management. Great for Arizona. McCain let his best friend L.G. down!",f,f,Twitter for iPhone,46261,8524,2017-09-23 10:59:12+00:00,f,1
911543222731706368,"Arizona had a 116% increase in ObamaCare premiums last year, with deductibles very high. Chuck Schumer sold John McCain a bill of goods. Sad",f,f,Twitter for iPhone,55490,12893,2017-09-23 10:50:14+00:00,f,1
911541328013676544,"John McCain never had any intention of voting for this Bill, which his Governor loves. He campaigned on Repeal &amp, Replace. Let Arizona down!",f,f,Twitter for iPhone,72719,17392,2017-09-23 10:42:42+00:00,f,1
911338971250216960,"Heading to Alabama now, big crowd!",f,f,Twitter for iPhone,50969,6348,2017-09-22 21:18:37+00:00,f,1
911287725847908352,Thank you to Doug Parker and American Airlines for all of the help you have given to the U.S. with Hurricane flights. Fantastic job!,f,f,Twitter for iPhone,66952,10739,2017-09-22 17:54:59+00:00,f,1
911265133279809536,#USAatUNGA🇺🇸#UNGA https://t.co/miT2Lj7Q90,f,f,Twitter for iPhone,33671,7194,2017-09-22 16:25:12+00:00,f,1
911193223921635335,"Will be in Alabama tonight. Luther Strange has gained mightily since my endorsement, but will be very close. He loves Alabama, and so do I!",f,f,Twitter for iPhone,38899,5796,2017-09-22 11:39:28+00:00,f,1
911189860769255424,"""The greatest influence over our election was the Fake News Media """"screaming"""" for Crooked Hillary Clinton. Next, she was a bad candidate!""",f,f,Twitter for iPhone,74843,15045,2017-09-22 11:26:06+00:00,f,1
911179462745710593,"The Russia hoax continues, now it's ads on Facebook. What about the totally biased and dishonest Media coverage in favor of Crooked Hillary?",f,f,Twitter for iPhone,86808,20800,2017-09-22 10:44:47+00:00,f,1
911177460959662080,"RT @DonnaWR8: .@POTUS #TRUMP🇺🇸 &amp, @FLOTUS🌺When ALL seemed HOPELESS...YOU brought HOPE!You INSPIRE us ALL!#MAGA #Harvey @Scavino45 #USA...",t,f,Twitter for iPhone,0,9079,2017-09-22 10:36:50+00:00,f,1
911175977878872064,RT @TwitterData: These are the 10 most Tweeted about world leaders during the first day of #UNGA General Debate https://t.co/HhlOlNAkDJ,t,f,Twitter for iPhone,0,4352,2017-09-22 10:30:56+00:00,f,1
911175765718421504,Thank you! https://t.co/hlz48RLkIf,f,f,Twitter for iPhone,46887,8472,2017-09-22 10:30:06+00:00,f,1
911175246853664768,"Kim Jong Un of North Korea, who is obviously a madman who doesn't mind starving or killing his people, will be tested like never before!",f,f,Twitter for iPhone,109345,32999,2017-09-22 10:28:02+00:00,f,1
911173124976193536,"""Rand Paul, or whoever votes against Hcare Bill, will forever (future political campaigns) be known as """"the Republican who saved ObamaCare.""""""",f,f,Twitter for iPhone,51246,11346,2017-09-22 10:19:36+00:00,f,1
910993665568526337,A big day for the U.S. at the United Nations!,f,f,Twitter for iPhone,62514,9481,2017-09-21 22:26:29+00:00,f,1
910992971620864004,Senator Luther Strange has gone up a lot in the polls since I endorsed him a month ago. Now a close runoff. He will be great in D.C.,f,f,Twitter for iPhone,36980,5445,2017-09-21 22:23:44+00:00,f,1
910926223684931585,"Today, I announced a new Executive Order with re: to North Korea. We must all do our part to ensure the complete denuclearization of #NoKo. https://t.co/igjOSM7N7h",f,f,Twitter Media Studio,57890,14263,2017-09-21 17:58:30+00:00,f,1
910898047931912192,It was a great privilege to meet with President Moon of South Korea.Stay tuned! 🇺🇸🇰🇷#UNGA https://t.co/7xYDO5ddUm,f,f,Twitter Media Studio,37765,7115,2017-09-21 16:06:32+00:00,f,1
910885755320459264,It was wonderful to have President Petro Poroshenko of Ukraine with us in New York City today. #UNGA🎥https://t.co/UKOMUj0ZuL https://t.co/GpkERy8WiP,f,f,Twitter for iPhone,26281,5069,2017-09-21 15:17:42+00:00,f,1
910885156373721092,It was a pleasure to have President Ashraf Ghani of Afghanistan with us this morning! #USAatUNGA #UNGA https://t.co/HOEVfnMn14,f,f,Twitter Media Studio,29950,5313,2017-09-21 15:15:19+00:00,f,1
910703407555600386,Governor @RicardoRossello- We are with you and the people of Puerto Rico. Stay safe! #PRStrong,f,f,Twitter for iPhone,49413,9441,2017-09-21 03:13:07+00:00,f,1
910671525543645185,"Senator (Doctor) Bill Cassidy is a class act who really cares about people and their Health(care), he doesn't lie-just wants to help people!",f,f,Twitter for iPhone,48187,8968,2017-09-21 01:06:25+00:00,f,1
910665452048838661,The NRA strongly endorses Luther Strange for Senator of Alabama.That means all gun owners should vote for Big Luther. He won't let you down!,f,f,Twitter for iPhone,45676,7958,2017-09-21 00:42:17+00:00,f,1
910641701064204288,"I would not sign Graham-Cassidy if it did not include coverage of pre-existing conditions. It does! A great Bill. Repeal &amp, Replace.",f,f,Twitter for iPhone,63546,14282,2017-09-20 23:07:55+00:00,f,1
910635327672512512,"""Alabama is sooo lucky to have a candidate like """"Big"""" Luther Strange. Smart, tough on crime, borders &amp, trade, loves Vets &amp, Military. Tuesday!""",f,f,Twitter for iPhone,37200,5863,2017-09-20 22:42:35+00:00,f,1
910632095088889857,"On behalf of all Americans, I want to wish Jewish families many blessings in the New Year. https://t.co/m4VWxYvONx https://t.co/iYG1G8GaLN",f,f,Twitter for iPhone,43690,9441,2017-09-20 22:29:44+00:00,f,1
910581819078316034,"RT @VP: Went to the Senate today to say @POTUS &amp, I fully support Graham-Cassidy plan to repeal/replace Obamacare. Let's get this done. http...",t,f,Twitter for iPhone,0,6295,2017-09-20 19:09:58+00:00,f,1
910580644597649409,"Honored to host a luncheon for African leaders this afternoon. Great discussions on the challenges &amp, opportunities facing our nations today. https://t.co/AbnBJtKCAI",f,f,Twitter for iPhone,37260,7636,2017-09-20 19:05:18+00:00,f,1
910551350408241152,"Honored to meet w/ Pres Abbas from the Palestinian Authority &amp, his delegation, who have been working hard w/everybody involved toward peace. https://t.co/4E8awDkX93",f,f,Twitter Media Studio,29480,5514,2017-09-20 17:08:53+00:00,f,1
910524897515905025,It was a great honor to be with King Abdullah II of Jordan and his delegation this morning. We had a GREAT bilateral meeting!🇺🇸🇯🇴 https://t.co/6tYDHswKa3,f,f,Twitter Media Studio,36774,6803,2017-09-20 15:23:46+00:00,f,1
910480918816739328,"""Looking forward to Friday night in the Great State of Alabama. I am supporting """"Big"""" Luther Strange because he was so loyal &amp, helpful to me!""",f,f,Twitter for iPhone,40498,6333,2017-09-20 12:29:01+00:00,f,1
910477734635286528,"I hope Republican Senators will vote for Graham-Cassidy and fulfill their promise to Repeal &amp, Replace ObamaCare. Money direct to States!",f,f,Twitter for iPhone,50513,10186,2017-09-20 12:16:22+00:00,f,1
910476107287269376,Rand Paul is a friend of mine but he is such a negative force when it comes to fixing healthcare. Graham-Cassidy Bill is GREAT! Ends Ocare!,f,f,Twitter for iPhone,41541,7925,2017-09-20 12:09:54+00:00,f,1
910459401558986752,"RT @Franklin_Graham: Join me in praying for @POTUS. He reminded the world, “If the righteous many do not confront the wicked few, then evil...",t,f,Twitter for iPhone,0,18463,2017-09-20 11:03:31+00:00,f,1
910458657179086848,Thank you  @foxandfriends - great show!,f,f,Twitter for iPhone,33074,4549,2017-09-20 11:00:34+00:00,f,1
910455390038642688,RT @RealEagleBites: @realDonaldTrump It is the height of hypocrisy. Obama and Clinton in effect gave nuclear weapons to North Korea by thei...,t,t,Twitter for iPhone,0,7846,2017-09-20 10:47:35+00:00,f,1
910454516557983744,"The world is noticing, thanks! https://t.co/2NL6SlWnmH",f,f,Twitter for iPhone,49187,9735,2017-09-20 10:44:06+00:00,f,1
910454124696752130,RT @DonnaWR8: @realDonaldTrump Thank you @POTUS for believing in Us like we believed in you! #MAGA https://t.co/C476SHWd0m,t,f,Twitter for iPhone,0,9265,2017-09-20 10:42:33+00:00,f,1
910453612630900736,"After allowing North Korea to research and build Nukes while Secretary of State (Bill C also), Crooked Hillary now criticizes.",f,f,Twitter for iPhone,69189,17040,2017-09-20 10:40:31+00:00,f,1
910447064944955392,Big meetings today at the United Nations. So many interesting leaders. America First will MAKE AMERICA GREAT AGAIN!,f,f,Twitter for iPhone,47866,8295,2017-09-20 10:14:30+00:00,f,1
910443493511827456,"""RT @Scavino45: """"The Iran deal was one of the worst &amp, most one sided transactions the United States has EVER entered into.""""@POTUS @realDona...""",t,f,Twitter for iPhone,0,7472,2017-09-20 10:00:18+00:00,f,1
910443458564894720,RT @Scavino45: #WeThePeople🇺🇸#USAatUNGA #UNGA https://t.co/8VsFL9MZxx,t,f,Twitter for iPhone,0,3360,2017-09-20 10:00:10+00:00,f,1
910443366911037440,RT @Scavino45: .@POTUS @realDonaldTrump and @UN Secretary-General @AntonioGuterres pose for📸prior to their expanded bilateral meeting. #USA...,t,f,Twitter for iPhone,0,3040,2017-09-20 09:59:48+00:00,f,1
910441887164661760,Thank you Jacob! https://t.co/Wjjrv6KTVT,f,t,Twitter for iPhone,505,150,2017-09-20 09:53:55+00:00,f,1
910332992756834304,"""I was saddened to see how bad the ratings were on the Emmys last night - the worst ever. Smartest people of them all are the """"DEPLORABLES.""""""",f,f,Twitter for iPhone,96782,20214,2017-09-20 02:41:13+00:00,f,1
910331061409902592,"So nice, thank you! https://t.co/Cg4dzHhbrv",f,f,Twitter for iPhone,42797,6922,2017-09-20 02:33:32+00:00,f,1
910330501411590146,A great and important day at the United Nations.Met with leaders of many nations who agree with much (or all) of what I stated in my speech!,f,f,Twitter for iPhone,59673,10801,2017-09-20 02:31:19+00:00,f,1
910328626075389952,"Puerto Rico being hit hard by new monster Hurricane. Be careful, our hearts are with you- will be there to help!",f,f,Twitter for iPhone,74059,15235,2017-09-20 02:23:52+00:00,f,1
910312303635116033,The true question for the @UN...🎥https://t.co/tx5SnACAaS,f,f,Twitter for iPhone,25598,5272,2017-09-20 01:19:00+00:00,f,1
910263274918367236,It was a great honor to have spoken before the countries of the world at the United Nations.#USAatUNGA🇺🇸#UNGAhttps://t.co/1maJwRGa3d https://t.co/6Hu3AeUp58,f,f,Twitter for iPhone,50173,9247,2017-09-19 22:04:11+00:00,f,1
910233418474098688,God bless the people of Mexico City. We are with you and will be there for you.,f,f,Twitter for iPhone,164711,44056,2017-09-19 20:05:32+00:00,f,1
910219338044657664,"As President of the United States of America, I will ALWAYS put #AmericaFirst🇺🇸#UNGAFull remarks: https://t.co/ksaMsQ2Lhm https://t.co/XrtpAWwuCn",f,f,Twitter for iPhone,57812,13706,2017-09-19 19:09:35+00:00,f,1
910192375267561472,"The🇺🇸has great strength &amp, patience, but if it is forced to defend itself or its allies, we will have no choice but to totally destroy #NoKo. https://t.co/P4vAanXvgm",f,f,Twitter for iPhone,70305,18819,2017-09-19 17:22:27+00:00,f,1
910101913923997696,"RT @IvankaTrump: I have long respected India's accomplished and charismatic Foreign Minister @SushmaSwaraj, and it was an honor to meet her...",t,f,Twitter for iPhone,0,7771,2017-09-19 11:22:59+00:00,f,1
910101538336583680,"Big day at the United Nations - many good things, and some tricky ones, happening. We have a great team. Big speech at 10:00 A.M.",f,f,Twitter for iPhone,68311,11157,2017-09-19 11:21:30+00:00,f,1
910002272825831425,#USAatUNGA🇺🇸 #UNGA https://t.co/MjIJ7HG3eU,f,f,Twitter Media Studio,31707,6464,2017-09-19 04:47:03+00:00,f,1
909995135009804288,"We call for the full restoration of democracy and political freedoms in Venezuela, and we want it to happen very, very soon! https://t.co/bMJDOtAesl",f,f,Twitter for iPhone,51771,16120,2017-09-19 04:18:41+00:00,f,1
909975689838731264,It was a great honor to be with President @EmmanuelMacron of France this afternoon with his delegation. Great bilateral meeting! #UNGA https://t.co/HnxDDU5d5F,f,f,Twitter Media Studio,33034,6085,2017-09-19 03:01:25+00:00,f,1
909922763774861314,"Such an honor to have my good friend, Israel PM @Netanyahu, join us w/ his delegation in NYC this afternoon. #UNGA https://t.co/YEHWjdtQx8 https://t.co/jwU4e8Yk8A",f,f,Twitter for iPhone,43353,9426,2017-09-18 23:31:07+00:00,f,1
909823695299981313,Looking forward to meeting with Prime Minister @Netanyahu shortly. Peace in the Middle East would be a truly great legacy for ALL people!,f,f,Twitter for iPhone,62753,10766,2017-09-18 16:57:27+00:00,f,1
909818335130525697,"We commend SG @AntonioGuterres &amp, his call for the UN to focus more on people &amp, less on bureaucracy. #USAatUNGA #UNGA https://t.co/KVvCMznmcN https://t.co/UQn6RrC9Xw",f,f,Twitter Media Studio,31925,7076,2017-09-18 16:36:09+00:00,f,1
909768037787717633,Happy 70th Birthday @CIA! https://t.co/CU3gOZMf7J,f,f,Twitter for iPhone,43562,7629,2017-09-18 13:16:17+00:00,f,1
909767654432526336,Happy 70th Birthday @USAirForce! https://t.co/snkXO40vXM,f,f,Twitter for iPhone,53581,10022,2017-09-18 13:14:46+00:00,f,1
909402439643750400,RT @realDonaldTrump: Loser terrorists must be dealt with in a much tougher manner.The internet is their main recruitment tool which we must...,t,f,Twitter for iPhone,0,16416,2017-09-17 13:03:32+00:00,f,1
909402164610715648,"RT @realDonaldTrump: The travel ban into the United States should be far larger, tougher and more specific-but stupidly, that would not be...",t,f,Twitter for iPhone,0,18697,2017-09-17 13:02:26+00:00,f,1
909401572341370881,"Important meetings and calls scheduled for today. Military and economy are getting stronger by the day, and our enemies know it. #MAGA",f,f,Twitter for iPhone,57213,10882,2017-09-17 13:00:05+00:00,f,1
909393991635996672,RT @markets: What Is Trump worth to Twitter? One analyst estimates $2 billion https://t.co/knniVpqr35 https://t.co/djkZiRk5nL,t,f,Twitter for iPhone,0,4289,2017-09-17 12:29:57+00:00,f,1
909393531143380992,My great honor! https://t.co/x25T9tQAnI,f,f,Twitter for iPhone,58343,11608,2017-09-17 12:28:08+00:00,f,1
909390607650521088,RT @Fuctupmind: @realDonaldTrump Donald Trump's amazing golf swing #CrookedHillary https://t.co/vKhxxFCBV1,t,t,Twitter for iPhone,0,39631,2017-09-17 12:16:31+00:00,f,1
909389552380514304,RT @Team_Trump45: @realDonaldTrump  https://t.co/Vu56q4z2XJ,t,f,Twitter for iPhone,0,5503,2017-09-17 12:12:19+00:00,f,1
909389478795636736,RT @Team_Trump45: @realDonaldTrump  https://t.co/MOnPkuKxQM,t,f,Twitter for iPhone,0,2654,2017-09-17 12:12:02+00:00,f,1
909387958368784389,RT @glamourizes: @realDonaldTrump Only true Americans can see that president Trump is making America great. He's the only person who can! H...,t,f,Twitter for iPhone,0,6036,2017-09-17 12:05:59+00:00,f,1
909387131952549888,RT @Team_Trump45: @realDonaldTrump  https://t.co/dw0zKYtyfT,t,f,Twitter for iPhone,0,4553,2017-09-17 12:02:42+00:00,f,1
909386650953961473,RT @dmartosko: This is the #NYTimes. Can you understand why so many reporters are cautious about working for them? https://t.co/LRJKtFNgM4,t,t,Twitter for iPhone,0,7623,2017-09-17 12:00:47+00:00,f,1
909385782275788800,Thank you! https://t.co/vs4MNwXtei,f,f,Twitter for iPhone,30792,4798,2017-09-17 11:57:20+00:00,f,1
909384837018112000,I spoke with President Moon of South Korea last night. Asked him how Rocket Man is doing. Long gas lines forming in North Korea. Too bad!,f,f,Twitter for iPhone,123159,33873,2017-09-17 11:53:35+00:00,f,1
909381488445190145,Attorney General Bill Schuette will be a fantastic Governor for the great State of Michigan. I am bringing back your jobs and Bill will help,f,f,Twitter for iPhone,44063,7554,2017-09-17 11:40:16+00:00,f,1
909191177810915328,"""I will be in Huntsville, Alabama, on Saturday night to support Luther Strange for Senate. """"Big Luther"""" is a great guy who gets things done!""",f,f,Twitter for iPhone,47274,7823,2017-09-16 23:04:03+00:00,f,1
909189931154771970,Attorney General Bill Shuette will be a fantastic Governor for the great State of Michigan. I am bringing back your jobs and Bill will help!,f,t,Twitter for iPhone,37789,8412,2017-09-16 10:59:06+00:00,f,1
909185223887347712,"A great deal of good things happening for our country. Jobs and Stock Market at all time highs, and I believe will be getting even better!",f,f,Twitter for iPhone,70558,12886,2017-09-16 22:40:23+00:00,f,1
908841360131743744,"HAPPY 70th BIRTHDAY to the @USAirForce! The American people are eternally grateful. Thank you for keeping America PROUD, STRONG and FREE! https://t.co/DYxkh3gj0R",f,f,Twitter Media Studio,77527,17475,2017-09-15 23:54:00+00:00,f,1
908827394856947712,"We will defend our people, our nations and our civilization from all who dare to threaten our way of life...cont: https://t.co/SYBRshx89b https://t.co/sIiAuxL3OE",f,f,Twitter for iPhone,48311,11835,2017-09-15 22:58:30+00:00,f,1
908796281002307584,"Our hearts &amp, prayers go out to the people of London, who suffered a vicious terrorist attack.... https://t.co/Q2hTBV2l5t",f,f,Twitter for iPhone,55915,11617,2017-09-15 20:54:52+00:00,f,1
908768057140629506,NEVER forget our HEROES held prisoner or who have gone missing in action while serving their country.Proclamation: https://t.co/4xBZGjAGj5 https://t.co/yZTr7rlpTV,f,f,Twitter for iPhone,44084,10397,2017-09-15 19:02:43+00:00,f,1
908734537311678464,"Frank “FX” Giaccio-On behalf of @FLOTUS Melania &amp, myself, THANK YOU for doing a GREAT job this morning! @NatlParkService gives you an A+! https://t.co/135DxuapUI",f,f,Twitter Media Studio,99495,26714,2017-09-15 16:49:31+00:00,f,1
908724382440284160,WEEKLY ADDRESS🇺🇸 https://t.co/MsaLA9POAt,f,f,Twitter Media Studio,35532,8460,2017-09-15 16:09:10+00:00,f,1
908676979561570304,CHAIN MIGRATION cannot be allowed to be part of any legislation on Immigration!,f,f,Twitter for iPhone,63467,14967,2017-09-15 13:00:48+00:00,f,1
908651641943003136,ESPN is paying a really big price for its politics (and bad programming). People are dumping it in RECORD numbers. Apologize for untruth!,f,f,Twitter for iPhone,92646,21736,2017-09-15 11:20:08+00:00,f,1
908646582807089152,"We have made more progress in the last nine months against ISIS than the Obama Administration has made in 8 years.Must be proactive &amp, nasty!",f,f,Twitter for iPhone,84904,16849,2017-09-15 11:00:01+00:00,f,1
908645126146265090,"The travel ban into the United States should be far larger, tougher and more specific-but stupidly, that would not be politically correct!",f,f,Twitter for iPhone,88036,18697,2017-09-15 10:54:14+00:00,f,1
908643633901039617,"Loser terrorists must be dealt with in a much tougher manner.The internet is their main recruitment tool which we must cut off &amp, use better!",f,f,Twitter for iPhone,81620,16416,2017-09-15 10:48:18+00:00,f,1
908642277987356673,Another attack in London by a loser terrorist.These are sick and demented people who were in the sights of Scotland Yard. Must be proactive!,f,f,Twitter for iPhone,90918,22290,2017-09-15 10:42:55+00:00,f,1
908640949605163010,"With the ridiculous Filibuster Rule in the Senate, Republicans need 60 votes to pass legislation, rather than 51. Can't get votes, END NOW!",f,f,Twitter for iPhone,44875,9876,2017-09-15 10:37:38+00:00,f,1
908494344008749056,"FLORIDA-Just like TX, WE are w/you today, we are w/you tomorrow, &amp, we will be w/you EVERY SINGLE DAY AFTER, to RESTORE, RECOVER, &amp, REBUILD! https://t.co/phRMudujxJ",f,f,Twitter for iPhone,49790,9851,2017-09-15 00:55:05+00:00,f,1
908438028980490240,WE ARE WITH YOU FLORIDA!Emergency Information 1-800-342-3557https://t.co/zbWkR5VmDpVolunteer 1-800-FL-HELP-1https://t.co/ghkbVajBN0 https://t.co/2Jj85weO1U,f,f,Twitter Media Studio,45601,11011,2017-09-14 21:11:18+00:00,f,1
908413134196572161,"...I told Republicans to approve healthcare fast or this would happen. But don't worry, I will veto because I love our country &amp, its people.",f,f,Twitter for iPhone,54395,10310,2017-09-14 19:32:23+00:00,f,1
908413019050463232,"Bernie Sanders is pushing hard for a single payer healthcare plan - a curse on the U.S. &amp, its people...",f,f,Twitter for iPhone,61073,13584,2017-09-14 19:31:55+00:00,f,1
908409572943126528,Spoke to President of Mexico to give condolences on terrible earthquake. Unable to reach for 3 days b/c of his cell phone reception at site.,f,f,Twitter for iPhone,50141,9134,2017-09-14 19:18:14+00:00,f,1
908406085308096512,Just left Florida for D.C. The people and spirit in THAT GREAT STATE is unbelievable. Damage horrific but will be better than ever!,f,f,Twitter for iPhone,51624,8013,2017-09-14 19:04:22+00:00,f,1
908285679335034880,"Am leaving now for Florida to see our GREAT first responders and to thank the U.S. Coast Guard, FEMA etc. A real disaster, much work to do!",f,f,Twitter for iPhone,57173,8485,2017-09-14 11:05:55+00:00,f,1
908278070611779585,...They have been in our country for many years through no fault of their own - brought in by parents at young age. Plus BIG border security,f,f,Twitter for iPhone,45635,8612,2017-09-14 10:35:41+00:00,f,1
908276308265795585,"Does anybody really want to throw out good, educated and accomplished young people who have jobs, some serving in the military? Really!.....",f,f,Twitter for iPhone,71114,14755,2017-09-14 10:28:41+00:00,f,1
908274366739345409,"The WALL, which is already under construction in the form of new renovation of old and existing fences and walls, will continue to be built.",f,f,Twitter for iPhone,88873,18754,2017-09-14 10:20:58+00:00,f,1
908272007011282944,No deal was made last night on DACA. Massive border security would have to be agreed to in exchange for consent. Would be subject to vote.,f,f,Twitter for iPhone,53900,13559,2017-09-14 10:11:36+00:00,f,1
908161523180285953,"""The """"deplorables"""" came back to haunt Hillary.They expressed their feelings loud and clear. She spent big money but, in the end, had no game!""",f,f,Twitter for iPhone,79130,16687,2017-09-14 02:52:34+00:00,f,1
908160218995068928,Crooked Hillary Clinton blames everybody (and every thing) but herself for her election loss. She lost the debates and lost her direction!,f,f,Twitter for iPhone,95251,20021,2017-09-14 02:47:23+00:00,f,1
908154067658174469,China has a business tax rate of 15%. We should do everything possible to match them in order to win with our economy. Jobs and wages!,f,f,Twitter for iPhone,64356,14046,2017-09-14 02:22:57+00:00,f,1
907946177022369792,"With Irma and Harvey devastation, Tax Cuts and Tax Reform is needed more than ever before. Go Congress, go!",f,f,Twitter for iPhone,79473,16012,2017-09-13 12:36:52+00:00,f,1
907930425657626624,"I will be traveling to Florida tomorrow to meet with our great Coast Guard, FEMA and many of the brave first responders &amp, others.",f,f,Twitter for iPhone,74456,11688,2017-09-13 11:34:16+00:00,f,1
907928888587808768,"The approval process for the biggest Tax Cut &amp, Tax Reform package in the history of our country will soon begin. Move fast Congress!",f,f,Twitter for iPhone,68387,14106,2017-09-13 11:28:10+00:00,f,1
907698529606541312,It was a great honor to welcome Prime Minister Najib Abdul Razak of Malaysia and his distinguished delegation to the @WhiteHouse today! https://t.co/3pWrBOh8dG,f,f,Twitter for iPhone,44576,11412,2017-09-12 20:12:48+00:00,f,1
907675638055743489,"""Congratulations to Eric &amp, Lara on the birth of their son, Eric """"Luke"""" Trump this morning! https://t.co/Aw0AV82XdE""",f,f,Twitter for iPhone,94827,13363,2017-09-12 18:41:50+00:00,f,1
886743367815766021,"Heading back to Washington, D.C. Much will be accomplished this week on trade, the military and security!",f,f,Twitter for iPhone,75156,12454,2017-07-17 00:24:28+00:00,f,1
907592460070768641,"The devastation left by Hurricane Irma was far greater, at least in certain locations,than anyone thought - but amazing people working hard!",f,f,Twitter for iPhone,72416,11694,2017-09-12 13:11:19+00:00,f,1
907588803161939968,"Fascinating to watch people writing books and major articles about me and yet they know nothing about me &amp, have zero access. #FAKE NEWS!",f,f,Twitter for iPhone,89604,18832,2017-09-12 12:56:47+00:00,f,1
907579024960098304,"RT @LouDobbs: Making America Great Again- @Kellyannepolls: After #Irma @POTUS is focused on saving lives, not swamp shenanigans. #Dobbs #MA...",t,f,Twitter for iPhone,0,6037,2017-09-12 12:17:56+00:00,f,1
907311779331690496,May God Forever Bless the United States of America. #NeverForget911 https://t.co/erycJgj23r,f,f,Twitter for iPhone,114308,29361,2017-09-11 18:35:59+00:00,f,1
907303264458362880,#NeverForget https://t.co/rmQ1a5bDon,f,f,Twitter for iPhone,69844,15263,2017-09-11 18:02:09+00:00,f,1
906829008955957248,RT @Scavino45: Hurricane force winds hit Florida Keys. 390 shelters have been opened in Florida. Shelters near you➡️https://t.co/lL5pDP0N9D...,t,f,Twitter for iPhone,0,4280,2017-09-10 10:37:38+00:00,f,1
906828871106002944,"RT @SecretarySonny: Serious @Cabinet meeting today, called by @POTUS at Camp David. Reports on #Irma's track, potential impact, fed &amp, state...",t,f,Twitter for iPhone,0,4987,2017-09-10 10:37:05+00:00,f,1
906828550065582080,"RT @TravelGov: Continue to notify us of US citizens overseas impacted by #HurricaneIrma &amp, #HurricaneJose. https://t.co/EuIpTB144z https://t...",t,f,Twitter for iPhone,0,3481,2017-09-10 10:35:49+00:00,f,1
906828199421767680,"RT @KellyannePolls: Love and prayers for friends Adrienne &amp, Eric Bolling. May Eric Chase know eternal peace. https://t.co/rtoCsVpPGy",t,f,Twitter for iPhone,0,7268,2017-09-10 10:34:25+00:00,f,1
906828018651451392,"RT @NYPDnews: Many supported NYers when Sandy hit. Now our NY Task Force-1 can be there to help others during Harvey &amp, #HurricaneIrma. Here...",t,f,Twitter for iPhone,0,5364,2017-09-10 10:33:42+00:00,f,1
906827742632665094,"RT @seanhannity: @ericbolling To my dear friend, please know we all love you, will be here for you and your family.",t,t,Twitter for iPhone,0,11402,2017-09-10 10:32:36+00:00,f,1
906826663484411905,RT @DonaldJTrumpJr: Great pic from a friend on @CBPflorida @CustomsBorder who have been helping with #harvey recovery and now with #irma. T...,t,f,Twitter for iPhone,0,4027,2017-09-10 10:28:19+00:00,f,1
906826427210792960,RT @Scavino45: Florida Governor Rick @FLGovScott. #HurricaineIrma https://t.co/ch3wx9HDMj,t,f,Twitter for iPhone,0,2157,2017-09-10 10:27:22+00:00,f,1
906826370155720704,RT @EricTrump: Please stay safe #Florida! You are in our thoughts and we are praying for you! 🇺🇸🇺🇸🇺🇸 https://t.co/B3998hZyHI,t,f,Twitter for iPhone,0,4460,2017-09-10 10:27:09+00:00,f,1
906712991940399104,"The U.S. Coast Guard, FEMA and all Federal and State brave people are ready. Here comes Irma. God bless everyone!",f,f,Twitter for iPhone,107904,20071,2017-09-10 02:56:37+00:00,f,1
906669500984041472,"""Heed the advice of @FLGovScott!""""If you're in an evacuation zone, you need to get to a shelter...there's not many hours left."""" Gov. Scott https://t.co/92W8ViNMUK""",f,f,Twitter for iPhone,37940,8988,2017-09-10 00:03:48+00:00,f,1
906634384702291968,"This is a storm of enormous destructive power, and I ask everyone in the storm’s path to heed ALL instructions from government officials. https://t.co/nJfM2Sdme1",f,f,Twitter Media Studio,55064,12086,2017-09-09 21:44:16+00:00,f,1
906543198599876608,"FLORIDA- Visit https://t.co/pdBaD9t8SK to find shelters, road closures, &amp, evacuation routes. Helpful Twitter list: https://t.co/BUMVlxGFe8 https://t.co/ncnuqCeB5K",f,f,Twitter for iPhone,41788,13224,2017-09-09 15:41:55+00:00,f,1
906320446882271232,Churches in Texas should be entitled to reimbursement from FEMA Relief Funds for helping victims of Hurricane Harvey (just like others).,f,f,Twitter for iPhone,107731,22954,2017-09-09 00:56:47+00:00,f,1
906170854362447875,A message to my fellow Americans🇺🇸#IrmaHurricane2017🎥https://t.co/jyg6AlyAAb🎥https://t.co/iPujtHzejr https://t.co/HCQ9kmKc4E,f,f,Twitter Media Studio,57436,16776,2017-09-08 15:02:22+00:00,f,1
906139352580972544,Republicans must start the Tax Reform/Tax Cut legislation ASAP. Don't wait until the end of September. Needed now more than ever. Hurry!,f,f,Twitter for iPhone,66519,16230,2017-09-08 12:57:11+00:00,f,1
906136682952568832,...never allow the Republicans to pass even great legislation. 8 Dems control - will rarely get 60 (vs. 51) votes. It is a Repub Death Wish!,f,f,Twitter for iPhone,53014,11582,2017-09-08 12:46:35+00:00,f,1
906135414498631680,"Republicans, sorry, but I've been hearing about Repeal &amp, Replace for 7 years, didn't happen! Even worse, the Senate Filibuster Rule will....",f,f,Twitter for iPhone,58824,13659,2017-09-08 12:41:32+00:00,f,1
906134333467045888,"Our incredible U.S. Coast Guard saved more than 15,000 lives last week with Harvey. Irma could be even tougher. We love our Coast Guard!",f,f,Twitter for iPhone,85533,16318,2017-09-08 12:37:14+00:00,f,1
906133573400481792,"Hurricane Irma is of epic proportion, perhaps bigger than we have ever seen. Be safe and get out of its way,if possible. Federal G is ready!",f,f,Twitter for iPhone,53743,11255,2017-09-08 12:34:13+00:00,f,1
905967331662319617,"We will confront ANY challenge, no matter how strong the winds or high the water. I’m proud to stand with Presidents for #OneAmericaAppeal.",f,f,Twitter for iPhone,67677,12426,2017-09-08 01:33:38+00:00,f,1
905958330815926276,"I encourage EVERYONE in the path of #HurricaneIrma to heed the advice and orders of local &amp, state officials! https://t.co/AQmawTpZs0",f,f,Twitter for iPhone,57444,15495,2017-09-08 00:57:52+00:00,f,1
905888075749974016,"During my trip to Saudi Arabia, I spoke to the leaders of more than 50 Arab &amp, Muslim nations about the need to confront our shared enemies.. https://t.co/8oeAQfIeX8",f,f,Twitter for iPhone,35483,7946,2017-09-07 20:18:42+00:00,f,1
905880546185814016,"Together, we will show the world that the forces of destruction and extremism are NO MATCH for the BLESSINGS of PROSPERITY and PEACE! https://t.co/aL6In83eWK",f,f,Twitter for iPhone,47197,10982,2017-09-07 19:48:47+00:00,f,1
905856569329504256,"Welcome to the @WhiteHouse, Amir Sabah al-Ahmed al-Jaber al-Sabah of Kuwait! Joint press conference coming up soon: https://t.co/8T4Nyzlp4Y https://t.co/lfRa4AATaM",f,f,Twitter for iPhone,26453,6102,2017-09-07 18:13:30+00:00,f,1
905788459301908480,"For all of those (DACA) that are concerned about your status during the 6 month period, you have nothing to worry about - No action!",f,f,Twitter for iPhone,66625,16200,2017-09-07 13:42:52+00:00,f,1
905775939862310912,RT @GOP: .@IvankaTrump: This administration is committed to keeping working families at the forefront of our agenda.https://t.co/rHqFqUJGWI,t,f,Twitter for iPhone,0,4187,2017-09-07 12:53:07+00:00,f,1
905775722312212480,RT @WhiteHouse: The current tax code is a burden on American taxpayers and harmful to American job-creators. Learn more: https://t.co/w5eMl...,t,f,Twitter for iPhone,0,5667,2017-09-07 12:52:15+00:00,f,1
905775554737078272,"RT @GOP: .@POTUS: I want to work with Congress, Republicans, and Democrats on a plan that is pro-growth, pro-jobs, pro-worker, and pro-Amer...",t,f,Twitter for iPhone,0,6211,2017-09-07 12:51:35+00:00,f,1
905775458557538304,"Thank you, our great honor! https://t.co/StrciEwuWs",f,f,Twitter for iPhone,39380,9889,2017-09-07 12:51:12+00:00,f,1
905770927526432768,"Hurricane Irma is raging but we have great teams of talented and brave people already in place and ready to help. Be careful, be safe! #FEMA",f,f,Twitter for iPhone,69338,13170,2017-09-07 12:33:12+00:00,f,1
905603224379559936,"We want our companies to hire &amp, grow in AMERICA, to raise wages for AMERICAN workers, &amp, to help rebuild our AMERICAN cities &amp, towns! #USA🇺🇸 https://t.co/sglubjcbW4",f,f,Twitter for iPhone,50810,11968,2017-09-07 01:26:48+00:00,f,1
905586115440242689,"If we want to renew our PROSPERITY, restore OPPORTUNITY, &amp, re-establish our economic DOMINANCE, then we need tax reform that is pro-growth.. https://t.co/9NzLg2Qzpo",f,f,Twitter for iPhone,58832,13737,2017-09-07 00:18:49+00:00,f,1
905582435538219011,"Thank you for joining me in Mandan, ND Gov. @DougBurgum, Lt. Gov. @BrentSanfordND, @SenJohnHoeven, @RepKevinCramer &amp, @SenatorHeitkamp. https://t.co/8nIvtHvpu6",f,f,Twitter for iPhone,28200,5149,2017-09-07 00:04:12+00:00,f,1
905571513398693888,"Wonderful to be in North Dakota with the incredible hardworking men &amp, women @ the Andeavor Refinery. Full remarks: 🎥https://t.co/uxBpyeERUm https://t.co/fV9R9gJxDS",f,f,Twitter for iPhone,36093,7064,2017-09-06 23:20:48+00:00,f,1
905512462971232257,"Just spoke w/ Governors Rick Scott of Florida, Kenneth Mapp of the U.S. Virgin Islands &amp, Ricardo Rosselló of Puerto Rico. WE ARE W/ YOU ALL! https://t.co/k92cslgKFa",f,f,Twitter for iPhone,61191,14553,2017-09-06 19:26:09+00:00,f,1
905488897186172928,'President Donald J. Trump Approves Emergency Declarations'➡️https://t.co/xSHSyNkvuP➡️https://t.co/UbBSFOhMM7➡️https://t.co/xWOfp9Z9iR https://t.co/qoJOM54Gy8,f,f,Twitter for iPhone,42567,11752,2017-09-06 17:52:30+00:00,f,1
905394471969452032,"RT @VP: .@POTUS is committed to the health &amp, well-being of the US people &amp, we are confident Dr. Jerome Adams will succeed as our new surgeo...",t,f,Twitter for iPhone,0,9146,2017-09-06 11:37:18+00:00,f,1
905383515302264832,Hurricane looks like largest ever recorded in the Atlantic!,f,f,Twitter for iPhone,50114,10410,2017-09-06 10:53:45+00:00,f,1
905383039517282304,"Watching Hurricane closely. My team, which has done, and is doing, such a good job in Texas, is already in Florida. No rest for the weary!",f,f,Twitter for iPhone,92987,4123,2017-09-06 10:51:52+00:00,f,1
905381817695526912,Will be going to North Dakota today to discuss tax reform and tax cuts. We are the highest taxed nation in the world - that will change.,f,f,Twitter for iPhone,75947,13934,2017-09-06 10:47:01+00:00,f,1
905228667336499200,"Congress now has 6 months to legalize DACA (something the Obama Administration was unable to do). If they can't, I will revisit this issue!",f,f,Twitter for iPhone,77447,19288,2017-09-06 00:38:27+00:00,f,1
905170032229056512,I look forward to working w/ D's + R's in Congress to address immigration reform in a way that puts hardworking citizens of our country 1st.,f,f,Twitter for iPhone,86841,19128,2017-09-05 20:45:27+00:00,f,1
905050380484141056,"RT @The_Trump_Train: @realDonaldTrump Make no mistake, we are going to put the interest of AMERICAN CITIZENS FIRST! The forgotten men &amp, w...",t,t,Twitter for iPhone,0,17576,2017-09-05 12:50:00+00:00,f,1
905047095488516098,"I am allowing Japan &amp, South Korea to buy a substantially increased amount of highly sophisticated military equipment from the United States.",f,f,Twitter for iPhone,104041,26372,2017-09-05 12:36:57+00:00,f,1
905039597050187777,"RT @DanScavino: 'Trump as Commander in Chief, Making the Hard Decisions' by LTG (Ret) Kellogg, a highly decorated Vietnam War Vet: https://...",t,f,Twitter for iPhone,0,4366,2017-09-05 12:07:09+00:00,f,1
905038986883850240,"Congress, get ready to do your job - DACA!",f,f,Twitter for iPhone,85923,19984,2017-09-05 12:04:43+00:00,f,1
904899243906879488,Big week coming up!,f,f,Twitter for iPhone,82358,20376,2017-09-05 02:49:26+00:00,f,1
904745562771259392,"We are building our future with American hands, American labor, American iron, aluminum and steel. Happy #LaborDay! https://t.co/lyvtNfQ5IO",f,f,Twitter for iPhone,102850,21742,2017-09-04 16:38:46+00:00,f,1
904377075049656322,"The United States is considering, in addition to other options, stopping all trade with any country doing business with North Korea.",f,f,Twitter for iPhone,142462,36874,2017-09-03 16:14:31+00:00,f,1
904375314830249984,"I will be meeting General Kelly, General Mattis and other military leaders at the White House to discuss North Korea. Thank you.",f,f,Twitter for iPhone,108616,21886,2017-09-03 16:07:32+00:00,f,1
904309527381716992,"South Korea is finding, as I have told them, that their talk of appeasement with North Korea will not work, they only understand one thing!",f,f,Twitter for iPhone,77791,20039,2017-09-03 11:46:07+00:00,f,1
904307898213433344,"..North Korea is a rogue nation which has become a great threat and embarrassment to China, which is trying to help but with little success.",f,f,Twitter for iPhone,77751,19033,2017-09-03 11:39:38+00:00,f,1
904305644651634688,North Korea has conducted a major Nuclear Test. Their words and actions continue to be very hostile and dangerous to the United States.....,f,f,Twitter for iPhone,78694,22542,2017-09-03 11:30:41+00:00,f,1
904211620896886785,"So much SPIRIT in LA! Thank you to all of our HEREOS who saved many lives. An honor to spend time w/ @NationalGuard, #LEOs &amp, the #CajunNavy! https://t.co/7PEtSL6RKF",f,f,Twitter for iPhone,66747,15393,2017-09-03 05:17:04+00:00,f,1
904177758489776129,"Remember, Sunday is National Prayer Day (by Presidential Proclamation)!",f,f,Twitter for iPhone,111435,26637,2017-09-03 03:02:31+00:00,f,1
904176553621307396,"Just got back to the White House from the Great States of Texas and Louisiana, where things are going well. Such cooperation &amp, coordination!",f,f,Twitter for iPhone,76963,12162,2017-09-03 02:57:43+00:00,f,1
904174851627286530,"The Manufacturing Index rose to 59%, the highest level since early 2011 - and we can do much better!",f,f,Twitter for iPhone,58360,10922,2017-09-03 02:50:58+00:00,f,1
904172749135994882,RT @Team_Trump45: @realDonaldTrump  https://t.co/o1x6X2qQdM,t,f,Twitter for iPhone,0,21720,2017-09-03 02:42:36+00:00,f,1
904172511222525955,RT @ColumbiaBugle: @realDonaldTrump @FLOTUS President Trump greeting families affected by Hurricane Harvey. #TexasStrong https://t.co/5Ga3d...,t,f,Twitter for iPhone,0,6003,2017-09-03 02:41:40+00:00,f,1
904172194737123328,RT @ColumbiaBugle: @realDonaldTrump Love our @FLOTUS! https://t.co/6LT9mLAJ86,t,f,Twitter for iPhone,0,7226,2017-09-03 02:40:24+00:00,f,1
904160894661296130,"Together, we will prevail in the GREAT state of Texas. We love you!GOD BLESS TEXAS &amp, GOD BLESS THE USA🇺🇸 https://t.co/1rzmEenQIb",f,f,Twitter for iPhone,119658,34412,2017-09-03 01:55:30+00:00,f,1
904025340049285121,"TEXAS: We are with you today, we are with you tomorrow, and we will be with you EVERY SINGLE DAY AFTER, to restore, recover, and REBUILD! https://t.co/p1Fh8jmmFA",f,f,Twitter for iPhone,94011,20914,2017-09-02 16:56:51+00:00,f,1
903980484966752257,Departing for Texas and Louisiana with @FLOTUS Melania right now @JBA_NAFW. We will see you soon. America is with you! https://t.co/z3bHVdJVPr,f,f,Twitter for iPhone,67443,11894,2017-09-02 13:58:37+00:00,f,1
903778130850131970,"On behalf of @FLOTUS Melania &amp, myself, THANK YOU for today's update &amp, GREAT WORK! #SouthernBaptist @SendRelief, @RedCross &amp, @SalvationArmyUS https://t.co/DLgFNiCxN2",f,f,Twitter for iPhone,53160,10516,2017-09-02 00:34:32+00:00,f,1
903770196388831233,I will be going to Texas and Louisiana tomorrow with First Lady. Great progress being made! Spending weekend working at White House.,f,f,Twitter for iPhone,84572,13505,2017-09-02 00:03:00+00:00,f,1
903766326631698432,Stock Market up 5 months in a row!,f,f,Twitter for iPhone,80027,13950,2017-09-01 23:47:38+00:00,f,1
903705867891204096,"'President Donald J. Trump Proclaims September 3, 2017, as a National Day of Prayer' #HurricaneHarvey #PrayForTexas https://t.co/shen5JxChQ https://t.co/MpLB7WpxfT",f,f,Twitter Media Studio,66489,19858,2017-09-01 19:47:23+00:00,f,1
903603043714957312,"Texas is healing fast thanks to all of the great men &amp, women who have been working so hard. But still so much to do. Will be back tomorrow!",f,f,Twitter for iPhone,82858,14517,2017-09-01 12:58:48+00:00,f,1
903600265420578819,...get things done at a record clip. Many big decisions to be made over the coming days and weeks. AMERICA FIRST!,f,f,Twitter for iPhone,58289,10856,2017-09-01 12:47:46+00:00,f,1
903597166249246720,General John Kelly is doing a great job as Chief of Staff. I could not be happier or more impressed - and this Administration continues to..,f,f,Twitter for iPhone,64103,11032,2017-09-01 12:35:27+00:00,f,1
903587428488839170,"Wow, looks like James Comey exonerated Hillary Clinton long before the investigation was over...and so much more. A rigged system!",f,f,Twitter for iPhone,112618,33267,2017-09-01 11:56:45+00:00,f,1
903585873614303234,"Texas is heeling fast thanks to all of the great men &amp, women who have been working so hard. But still, so much to do. Will be back tomorrow!",f,t,Twitter for iPhone,22450,4996,2017-09-01 11:50:34+00:00,f,1
903348312421670912,THANK YOU to all of the incredible HEROES in Texas. America is with you! #TexasStrong https://t.co/8N4ABo9Ihp,f,f,Twitter for iPhone,104332,25501,2017-08-31 20:06:35+00:00,f,1
903234878124249090,RT @FoxNews: .@KellyannePolls on Harvey recovery: We hope when it comes to basic Hurricane Harvey funding that we can rely upon a nonpartis...,t,f,Twitter for iPhone,0,5691,2017-08-31 12:35:50+00:00,f,1
903067192756928512,RT @SecShulkin: Our Mobile Vet Center set up and ready to help #Veterans impacted by #HurricaneHarvey in Corpus Christi. https://t.co/P3qNX...,t,f,Twitter for iPhone,0,6704,2017-08-31 01:29:31+00:00,f,1
903059975437733888,"First responders have been doing heroic work. Their courage &amp, devotion has saved countless lives – they represent the very best of America! https://t.co/I0gvCQLTKO",f,f,Twitter Media Studio,86265,18405,2017-08-31 01:00:50+00:00,f,1
903057301032108032,"RT @IvankaTrump: We must reform our tax code so that all Americans can succeed in our modern economy &amp, achieve the American Dream! #TaxRefo...",t,f,Twitter for iPhone,0,8207,2017-08-31 00:50:13+00:00,f,1
902978901223366656,"Texas &amp, Louisiana: We are w/ you today, we are w/ you tomorrow, &amp, we will be w/ you EVERY SINGLE DAY AFTER, to restore, recover, &amp, REBUILD! https://t.co/YQb82K2VSB",f,f,Twitter for iPhone,84357,21918,2017-08-30 19:38:41+00:00,f,1
902889225061896196,Will be leaving for Missouri soon for a speech on tax cuts and tax reform - so badly needed!,f,f,Twitter for iPhone,70257,11146,2017-08-30 13:42:20+00:00,f,1
902885560552960000,"After reading the false reporting and even ferocious anger in some dying magazines, it makes me wonder, WHY? All I want to do is #MAGA!",f,f,Twitter for iPhone,90522,22171,2017-08-30 13:27:47+00:00,f,1
902881712010653697,"After witnessing first hand the horror &amp, devastation caused by Hurricane Harvey,my heart goes out even more so to the great people of Texas!",f,f,Twitter for iPhone,100327,19719,2017-08-30 13:12:29+00:00,f,1
902875515534626817,"The U.S. has been talking to North Korea, and paying them extortion money, for 25 years. Talking is not the answer!",f,f,Twitter for iPhone,92712,11723,2017-08-30 12:47:52+00:00,f,1
902563229968228353,RT @BrazoriaCounty: https://t.co/sUTyXBzer9,t,f,Twitter for iPhone,0,12409,2017-08-29 16:06:57+00:00,f,1
902507855584092160,.@foxandfriends   We are not looking to fill all of those positions. Don't need many of them - reduce size of government. @IngrahamAngle,f,f,Twitter for iPhone,67079,13498,2017-08-29 12:26:55+00:00,f,1
902503724274331653,Leaving now for Texas!,f,f,Twitter for iPhone,120643,17312,2017-08-29 12:10:30+00:00,f,1
902493977533968384,"""RT @TheFive: """"Trump just won on law &amp, order and now he's delivering the goods."""" -@jessebwatters #thefive""",t,f,Twitter for iPhone,0,5900,2017-08-29 11:31:46+00:00,f,1
902491758235406346,RT @TXMilitary: #PhotosFromTheField: Aerial photos from our rescue crews earlier today. #Harvey #TMDHarvey @USNationalGuard https://t.co/fA...,t,f,Twitter for iPhone,0,5927,2017-08-29 11:22:57+00:00,f,1
902491685720076288,"RT @NWSHouston: Historic flooding is still ongoing across the area. If evacuated, please DO NOT return home until authorities indicate it i...",t,f,Twitter for iPhone,0,4088,2017-08-29 11:22:40+00:00,f,1
902157132270899200,RT @GregAbbott_TX: Thanks to the Texas National Guard for their help to rescue flooded Texans. #HurricaneHarvey https://t.co/lhpJtAne10,t,f,Twitter for iPhone,0,10032,2017-08-28 13:13:16+00:00,f,1
902156761901264896,"RT @Inspire_Us: No color, no religion, no nationality should come between us, we are all children of God. - Mother Teresa",t,t,Twitter for iPhone,0,12688,2017-08-28 01:11:47+00:00,f,1
899841094761848832,"Address to the NationFull Video &amp, Transcript:https://t.co/FELdImTuUM https://t.co/6ly3fNatiX",f,f,Twitter Media Studio,45831,10941,2017-08-22 03:50:09+00:00,f,1
902156034348904450,"RT @KatiePavlich: Your boss pardoned a traitor who gave U.S. enemies state secrets, he also pardoned a terrorist who killed Americans. Spar...",t,f,Twitter for iPhone,0,21351,2017-08-28 13:08:54+00:00,f,1
902155972990382081,"RT @DineshDSouza: Finally, as if by accident, the @washingtonpost breaks down &amp, admits the truth about where the violence is coming from ht...",t,f,Twitter for iPhone,0,24376,2017-08-28 13:08:39+00:00,f,1
901942677461229569,"HISTORIC rainfall in Houston, and all over Texas. Floods are unprecedented, and more rain coming. Spirit of the people is incredible.Thanks!",f,f,Twitter for iPhone,92541,17956,2017-08-27 23:01:06+00:00,f,1
901816453736919040,Major rescue operations underway!,f,f,Twitter for iPhone,71078,12197,2017-08-27 14:39:32+00:00,f,1
901814456505831424,Going to a Cabinet Meeting (tele-conference) at 11:00 A.M. on #Harvey. Even experts have said they've never seen one like this!,f,f,Twitter for iPhone,45988,8695,2017-08-27 14:31:35+00:00,f,1
901804388649500672,"We are in the NAFTA (worst trade deal ever made) renegotiation process with Mexico &amp, Canada.Both being very difficult,may have to terminate?",f,f,Twitter for iPhone,68122,15002,2017-08-27 13:51:35+00:00,f,1
901802524981817344,"With Mexico being one of the highest crime Nations in the world, we must have THE WALL. Mexico will pay for it through reimbursement/other.",f,f,Twitter for iPhone,85112,21011,2017-08-27 13:44:11+00:00,f,1
901797906046439426,"Wow - Now experts are calling #Harvey a once in 500 year flood! We have an all out effort going, and going well!",f,f,Twitter for iPhone,52671,10509,2017-08-27 13:25:50+00:00,f,1
901795255086968833,"I will also be going to a wonderful state, Missouri, that I won by a lot in '16. Dem C.M. is opposed to big tax cuts. Republican will win S!",f,f,Twitter for iPhone,57491,9816,2017-08-27 13:15:18+00:00,f,1
901791391130554370,I will be going to Texas as soon as that trip can be made without causing disruption. The focus must be life and safety.,f,f,Twitter for iPhone,95214,18235,2017-08-27 12:59:56+00:00,f,1
901782823522185218,Many people are now saying that this is the worst storm/hurricane they have ever seen. Good news is that we have great talent on the ground.,f,f,Twitter for iPhone,52060,8399,2017-08-27 12:25:54+00:00,f,1
901777333513854976,Great coordination between agencies at all levels of government. Continuing rains and flash floods are being dealt with. Thousands rescued.,f,f,Twitter for iPhone,66755,11244,2017-08-27 12:04:05+00:00,f,1
901772550405070848,"A great book by a great guy, highly recommended! https://t.co/3jbDDN8YmJ",f,f,Twitter for iPhone,46596,11287,2017-08-27 11:45:04+00:00,f,1
901579350662938624,"Wonderful coordination between Federal, State and Local Governments in the Great State of Texas - TEAMWORK! Record setting rainfall.",f,f,Twitter for iPhone,78338,14654,2017-08-26 22:57:22+00:00,f,1
901531320052051971,THANK YOU to all of the great volunteers helping out with #HurricaneHarvey relief in Texas! https://t.co/Ds95oSgo8f,f,f,Twitter for iPhone,62046,13574,2017-08-26 19:46:30+00:00,f,1
901411986302488576,"Closely monitoring #HurricaneHarvey from Camp David. We are leaving nothing to chance. City, State and Federal Govs. working great together!",f,f,Twitter for iPhone,65591,11575,2017-08-26 11:52:19+00:00,f,1
901407059547226112,".@ChuckGrassley - got your message loud and clear. We have fantastic people on the ground, got there long before #Harvey. So far, so good!",f,f,Twitter for iPhone,47038,8737,2017-08-26 11:32:44+00:00,f,1
901404817008021505,RT @VP: All Americans in harms way need to be prepared and should continue visiting https://t.co/2H22XpTtPj for critical updates on #Hurric...,t,f,Twitter for iPhone,0,5457,2017-08-26 11:23:50+00:00,f,1
901404488610787328,"RT @EPAScottPruitt: Thoughts and prayers for those in Texas &amp, Louisiana. I am closely monitoring #Harvey developments along with @fema &amp, @E...",t,t,Twitter for iPhone,0,4631,2017-08-26 11:22:32+00:00,f,1
901404330024218624,You are doing a great job - the world is watching! Be safe. https://t.co/PJLdxy3hD9,f,f,Twitter for iPhone,39796,7022,2017-08-26 11:21:54+00:00,f,1
901403166658498560,"RT @GovAbbott: To ensure your safety ahead of #Harvey heed warnings from local officials &amp, review important safety information. https://t.c...",t,f,Twitter for iPhone,0,2862,2017-08-26 11:17:16+00:00,f,1
901305065885114368,We will remain fully engaged w/ open lines of communication as #HurricaneHarvey makes landfall. America is w/ you! @GovAbbott @FEMA @DHSgov https://t.co/PryIqRxgLr,f,f,Twitter for iPhone,43440,9609,2017-08-26 04:47:27+00:00,f,1
901263061511794688,I am pleased to inform you that I have just granted a full Pardon to 85 year old American patriot Sheriff Joe Arpaio. He kept Arizona safe!,f,f,Twitter for iPhone,122716,27437,2017-08-26 02:00:33+00:00,f,1
901259908137594881,"RT @realDonaldTrump: At the request of the Governor of Texas, I have signed the Disaster Proclamation, which unleashes the full force of go...",t,t,Twitter for iPhone,0,1096,2017-08-26 01:48:01+00:00,f,1
901259509632573440,"At the request of the Governor of Texas, I have signed the Disaster Proclamation, which unleashes the full force of government help!",f,f,Twitter for iPhone,118754,23573,2017-08-26 01:46:26+00:00,f,1
901205593054162945,Storm turned Hurricane is getting much bigger and more powerful than projected. Federal Government is on site and ready to respond. Be safe!,f,f,Twitter for iPhone,87772,16649,2017-08-25 22:12:11+00:00,f,1
901190479798312961,"Just arrived at Camp David, where I am monitoring the path and doings of Hurricane Harvey (as it strengthens to a Class 3). 125 MPH winds!",f,f,Twitter for iPhone,55966,9128,2017-08-25 21:12:08+00:00,f,1
901188228174184448,"Just arrived at Camp David where I am closely watching the path and doings of Hurricane Harvey, as it strengthens to a Category 3. BE SAFE!",f,f,Twitter for iPhone,51839,8438,2017-08-25 21:03:11+00:00,f,1
901161964994539520,"I encourage everyone in the path of #HurricaneHarvey to heed the advice &amp, orders of their local and state officials. https://t.co/N6uEWCZUrv",f,f,Twitter for iPhone,44370,10229,2017-08-25 19:18:49+00:00,f,1
901112569322237952,"Received a #HurricaneHarvey briefing this morning from Acting @DHSgov Secretary Elaine Duke, @FEMA_Brock, @TomBossert45 and COS John Kelly. https://t.co/cnkRZd6D6Z",f,f,Twitter for iPhone,33183,6660,2017-08-25 16:02:33+00:00,f,1
901108572041433089,"I have spoken w/ @GovAbbott of Texas and @LouisianaGov Edwards. Closely monitoring #HurricaneHarvey developments &amp, here to assist as needed.",f,f,Twitter for iPhone,50094,10097,2017-08-25 15:46:40+00:00,f,1
901057864516734978,Strange statement by Bob Corker considering that he is constantly asking me whether or not he should run again in '18. Tennessee not happy!,f,f,Twitter for iPhone,52095,11230,2017-08-25 12:25:10+00:00,f,1
901044579750825985,"""Nick Adams, """"Retaking America""""  """"Best things of this presidency aren't reported about. Convinced this will be perhaps best presidency ever.""""""",f,f,Twitter for iPhone,58814,12382,2017-08-25 11:32:23+00:00,f,1
901032475111116800,"Few, if any, Administrations have done more in just 7 months than the Trump A. Bills passed, regulations killed, border, military, ISIS, SC!",f,f,Twitter for iPhone,61022,12478,2017-08-25 10:44:17+00:00,f,1
901031532164468736,General John Kelly is doing a fantastic job as Chief of Staff. There is tremendous spirit and talent in the W.H. Don't believe the Fake News,f,f,Twitter for iPhone,72879,14669,2017-08-25 10:40:32+00:00,f,1
901029770401546243,"If Senate Republicans don't get rid of the Filibuster Rule and go to a 51% majority, few bills will be passed. 8 Dems control the Senate!",f,f,Twitter for iPhone,56938,14018,2017-08-25 10:33:32+00:00,f,1
901027651216969728,RT @EricTrump: Honored to speak at the RNC Summer Meeting in Nashville Tennessee this evening! @GOP #MAGA @GOPChairwoman 🇺🇸🇺🇸🇺🇸 https://t.c...,t,f,Twitter for iPhone,0,4453,2017-08-25 10:25:06+00:00,f,1
900921565868687360,"RT @GregAbbott_TX: Spoke with Pres. Trump &amp, heads of Homeland Security &amp, FEMA. They're helping Texas respond to #HurricaneHarvey. https://t...",t,f,Twitter for iPhone,0,8118,2017-08-25 03:23:34+00:00,f,1
900875799292776448,A GREAT HONOR to spend time with our BRAVE HEROES at the @USMC Air Station Yuma. THANK YOU for your service to the United States of America! https://t.co/4lJ94nxODu,f,f,Twitter Media Studio,51728,9877,2017-08-25 00:21:42+00:00,f,1
900850201384157184,A great honor to spend time with our brave HEROES at the @USMC Air Station Yuma. THANK YOU for your service to the United Staes of America! https://t.co/FUtGBoTJLo,f,t,Media Studio,21541,4894,2017-08-24 10:39:59+00:00,f,1
900802642779267077,As #HurricaneHarvey intensifies - remember to #PlanAhead. ☑️https://t.co/FMdmvohypy☑️https://t.co/YL56ldeqoW ☑️https://t.co/t1s4AL3B47 https://t.co/tpXmOK70ug,f,f,Twitter Media Studio,46458,12268,2017-08-24 19:31:00+00:00,f,1
900768072503623680,"On Tuesday, I visited with the incredible men &amp, women of @ICEgov &amp, @DHSgov Border Patrol in Yuma, AZ. Thank you. We respect &amp, cherish you! https://t.co/KSQddGqWzJ",f,f,Twitter Media Studio,48032,9915,2017-08-24 17:13:38+00:00,f,1
900714982823821313,"The only problem I have with Mitch McConnell is that, after hearing Repeal &amp, Replace for 7 years, he failed!That should NEVER have happened!",f,f,Twitter for iPhone,89183,19906,2017-08-24 13:42:41+00:00,f,1
900708110330978304,"James Clapper, who famously got caught lying to Congress, is now an authority on Donald Trump. Will he show you his beautiful letter to me?",f,f,Twitter for iPhone,62906,17274,2017-08-24 13:15:22+00:00,f,1
900708017909506048,"..(enthusiastic, dynamic and fun) and the American Legion - V.A. (respectful and strong). Too bad the Dems have no one who can change tones!",f,f,Twitter for iPhone,45651,8481,2017-08-24 13:15:00+00:00,f,1
900706843445612544,"James Clapper, who famously got caught lying to Congress, is now an authority on Donald Trump. Will he show you his beautiful letter to me?",f,t,Twitter for iPhone,3409,1027,2017-08-24 01:10:20+00:00,f,1
900706210042830848,"...(enthusiastic, dynamic and fun) and the American Legion - V.A. (respectful and strong). To bad the Dems have no one who can change tones!",f,t,Twitter for iPhone,4467,1014,2017-08-24 01:07:49+00:00,f,1
900706146943717377,"The Fake News is now complaining about my different types of back to back speeches. Well, there was Afghanistan (somber), the big Rally.....",f,f,Twitter for iPhone,57711,11461,2017-08-24 13:07:34+00:00,f,1
900701990312972289,"...(enthusiastic, dynamic and fun) and the American Legion - V.A. (respectful and strong).To bad the Dems have no one who can change tones!",f,t,Twitter for iPhone,7696,1815,2017-08-24 12:51:03+00:00,f,1
900699520304066561,"The Fake News is now complaining about my different types of back to back speeches. Well, their was Afghanistan (somber), the big Rally.....",f,t,Twitter for iPhone,11091,2763,2017-08-24 12:41:14+00:00,f,1
900697580946034688,RT @JerryTravone: @realDonaldTrump  https://t.co/6XJxEg1gSs,t,f,Twitter for iPhone,0,20687,2017-08-24 12:33:32+00:00,f,1
900695448465399809,...didn't do it so now we have a big deal with Dems holding them up (as usual) on Debt Ceiling approval. Could have been so easy-now a mess!,f,f,Twitter for iPhone,51994,10651,2017-08-24 12:25:03+00:00,f,1
900694112940290049,"I requested that Mitch M &amp, Paul R tie the Debt Ceiling legislation into the popular V.A. Bill (which just passed) for easy approval. They...",f,f,Twitter for iPhone,53563,14083,2017-08-24 12:19:45+00:00,f,1
900521251768213505,"Donald E. Ballard, on behalf of the people of the United States, THANK YOU for your courageous service. YOU INSPIRE US ALL! #ALConv2017 https://t.co/46m20cJkLB",f,f,Twitter Media Studio,49849,10008,2017-08-24 00:52:51+00:00,f,1
900488148194516992,"A great honor to sign the Veterans Appeals Improvement &amp, Modernization Act into law w/ @AmericanLegion @SecShulkin.🎥https://t.co/fr2sf9oRvd https://t.co/bICsRm1tQx",f,f,Twitter for iPhone,41369,8796,2017-08-23 22:41:19+00:00,f,1
900435023517499392,"As long as we have faith in each other and confidence in our values, then there is no challenge too great for us to conquer! #ALConv2017 https://t.co/tsIAgHbFM7",f,f,Twitter for iPhone,61489,13782,2017-08-23 19:10:13+00:00,f,1
900354657133801474,"If Republican Senate doesn't get rid of the Filibuster Rule &amp, go to a simple majority, which the Dems would do, they are just wasting time!",f,f,Twitter for iPhone,67096,15726,2017-08-23 13:50:52+00:00,f,1
900352052068401154,Last night in Phoenix I read the things from my statements on Charlottesville that the Fake News Media didn't cover fairly. People got it!,f,f,Twitter for iPhone,75302,15264,2017-08-23 13:40:31+00:00,f,1
900346953120141312,"Phoenix crowd last night was amazing - a packed house. I love the Great State of Arizona. Not a fan of Jeff Flake, weak on crime &amp, border!",f,f,Twitter for iPhone,79756,15647,2017-08-23 13:20:15+00:00,f,1
900251514324647936,MAKE AMERICA GREAT AGAIN! https://t.co/RzePiucV3h,f,f,Twitter Media Studio,56903,12553,2017-08-23 07:01:01+00:00,f,1
900236323893673984,#DrainTheSwamp #PhoenixRally https://t.co/o7S6xoCBiC,f,f,Twitter for iPhone,43090,8797,2017-08-23 06:00:39+00:00,f,1
900229323801735168,"Not only does the media give a platform to hate groups, but the media turns a blind eye to the gang violence on our streets! https://t.co/Mau0B1qYIP",f,f,Twitter for iPhone,81349,21729,2017-08-23 05:32:50+00:00,f,1
900225712522657792,"Thank you Arizona. Beautiful turnout of 15,000 in Phoenix tonight! Full coverage of rally via my Facebook at: https://t.co/s0D12EFs40 https://t.co/WT4D9Vsen1",f,f,Twitter for iPhone,48295,10293,2017-08-23 05:18:29+00:00,f,1
900150814081036288,"THANK YOU to all of the great men and women at the U.S. Customs and Border Protection facility in Yuma, Arizona &amp, around the United States! https://t.co/tjFx8XjhDz",f,f,Twitter Media Studio,77007,16281,2017-08-23 00:20:52+00:00,f,1
900133498723237888,"We will push onward to victory w/hope in our hearts, courage in our souls &amp, everlasting pride in each &amp, every one of you. God Bless America. https://t.co/44QYFSq07a",f,f,Twitter Media Studio,59767,13268,2017-08-22 23:12:04+00:00,f,1
900086092107571200,"See you at 7:00 P.M. tonight Phoenix, Arizona! #MAGA🇺🇸Tickets: https://t.co/2kUQfKqbsx https://t.co/1w3LVkpESE",f,f,Twitter for iPhone,35371,6837,2017-08-22 20:03:41+00:00,f,1
900074005205528578,"We pray for our fallen heroes who died while serving our country in the @USNavy aboard the  #USSJohnSMcCain, and their families. https://t.co/t3kD8qj9Mt",f,f,Twitter for iPhone,60822,13080,2017-08-22 19:15:40+00:00,f,1
899833714363949056,"Thank you to the men and women of Fort Myer, and every member of the U.S. Military at home and abroad. #USA🇺🇸 https://t.co/ticezYKkhz",f,f,Twitter Media Studio,63833,12186,2017-08-22 03:20:50+00:00,f,1
899828842075967489,"RT @marcorubio: Good #AfghanStrategy &amp, excellent speech by @POTUS laying it out to the nation.",t,f,Twitter for iPhone,0,6637,2017-08-22 03:01:28+00:00,f,1
899625157421039616,"Thank you, the very dishonest Fake News Media is out of control! https://t.co/8J7y900VGK",f,f,Twitter for iPhone,71859,16056,2017-08-21 13:32:06+00:00,f,1
899623926082535425,Jerry Falwell of Liberty University was fantastic on @foxandfriends. The Fake News should listen to what he had to say. Thanks Jerry!,f,f,Twitter for iPhone,64198,12682,2017-08-21 13:27:12+00:00,f,1
899466340238491648,"Thoughts &amp, prayers are w/ our @USNavy sailors aboard the #USSJohnSMcCain where search &amp, rescue efforts are underway. https://t.co/DQU0zTRXNU",f,f,Twitter for iPhone,73496,16865,2017-08-21 03:01:01+00:00,f,1
899411254061694979,Heading back to Washington after working hard and watching some of the worst and most dishonest Fake News reporting I have ever seen!,f,f,Twitter for iPhone,107761,22276,2017-08-20 23:22:07+00:00,f,1
899008521726861312,I want to applaud the many protestors in Boston who are speaking out against bigotry and hate. Our country will soon come together as one!,f,f,Twitter for iPhone,133826,25997,2017-08-19 20:41:49+00:00,f,1
899008381226299392,"Our great country has been divided for decades. Sometimes you need protest in order to heal, &amp, we will heal, &amp, be stronger than ever before!",f,f,Twitter for iPhone,121097,23172,2017-08-19 20:41:15+00:00,f,1
899006740410269696,"Our great country has been divided for decades. Sometimes you need protest in order to heel, &amp, we will heel, &amp, be stronger than ever before!",f,t,Twitter for iPhone,6690,1958,2017-08-19 08:34:44+00:00,f,1
898990321387925504,Great job by all law enforcement officers and Boston Mayor @Marty_Walsh.,f,f,Twitter for iPhone,69825,11804,2017-08-19 19:29:29+00:00,f,1
898988632551370753,Looks like many anti-police agitators in Boston. Police are looking tough and smart! Thank you.,f,f,Twitter for iPhone,103061,19509,2017-08-19 19:22:47+00:00,f,1
898964640817983488,Steve Bannon will be a tough and smart new voice at @BreitbartNews...maybe even better than ever before. Fake News needs the competition!,f,f,Twitter for iPhone,87716,22060,2017-08-19 17:47:26+00:00,f,1
886742955251335168,Congratulations to Sung Hyun Park on winning the 2017 @USGA #USWomensOpen🇺🇸,f,f,Twitter for iPhone,40063,5557,2017-07-17 00:22:50+00:00,f,1
898874064722427904,"Important day spent at Camp David with our very talented Generals and military leaders. Many decisions made, including on Afghanistan.",f,f,Twitter for iPhone,72285,12748,2017-08-19 11:47:31+00:00,f,1
898870621584596993,I want to thank Steve Bannon for his service. He came to the campaign during my run against Crooked Hillary Clinton - it was great! Thanks S,f,f,Twitter for iPhone,99626,21066,2017-08-19 11:33:51+00:00,f,1
898771262453026816,My thoughts and prayers are with the @KissimmeePolice and their loved ones. We are with you!#LESM,f,f,Twitter for iPhone,79592,17011,2017-08-19 04:59:01+00:00,f,1
898718902200418306,"Today, I signed the Global War on Terrorism War Memorial Act (#HR873.) The bill authorizes....cont➡️https://t.co/c3zIkdtowc https://t.co/re6n0MS0cj",f,f,Twitter for iPhone,52832,11795,2017-08-19 01:30:58+00:00,f,1
898685249726578688,"Just returned to Bedminster, NJ from Camp David. GREAT meeting on National Security, the Border and the Military! #MAGA🇺🇸 https://t.co/Hjmcnnse9j",f,f,Twitter Media Studio,58889,11004,2017-08-18 23:17:14+00:00,f,1
898567378988015616,I have directed that U.S. Cyber Command be elevated to the status of a Unified Combatant Command focused on....cont: https://t.co/3iScfuMw9s,f,f,Twitter for iPhone,48179,11202,2017-08-18 15:28:52+00:00,f,1
898567142466928640,"RT @hughhewitt: @realDonaldTrump I spoke to a group of influential CA GOPers tonight, long time activists, bundlers, influencers. Support f...",t,f,Twitter for iPhone,0,9706,2017-08-18 15:27:55+00:00,f,1
898567122665611268,RT @hughhewitt: #NeverTrumpers elite MSMers and virtue signalers are persuading themselves that @realDonaldTrump supporters are deserting....,t,f,Twitter for iPhone,0,8122,2017-08-18 15:27:51+00:00,f,1
898547379451740160,"Heading to Camp David for major meeting on National Security, the Border and the Military (which we are rapidly building to strongest ever).",f,f,Twitter for iPhone,73884,12691,2017-08-18 14:09:24+00:00,f,1
898531481185689600,Radical Islamic Terrorism must be stopped by whatever means necessary! The courts must give us back our protective rights. Have to be tough!,f,f,Twitter for iPhone,120210,29391,2017-08-18 13:06:13+00:00,f,1
898528795308642304,The Obstructionist Democrats make Security for our country very difficult. They use the courts and associated delay at all times. Must stop!,f,f,Twitter for iPhone,82195,18350,2017-08-18 12:55:33+00:00,f,1
898522732672933890,"Homeland Security and law enforcement are on alert &amp, closely watching for any sign of trouble. Our borders are far tougher than ever before!",f,f,Twitter for iPhone,94583,17828,2017-08-18 12:31:27+00:00,f,1
898254409511129088,Study what General Pershing of the United States did to terrorists when caught. There was no more Radical Islamic Terror for 35 years!,f,f,Twitter for iPhone,90073,23284,2017-08-17 18:45:14+00:00,f,1
898243270169563136,"The United States condemns the terror attack in Barcelona, Spain, and will do whatever is necessary to help. Be tough &amp, strong, we love you!",f,f,Twitter for iPhone,188153,53312,2017-08-17 18:00:58+00:00,f,1
898172999945392131,"...the beauty that is being taken out of our cities, towns and parks will be greatly missed and never able to be comparably replaced!",f,f,Twitter for iPhone,93826,20936,2017-08-17 13:21:45+00:00,f,1
898171544236687361,"...can't change history, but you can learn from it. Robert E Lee, Stonewall Jackson - who's next, Washington, Jefferson? So foolish! Also...",f,f,Twitter for iPhone,113678,26668,2017-08-17 13:15:58+00:00,f,1
898169407213645824,Sad to see the history and culture of our great country being ripped apart with the removal of our beautiful statues and monuments. You.....,f,f,Twitter for iPhone,111927,26594,2017-08-17 13:07:28+00:00,f,1
898167282727366656,Many meetings today in Bedminster including with Secretary Linda M and Small Business. Job numbers are looking great!,f,f,Twitter for iPhone,55769,9270,2017-08-17 12:59:02+00:00,f,1
898136462385979392,"Great to see that Dr. Kelli Ward is running against Flake Jeff Flake, who is WEAK on borders, crime and a non-factor in Senate. He's toxic!",f,f,Twitter for iPhone,72436,19938,2017-08-17 10:56:33+00:00,f,1
898130328916824064,"The public is learning (even more so) how dishonest the Fake News is. They totally misrepresent what I say about hate, bigotry etc. Shame!",f,f,Twitter for iPhone,106557,25656,2017-08-17 10:32:11+00:00,f,1
898128290698989568,...and people like Ms. Heyer. Such a disgusting lie. He just can't forget his election trouncing.The people of South Carolina will remember!,f,f,Twitter for iPhone,58964,11795,2017-08-17 10:24:05+00:00,f,1
897041646659014657,Heading to Washington this morning. Much work to do. Focus on trade and military. #MAGA,f,f,Twitter for iPhone,58075,9666,2017-08-14 10:26:09+00:00,f,1
898127175525728256,"Publicity seeking Lindsey Graham falsely stated that I said there is moral equivalency between the KKK, neo-Nazis &amp, white supremacists......",f,f,Twitter for iPhone,66677,15629,2017-08-17 10:19:39+00:00,f,1
898015350914138112,THANK YOU @MayorGimenez for following the RULE OF LAW! Sanctuary cities make our country LESS SAFE! Full remarks: https://t.co/Kz2EsQ3f1v https://t.co/vD3BB3hyti,f,f,Twitter Media Studio,53415,12225,2017-08-17 02:55:18+00:00,f,1
897974118959783937,"Join me at 7:00 P.M. on Tuesday, August 22nd in Phoenix, Arizona at the Phoenix Convention Center! Tickets at: https://t.co/2kUQfKqbsx https://t.co/5ua74dlVtq",f,f,Twitter for iPhone,41974,10888,2017-08-17 00:11:28+00:00,f,1
897934811909636096,"Today in Bedminster I signed the Harry W. Colmery Veterans Educational Assistance Act of 2017, joined by @DeptVetAffairs @SecShulkin. https://t.co/oMUIZ8X7oB",f,f,Twitter for iPhone,48448,10803,2017-08-16 21:35:16+00:00,f,1
897908198098706433,"Just landed in Bedminster, New Jersey. #MAGA 🎥https://t.co/6EQfmRzrnv",f,f,Twitter for iPhone,36987,4927,2017-08-16 19:49:31+00:00,f,1
897878175308546048,"RT @JacobAWohl: @realDonaldTrump President Trump alone has succeeded in bringing the Stock Market, Small Business Index and Consumer Comfor...",t,t,Twitter for iPhone,0,12508,2017-08-16 05:50:13+00:00,f,1
897869174323728385,"Rather than putting pressure on the businesspeople of the Manufacturing Council &amp, Strategy &amp, Policy Forum, I am ending both. Thank you all!",f,f,Twitter for iPhone,72601,15958,2017-08-16 17:14:27+00:00,f,1
897834894822342656,"Memorial service today for beautiful and incredible Heather Heyer, a truly special young woman. She will be long remembered by all!",f,f,Twitter for iPhone,81172,13960,2017-08-16 14:58:14+00:00,f,1
897833223501344769,"Wow, Senator Luther Strange picked up a lot of additional support since my endorsement. Now in September runoff. Strong on Wall &amp, Crime!",f,f,Twitter for iPhone,48381,7759,2017-08-16 14:51:36+00:00,f,1
897799882802704385,MAKE AMERICA GREAT AGAIN!,f,f,Twitter for iPhone,143728,41417,2017-08-16 12:39:07+00:00,f,1
897784898865553409,Kim Jong Un of North Korea made a very wise and well reasoned decision. The alternative would have been both catastrophic and unacceptable!,f,f,Twitter for iPhone,99079,21411,2017-08-16 11:39:34+00:00,f,1
897783159038910466,"""RT @FoxNews: .@POTUS: """"Our infrastructure will again be the best in the world. We used to have the greatest infrastructure anywhere in the...""",t,f,Twitter for iPhone,0,6559,2017-08-16 11:32:39+00:00,f,1
897783045666766850,RT @jessebwatters: Thanks for watching!! https://t.co/QEjLzzGjDk,t,f,Twitter for iPhone,0,4024,2017-08-16 11:32:12+00:00,f,1
897782776468000768,Congratulations John! https://t.co/vhmv7Qoutk,f,f,Twitter for iPhone,31454,5722,2017-08-16 11:31:08+00:00,f,1
897781122658177024,"RT @Harlan: Watching MSM you would have no idea @realDonaldTrump clearly, unambiguously &amp, repeatedly condemned the bigotry &amp, violence in Ch...",t,f,Twitter for iPhone,0,11427,2017-08-16 11:24:34+00:00,f,1
897780828134141952,RT @CLewandowski_: Please watch @foxandfriends today at 7:30 AM to watch me discuss @realDonaldTrump.,t,t,Twitter for iPhone,0,1109,2017-08-16 11:23:24+00:00,f,1
897764432369070080,Congratulation to Roy Moore and Luther Strange for being the final two and heading into a September runoff in Alabama. Exciting race!,f,f,Twitter for iPhone,43639,7068,2017-08-16 10:18:14+00:00,f,1
897763049226084352,"Amazon is doing great damage to tax paying retailers. Towns, cities and states throughout the U.S. are being hurt - many jobs being lost!",f,f,Twitter for iPhone,58345,14303,2017-08-16 10:12:45+00:00,f,1
897478270442143744,"For every CEO that drops out of the Manufacturing Council, I have many to take their place. Grandstanders should not have gone on. JOBS!",f,f,Twitter for iPhone,92340,19764,2017-08-15 15:21:08+00:00,f,1
897429670278385664,"Big day in Alabama. Vote for Luther Strange, he will be great!",f,f,Twitter for iPhone,50836,8909,2017-08-15 12:08:01+00:00,f,1
897413442696597505,"RT @MikeHolden42: @foxandfriends @realDonaldTrump He's a fascist, so not unusual.",t,t,Twitter for iPhone,0,373,2017-08-15 11:03:32+00:00,f,1
897413405002387456,RT @SLandinSoCal: @foxandfriends @realDonaldTrump Nothing can stop the #TrumpTrain‼️ https://t.co/PprEMbiZQa,t,t,Twitter for iPhone,0,769,2017-08-15 11:03:23+00:00,f,1
897411536460886016,RT @foxandfriends: FOX NEWS EXCLUSIVE: President Trump 'seriously considering' a pardon for ex-Sheriff Joe Arpaio https://t.co/Rgw8l7i9Xl,t,f,Twitter for iPhone,0,7065,2017-08-15 10:55:58+00:00,f,1
897411177583702016,"@foxandfriends According to report just out, President Obama knew about Russian interference 3 years ago but he didn't want to anger Russia!",f,f,Twitter for iPhone,14193,5892,2017-08-15 10:54:32+00:00,f,1
897405235924275200,"Senator Luther Strange, who is doing a great job for the people of Alabama, will be on @foxandfriends at 7:15. Tough on crime, borders etc.",f,f,Twitter for iPhone,40198,6290,2017-08-15 10:30:55+00:00,f,1
897294623000985601,"RT @JackPosobiec: Meanwhile: 39 shootings in Chicago this weekend, 9 deaths. No national media outrage. Why is that? https://t.co/9Crutnnrp8",t,t,Twitter for iPhone,0,27432,2017-08-15 03:11:23+00:00,f,1
897293484884979712,"Feels good to be home after seven months, but the White House is very special, there is no place like it... and the U.S. is really my home!",f,f,Twitter for iPhone,102616,16248,2017-08-15 03:06:52+00:00,f,1
897286242886463489,"RT @foxandfriends: Sec. Mattis: If North Korea fires missile at US, it's 'game on' https://t.co/CfPL9u2I2G",t,f,Twitter for iPhone,0,7436,2017-08-15 02:38:05+00:00,f,1
897224082625880064,"RT @FiIibuster: @realDonaldTrump We have a President that is putting the security and prosperity of America first. Thank you, President Tru...",t,t,Twitter for iPhone,0,15547,2017-08-14 10:31:05+00:00,f,1
897223558073602049,Made additional remarks on Charlottesville and realize once again that the #Fake News Media will never be satisfied...truly bad people!,f,f,Twitter for iPhone,106016,26074,2017-08-14 22:29:00+00:00,f,1
897221868784168960,Leaving for New York City and meetings on military purchases and trade.,f,f,Twitter for iPhone,53050,7363,2017-08-14 22:22:17+00:00,f,1
897220584211439616,"Big day in Washington, D.C., even though White House &amp, Oval Office are being renovated. Great trade deals coming for American workers!",f,f,Twitter for iPhone,59303,10055,2017-08-14 22:17:11+00:00,f,1
897218560937922564,".@Merck Pharma is a leader in higher &amp, higher drug prices while at the same time taking jobs out of the U.S. Bring jobs back &amp, LOWER PRICES!",f,f,Twitter for iPhone,55022,11362,2017-08-14 22:09:09+00:00,f,1
897079051277537280,"Now that Ken Frazier of Merck Pharma has resigned from President's Manufacturing Council,he will have more time to LOWER RIPOFF DRUG PRICES!",f,f,Twitter for iPhone,78776,17769,2017-08-14 12:54:47+00:00,f,1
897048688639574016,The Obstructionist Democrats have given us (or not fixed) some of the worst trade deals in World History. I am changing that fast!,f,f,Twitter for iPhone,81527,16093,2017-08-14 10:54:08+00:00,f,1
897044700124909569,"Luther Strange of the Great State of Alabama has my endorsement. He is strong on Border &amp, Wall, the military, tax cuts &amp, law enforcement.",f,f,Twitter for iPhone,50510,9085,2017-08-14 10:38:17+00:00,f,1
896854760099336192,RT @axios: The DOJ is opening a civil rights investigation on the car attack in Charlottesville https://t.co/bkqmQENipV,t,f,Twitter for iPhone,0,5643,2017-08-13 22:03:32+00:00,f,1
896854197114732544,RT @FoxNews: .@AlanDersh: Trump Has 'More Credibility' Than Obama With North Korea https://t.co/0w1L01EL0q https://t.co/9Q3FYUmNy1,t,f,Twitter for iPhone,0,7920,2017-08-13 22:01:17+00:00,f,1
896854071117787136,RT @DailyCaller: Guam Governor To Trump: I’ve Never Felt Safer Than ‘With You At The Helm’ https://t.co/ESwleDjwuB https://t.co/2UwKmzJtPY,t,f,Twitter for iPhone,0,9321,2017-08-13 22:00:47+00:00,f,1
896707210503483393,"RT @SecretService: Our thoughts &amp, prayers are with the families, friends &amp, colleagues of #Virginia's @VSPPIO Lt Cullen &amp, Tpr Bates #Charlot...",t,f,Twitter for iPhone,0,9096,2017-08-13 12:17:13+00:00,f,1
896512981319790592,"Condolences to the family of the young woman killed today, and best regards to all of those injured, in Charlottesville, Virginia. So sad!",f,f,Twitter for iPhone,93819,18453,2017-08-12 23:25:25+00:00,f,1
896504109670567936,"Deepest condolences to the families &amp, fellow officers of the VA State Police who died today. You're all among the best this nation produces.",f,f,Twitter for iPhone,107453,21050,2017-08-12 22:50:10+00:00,f,1
896488914877165569,"We will continue to follow developments in Charlottesville, and will provide whatever assistance is needed. We are ready, willing and able. https://t.co/mCTYBgUePi",f,f,Twitter Media Studio,57463,12195,2017-08-12 21:49:47+00:00,f,1
896481262776360960,"We must remember this truth: No matter our color, creed, religion or political party, we are ALL AMERICANS FIRST. https://t.co/FesMiQSKKn",f,f,Twitter Media Studio,95739,26873,2017-08-12 21:19:23+00:00,f,1
896467135391596544,What is vital now is a swift restoration of law and order and the protection of innocent lives.#Charlottesville https://t.co/DB22fgnu6L,f,f,Twitter for iPhone,58500,13917,2017-08-12 20:23:15+00:00,f,1
896452967741747200,"Join me live from Bedminster, New Jersey: https://t.co/P3cRVvE0cY",f,f,Twitter for iPhone,27211,4125,2017-08-12 19:26:57+00:00,f,1
896431205549318144,"Am in Bedminster for meetings &amp, press conference on V.A. &amp, all that we have done, and are doing, to make it better-but Charlottesville sad!",f,f,Twitter for iPhone,50991,8999,2017-08-12 18:00:28+00:00,f,1
896420822780444672,"We ALL must be united &amp, condemn all that hate stands for. There is no place for this kind of violence in America. Lets come together as one!",f,f,Twitter for iPhone,164760,47185,2017-08-12 17:19:13+00:00,f,1
896191069733265408,"Press Conference - Following National Security Briefing in Bedminster, New Jersey. 🎥https://t.co/v5O8GglOIK https://t.co/H1Zi5XRKEo",f,f,Twitter Media Studio,41467,8870,2017-08-12 02:06:16+00:00,f,1
896124861571112960,"As promised on the campaign trail, we will provide opportunity for Americans to gain skills needed to succeed &amp, thrive as the economy grows! https://t.co/ZycW4PPcU5",f,f,Twitter Media Studio,59717,12565,2017-08-11 21:43:10+00:00,f,1
896076107094474752,We want to make sure that we have the workforce development programs we need to ensure these jobs are.... https://t.co/tyqbvvmBn4,f,f,Twitter for iPhone,43609,8783,2017-08-11 18:29:26+00:00,f,1
895997989272961025,RT @PacificCommand: #USAF B-1B Lancer #bombers on Guam stand ready to fulfill USFK’s #FightTonight mission if called upon to do so https://...,t,f,Twitter for iPhone,0,14813,2017-08-11 13:19:02+00:00,f,1
895970429734711298,"Military solutions are now fully in place,locked and loaded,should North Korea act unwisely.  Hopefully Kim Jong Un will find another path!",f,f,Twitter for iPhone,146984,47403,2017-08-11 11:29:31+00:00,f,1
895966256813268994,"RT @foxandfriends: Trump fires new warning shot at McConnell, leaves door open on whether he should step down https://t.co/tJIRc0usWl",t,f,Twitter for iPhone,0,5876,2017-08-11 11:12:56+00:00,f,1
895966080690257920,RT @foxandfriends: Senators learn the hard way about the fallout from turning on Trump https://t.co/wq8Im1cHpy,t,f,Twitter for iPhone,0,6779,2017-08-11 11:12:14+00:00,f,1
895965025931808768,RT @foxandfriends: FOX NEWS ALERT: 2 US drone strikes in Somalia target Al Qaeda and Al-Shabaab https://t.co/MqrY7zbMy2,t,f,Twitter for iPhone,0,5887,2017-08-11 11:08:03+00:00,f,1
895794792747216896,"""""""Trump approval rebounds to 45%, surges among Hispanics, union homes, men"""" https://t.co/vvJMDv9Gjl""",f,f,Twitter for iPhone,66286,15853,2017-08-10 23:51:36+00:00,f,1
895741164103639042,".@IvankaTrump will lead the U.S. delegation to India this fall, supporting women’s entrepreneurship globally.#GES2017 @narendramodi",f,f,Twitter for iPhone,74928,14930,2017-08-10 20:18:30+00:00,f,1
895686351529672704,"Mitch, get back to work and put Repeal &amp, Replace, Tax Reform &amp, Cuts and a great Infrastructure Bill on my desk for signing. You can do it!",f,f,Twitter for iPhone,103048,24727,2017-08-10 16:40:41+00:00,f,1
895604995537678336,RT @foxandfriends: FOX NEWS ALERT: North Korea responds to U.S. with Guam attack plan as Secretary Mattis warns Kim Jung Un “he is grossly...,t,f,Twitter for iPhone,0,8839,2017-08-10 11:17:25+00:00,f,1
895603959565570048,RT @ProgressPolls: Who is a better President of the United States? #ObamaDay,t,t,Twitter for iPhone,0,17482,2017-08-10 11:13:18+00:00,f,1
895599179522650112,"Can you believe that Mitch McConnell, who has screamed Repeal &amp, Replace for 7 years, couldn't get it done. Must Repeal &amp, Replace ObamaCare!",f,f,Twitter for iPhone,88319,19566,2017-08-10 10:54:18+00:00,f,1
895454893133234176,RT @markets: U.S. job openings surge to record https://t.co/3CPH78Sfvw via @ShoChandra https://t.co/JFhQ7HFN69,t,f,Twitter for iPhone,0,4909,2017-08-10 01:20:57+00:00,f,1
895454300607991809,"""RT @TheFive: """"@POTUS being unpredictable is a big asset, North Korea knew exactly what President Obama was going to do.""""- @jessebwatters""",t,f,Twitter for iPhone,0,9701,2017-08-10 01:18:36+00:00,f,1
895454206244655104,"RT @AmbJohnBolton: Our country &amp, civilians are vulnerable today because @BarackObama did not believe in national missile defense. Let’s nev...",t,f,Twitter for iPhone,0,19465,2017-08-10 01:18:14+00:00,f,1
895398465290723329,#GodBlessTheUSA🇺🇸 https://t.co/Fkq2gJQOKk,f,f,Twitter Media Studio,72879,19510,2017-08-09 21:36:44+00:00,f,1
895347654431035393,"""Senator Mitch McConnell said I had """"excessive expectations,"""" but I don't think so. After 7 years of hearing Repeal &amp, Replace, why not done?""",f,f,Twitter for iPhone,102083,25030,2017-08-09 18:14:50+00:00,f,1
895254168570605568,"...Hopefully we will never have to use this power, but there will never be a time that we are not the most powerful nation in the world!",f,f,Twitter for iPhone,110464,24112,2017-08-09 12:03:21+00:00,f,1
895252459152711680,My first order as President was to renovate and modernize our nuclear arsenal. It is now far stronger and more powerful than ever before....,f,f,Twitter for iPhone,89826,20277,2017-08-09 11:56:33+00:00,f,1
895244964904542208,"""RT @foxandfriends: President Trump vows America will respond to North Korean threats with """"fire &amp, fury"""" in a warning to the rogue nation ht...""",t,f,Twitter for iPhone,0,8305,2017-08-09 11:26:47+00:00,f,1
895244450053726209,RT @foxandfriends: France vehicle attack leaves at least six soldiers injuredhttps://t.co/bm7gevcQi2,t,f,Twitter for iPhone,0,3658,2017-08-09 11:24:44+00:00,f,1
895244121241255936,RT @foxandfriends: Trump vows U.S. 'power' will meet North Korean threat https://t.co/od7Ohr51XD,t,f,Twitter for iPhone,0,4170,2017-08-09 11:23:25+00:00,f,1
895244004803194880,RT @foxandfriends: Millions of gallons of Mexican waste threaten Border Patrol agents https://t.co/yGAq4IgHOs,t,f,Twitter for iPhone,0,5278,2017-08-09 11:22:58+00:00,f,1
895243804013416449,"RT @foxandfriends: U.S. Air Force jets take off from Guam for training, ensuring they can 'fight tonight' https://t.co/E4EGIyNSHP",t,f,Twitter for iPhone,0,5337,2017-08-09 11:22:10+00:00,f,1
895237369032519681,"""RT @TheFive: """"Media bias is not just about what they report, it's also about what they don't report.""""-@jessebwatters #thefive""",t,f,Twitter for iPhone,0,7862,2017-08-09 10:56:36+00:00,f,1
895091395379245056,Senator Luther Strange has done a great job representing the people of the Great State of Alabama. He has my complete and total endorsement!,f,f,Twitter for iPhone,56374,10235,2017-08-09 01:16:33+00:00,f,1
894984483291750401,RT @FoxNews: Jobs added during @POTUS' time in office. https://t.co/zD0FkFvHVx,t,f,Twitter for iPhone,0,10632,2017-08-08 18:11:43+00:00,f,1
894984126582972416,"After 200 days, rarely has any Administration achieved what we have achieved..not even close! Don't believe the Fake News Suppression Polls!",f,f,Twitter for iPhone,92952,20194,2017-08-08 18:10:18+00:00,f,1
894981661926068228,E-mails show that the AmazonWashingtonPost and the FailingNewYorkTimes were reluctant to cover the Clinton/Lynch secret meeting in plane.,f,f,Twitter for iPhone,70939,18795,2017-08-08 18:00:30+00:00,f,1
894880193839497216,"After many years of failure,countries are coming together to  finally address the dangers posed by North Korea. We must be tough &amp, decisive!",f,f,Twitter for iPhone,92430,19134,2017-08-08 11:17:18+00:00,f,1
894878812063846400,"I will be holding a major briefing on the Opioid crisis, a major problem for our country, today at 3:00 P.M. in Bedminster, N.J.",f,f,Twitter for iPhone,60823,11554,2017-08-08 11:11:49+00:00,f,1
894875690423726080,"RT @foxandfriends: OPIOID CRISIS: Worse than we thought, with a new study showing overdose deaths were under reported https://t.co/27kLJKRX...",t,f,Twitter for iPhone,0,5374,2017-08-08 10:59:25+00:00,f,1
894875602045607936,RT @foxandfriends: Anthem announces it will withdraw from ObamaCare Exchange in Nevada https://t.co/d0CxeHQKwz,t,f,Twitter for iPhone,0,7022,2017-08-08 10:59:04+00:00,f,1
894871302250668032,RT @foxandfriends: U.S. spy satellites detect North Korea moving anti-ship cruise missiles to patrol boat https://t.co/BPFXsLffgy,t,f,Twitter for iPhone,0,5655,2017-08-08 10:41:59+00:00,f,1
894661651760377856,"I think Senator Blumenthal should take a nice long vacation in Vietnam, where he lied about his service, so he can at least say he was there",f,f,Twitter for iPhone,95681,23435,2017-08-07 20:48:54+00:00,f,1
894659355324424192,"How much longer will the failing nytimes, with its big losses and massive unfunded liability (and non-existent sources), remain in business?",f,f,Twitter for iPhone,68051,13688,2017-08-07 20:39:46+00:00,f,1
894653195112378368,The Fake News Media will not talk about the importance of the United Nations Security Council's 15-0 vote in favor of sanctions on N. Korea!,f,f,Twitter for iPhone,71229,16088,2017-08-07 20:15:18+00:00,f,1
894623814079975425,RT @realDonaldTrump: On #PurpleHeartDay💜I thank all the brave men and women who have sacrificed in battle for this GREAT NATION! #USA🇺🇸 htt...,t,t,Twitter for iPhone,0,5144,2017-08-07 06:18:33+00:00,f,1
894620077634592769,On #PurpleHeartDay💜I thank all the brave men and women who have sacrificed in battle for this GREAT NATION! #USA🇺🇸 https://t.co/QmfdLSLp6p,f,f,Twitter for iPhone,64442,12465,2017-08-07 18:03:42+00:00,f,1
894528885701971970,"...conquests, how brave he was, and it was all a lie. He cried like a baby and begged for forgiveness like a child. Now he judges collusion?",f,f,Twitter for iPhone,61561,13496,2017-08-07 12:01:20+00:00,f,1
894526670836781056,Never in U.S.history has anyone lied or defrauded voters like Senator Richard Blumenthal. He told stories about his Vietnam battles and....,f,f,Twitter for iPhone,64777,15340,2017-08-07 11:52:32+00:00,f,1
894525428236464128,Interesting to watch Senator Richard Blumenthal of Connecticut talking about hoax Russian collusion when he was a  phony Vietnam con artist!,f,f,Twitter for iPhone,66152,16250,2017-08-07 11:47:36+00:00,f,1
894521737534197762,Working hard from New Jersey while White House goes through long planned renovation. Going to New York next week for more meetings.,f,f,Twitter for iPhone,55576,10339,2017-08-07 11:32:56+00:00,f,1
894518002795900928,"Hard to believe that with 24/7 #Fake News on CNN, ABC, NBC, CBS, NYTIMES &amp, WAPO, the Trump base is getting stronger!",f,f,Twitter for iPhone,61631,13737,2017-08-07 11:18:05+00:00,f,1
894515865802223616,"... Supreme Court pick, economic enthusiasm, deregulation &amp, so much more have driven the Trump base even closer together. Will never change!",f,f,Twitter for iPhone,58122,11344,2017-08-07 11:09:36+00:00,f,1
894514535062790144,"...and West Virginia. The fact is the Fake News Russian collusion story, record Stock Market, border security, military strength, jobs.....",f,f,Twitter for iPhone,49882,9395,2017-08-07 11:04:19+00:00,f,1
894512983384129536,"The Trump base is far bigger &amp,  stronger than ever before (despite some phony Fake News polling). Look at rallies in Penn, Iowa, Ohio.......",f,f,Twitter for iPhone,75649,15295,2017-08-07 10:58:09+00:00,f,1
894508048844279809,"The failing @nytimes, which has made every wrong prediction about me including my big election win (apologized), is totally inept!",f,f,Twitter for iPhone,53997,10505,2017-08-07 10:38:32+00:00,f,1
894368024765059073,Just completed call with President Moon of South Korea. Very happy and impressed with 15-0 United Nations vote on North Korea sanctions.,f,f,Twitter for iPhone,84636,16242,2017-08-07 01:22:08+00:00,f,1
894367017054208001,"The Fake News refuses to report the success of the first 6 months: S.C., surging economy &amp, jobs,border &amp, military security,ISIS &amp, MS-13 etc.",f,f,Twitter for iPhone,79801,18144,2017-08-07 01:18:08+00:00,f,1
894328101949374465,RT @IvankaTrump: The Administration is committed to supporting military spouses in the workforce. Thanks Kim for sharing your story! https:...,t,f,Twitter for iPhone,0,8673,2017-08-06 22:43:29+00:00,f,1
894185208924262401,MAKE AMERICA GREAT AGAIN! https://t.co/g4ELhh9joH,f,f,Twitter for iPhone,96242,27448,2017-08-06 13:15:41+00:00,f,1
893973466508079104,United Nations Resolution is the single largest economic sanctions package ever on North Korea. Over one billion dollars in cost to N.K.,f,f,Twitter for iPhone,70484,14540,2017-08-05 23:14:18+00:00,f,1
893969438139191296,"After many years of LEAKS going on in Washington, it is great to see the A.G. taking action! For National Security, the tougher the better!",f,f,Twitter for iPhone,87323,17688,2017-08-05 22:58:17+00:00,f,1
893965986566733824,The United Nations Security Council just voted 15-0 to sanction North Korea. China and Russia voted with us. Very big financial impact!,f,f,Twitter for iPhone,92600,20469,2017-08-05 22:44:34+00:00,f,1
893964041630212098,"Working in Bedminster, N.J., as long planned construction is being done at the White House. This is not a vacation - meetings and calls!",f,f,Twitter for iPhone,74080,15817,2017-08-05 22:36:51+00:00,f,1
893959535425146881,"""RT @RightlyNews: """"What's a high priced Clinton attorney doing representing a low level IT staffer for the Democrats?"""" -@jessebwatters on t...""",t,f,Twitter for iPhone,0,15368,2017-08-05 22:18:56+00:00,f,1
893957896190533632,"""""""Under Trump, gains against #ISIS have dramatically accelerated""""https://t.co/jNtOTh0moL""",f,f,Twitter for iPhone,53375,11592,2017-08-05 22:12:26+00:00,f,1
893864420539068417,Prosperity is coming back to our shores because we are putting America WORKERS and FAMILIES first. #AmericaFirst🇺🇸 https://t.co/4kTc6Om308,f,f,Twitter Media Studio,77430,19007,2017-08-05 16:00:59+00:00,f,1
893791726896381952,RT @FoxNews: More than 1 million jobs added since @POTUS took office. https://t.co/ZVsC9oi9Ds https://t.co/NNL1FwNMLU,t,f,Twitter for iPhone,0,8764,2017-08-05 11:12:08+00:00,f,1
893615145053716480,"RT @IvankaTrump: Since @realDonaldTrump inauguration, over 1 million net new jobs have been created in the American economy! #MAGA",t,f,Twitter for iPhone,0,15645,2017-08-04 23:30:27+00:00,f,1
893614425067839488,"RT @dcexaminer: Emails show Washington Post, New York Times reporters unenthusiastic about covering Clinton-Lynch meeting https://t.co/PKSL...",t,f,Twitter for iPhone,0,8305,2017-08-04 23:27:36+00:00,f,1
893587008312016896,"Great work being done by @FEMA @DHSgov w/state &amp, local leaders to prepare for hurricane season. Preparedness is an investment in our future! https://t.co/e4rbchY3zM",f,f,Twitter Media Studio,42158,8095,2017-08-04 21:38:39+00:00,f,1
893498883090907137,"No matter the mission, the brave men &amp, women of our @USCG proudly answer the call to serve 24/7/365. THANK YOU and HAPPY BIRTHDAY! #CG227🇺🇸 https://t.co/GY555t0vzN",f,f,Twitter for iPhone,54183,11490,2017-08-04 15:48:28+00:00,f,1
893461771813564416,"RT @paultdove: @FoxBusiness Republican Senators who are opposing the President, look at the great economic news: Americans Are Noticing!",t,f,Twitter for iPhone,0,7532,2017-08-04 13:21:00+00:00,f,1
893461607275270144,RT @Bet22325450ste: @FoxBusiness @foxandfriends Come on America. Get on the Trump Train. The winners already have boarded! The losers are w...,t,f,Twitter for iPhone,0,7655,2017-08-04 13:20:21+00:00,f,1
893461264474804224,"RT @FoxBusiness: #BreakingNews: U.S. employers added 209,000 jobs in July, unemployment rate down to 4.3% #JobsReport https://t.co/mWaTLMg1...",t,f,Twitter for iPhone,0,10016,2017-08-04 13:18:59+00:00,f,1
893461175278718976,RT @foxandfriends: .@JudgeJeanine: There will be an uproar in this country if they end up with an indictment against a Trump family member...,t,f,Twitter for iPhone,0,9855,2017-08-04 13:18:38+00:00,f,1
893461105552609280,RT @RealJamesWoods: I've never witnessed such hatred for a man who is willing to work for free to make his beloved country a better place....,t,f,Twitter for iPhone,0,46622,2017-08-04 13:18:21+00:00,f,1
893452922427715584,Excellent Jobs Numbers just released - and I have only just begun. Many job stifling regulations continue to fall. Movement back to USA!,f,f,Twitter for iPhone,76030,15264,2017-08-04 12:45:50+00:00,f,1
893420123641479168,"West Virginia was incredible last night. Crowds and enthusiasm were beyond, GDP at 3%, wow!Dem Governor became a Republican last night.",f,f,Twitter for iPhone,70960,13638,2017-08-04 10:35:31+00:00,f,1
893418532809179136,RT @Team_Trump45: @realDonaldTrump We won. Move on. https://t.co/YnUKMoyegB,t,f,Twitter for iPhone,0,9997,2017-08-04 10:29:11+00:00,f,1
893417795614121985,"""Consumer confidence is at a 16 year high....and for good reason. Much more regulation """"busting"""" to come. Working hard on tax cuts &amp, reform!""",f,f,Twitter for iPhone,63802,11812,2017-08-04 10:26:16+00:00,f,1
893416615504748544,....and don't forget that Foxconn will be spending up to 10 billion dollars on a top of the line plant/plants in Wisconsin.,f,f,Twitter for iPhone,50815,8857,2017-08-04 10:21:34+00:00,f,1
893411790868160514,"Toyota &amp, Mazda to build a new $1.6B plant here in the U.S.A. and create 4K new American jobs. A great investment in American manufacturing!",f,f,Twitter for iPhone,99938,20998,2017-08-04 10:02:24+00:00,f,1
893325503020642305,"Thank you West Virginia! All across the country, Americans of every kind are coming together w/one simple goal: to MAKE AMERICA GREAT AGAIN! https://t.co/thRh7htVbH",f,f,Twitter for iPhone,57643,12545,2017-08-04 04:19:31+00:00,f,1
893243147580473344,Just arrived in West Virginia for a MAKE AMERICA GREAT AGAIN rally in Huntington at 7:00pmE. Massive crowd expected - tune in! #MAGA🇺🇸,f,f,Twitter for iPhone,54178,8428,2017-08-03 22:52:16+00:00,f,1
893186623193718784,"Our GREAT VETERANS can now connect w/ their VA healthcare team from anywhere, using #VAVideoConnect - available at: https://t.co/WFFHLWn8nF. https://t.co/Dmq4htSps9",f,f,Twitter Media Studio,40786,9355,2017-08-03 19:07:40+00:00,f,1
893170489820151808,"Today, I  announced another historic breakthrough for the VA. We are working tirelessly to keep our promises to our GREAT VETERANS! #USA https://t.co/LexSINeM1J",f,f,Twitter Media Studio,59321,13066,2017-08-03 18:03:33+00:00,f,1
893140445294940160,"See you tonight Huntington, West Virginia!#MakeAmericaGreatAgain🇺🇸Tickets: https://t.co/ERU0xUWdCr https://t.co/obtDsdV94t",f,f,Twitter Media Studio,37077,7517,2017-08-03 16:04:10+00:00,f,1
893083735633129472,"Our relationship with Russia is at an all-time &amp, very dangerous  low. You can thank Congress, the same people that can't even give us HCare!",f,f,Twitter for iPhone,76072,23405,2017-08-03 12:18:49+00:00,f,1
893082107081244672,"I am continuing to get rid of costly and unnecessary regulations. Much work left to do but effect will be great! Business &amp, jobs will grow.",f,f,Twitter for iPhone,85132,15648,2017-08-03 12:12:21+00:00,f,1
893081237082001409,Business is looking better than ever with business enthusiasm at record levels. Stock Market at an all-time high. That doesn't just happen!,f,f,Twitter for iPhone,69520,13049,2017-08-03 12:08:54+00:00,f,1
893080287755849729,"RT @JacobAWohl: @realDonaldTrump The #MAGA great again movement is WINNING, and the left-wing media can't stand it!",t,t,Twitter for iPhone,0,7271,2017-08-03 12:05:07+00:00,f,1
893079018605621248,RT @foxandfriends: Insurers seeking huge premium hikes on ObamaCare plans https://t.co/YrUwvMKlyb,t,f,Twitter for iPhone,0,5244,2017-08-03 12:00:05+00:00,f,1
892920397162848257,"I love the White House, one of the most beautiful buildings (homes) I have ever seen. But Fake News said I called it a dump - TOTALLY UNTRUE",f,f,Twitter for iPhone,115513,26026,2017-08-03 01:29:46+00:00,f,1
892814520942460928,"I campaigned on creating a merit-based immigration system that protects U.S. workers &amp, taxpayers. Watch: https://t.co/lv3ScSKnF6 #RAISEAct https://t.co/zCFK5OfYnB",f,f,Twitter Media Studio,65337,15956,2017-08-02 18:29:04+00:00,f,1
892782712322437120,"""""""Why the Rust Belt just gave Donald Trump a hero's welcome""""https://t.co/nqiZ8h8ajk""",f,f,Twitter for iPhone,46719,9707,2017-08-02 16:22:40+00:00,f,1
892749228291874816,"It was my great honor to pay tribute to a VET who went above &amp, beyond the call of duty to PROTECT our COMRADES, our COUNTRY, &amp, OUR FREEDOM! https://t.co/YS6y1WR30G",f,f,Twitter Media Studio,69765,13431,2017-08-02 14:09:37+00:00,f,1
892741272259133441,"Small business owners are the DREAMERS &amp, INNOVATORS who are powering us into the future!Read more and watch here: https://t.co/hZE3fUqKDf https://t.co/TJn5x6HrFG",f,f,Twitter for iPhone,43662,9177,2017-08-02 13:38:00+00:00,f,1
892383242535481344,Only the Fake News Media and Trump enemies want me to stop using Social Media (110 million people). Only way for me to get the truth out!,f,f,Twitter for iPhone,117236,26544,2017-08-01 13:55:19+00:00,f,1
892370324616089600,"""""""Corporations have NEVER made as much money as they are making now."""" Thank you Stuart Varney @foxandfriends Jobs are starting to roar,watch!""",f,f,Twitter for iPhone,66946,13444,2017-08-01 13:03:59+00:00,f,1
892366646542782464,"Stock Market could hit all-time high (again) 22,000 today. Was 18,000 only 6 months ago on Election Day. Mainstream media seldom mentions!",f,f,Twitter for iPhone,90603,18569,2017-08-01 12:49:22+00:00,f,1
892147656319004672,A great day at the White House!,f,f,Twitter for iPhone,101749,19663,2017-07-31 22:19:11+00:00,f,1
891999166074847232,RT @foxandfriends: .@Suffolk_Sheriff praises President Trump for making gang eradication a priority https://t.co/uNY7jBhleE,t,f,Twitter for iPhone,0,6082,2017-07-31 12:29:08+00:00,f,1
891998881009061888,"Highest Stock Market EVER, best economic numbers in years, unemployment lowest in 17 years, wages raising, border secure, S.C.: No WH chaos!",f,f,Twitter for iPhone,106482,24346,2017-07-31 12:28:00+00:00,f,1
891996053611917312,"If ObamaCare is hurting people, &amp, it is, why shouldn't it hurt the insurance companies &amp, why should Congress not be paying what public pays?",f,f,Twitter for iPhone,110312,28340,2017-07-31 12:16:46+00:00,f,1
891623821702295552,"Don't give up Republican Senators, the World is watching: Repeal &amp, Replace...and go to 51 votes (nuke option), get Cross State Lines &amp, more.",f,f,Twitter for iPhone,89012,19897,2017-07-30 11:37:39+00:00,f,1
891442016294494209,"...they do NOTHING for us with North Korea, just talk. We will no longer allow this to continue. China could easily solve this problem!",f,f,Twitter for iPhone,81880,18966,2017-07-29 23:35:13+00:00,f,1
891440474132795392,"I am very disappointed in China. Our foolish past leaders have allowed them to make hundreds of billions of dollars a year in trade, yet...",f,f,Twitter for iPhone,84029,21008,2017-07-29 23:29:05+00:00,f,1
891437168798965761,"""I love reading about all of the """"geniuses"""" who were so instrumental in my election success. Problem is, most don't exist. #Fake News! MAGA""",f,f,Twitter for iPhone,69959,14250,2017-07-29 23:15:57+00:00,f,1
891397134662193152,"Unless the Republican Senators are total quitters, Repeal &amp, Replace is not dead! Demand another vote before voting on any other bill!",f,f,Twitter for iPhone,76750,17417,2017-07-29 20:36:52+00:00,f,1
891334415347060736,"If a new HealthCare Bill is not approved quickly, BAILOUTS for Insurance Companies and BAILOUTS for Members of Congress will end very soon!",f,f,Twitter for iPhone,88901,23323,2017-07-29 16:27:39+00:00,f,1
891332290474848257,"""After seven years of """"talking"""" Repeal &amp, Replace, the people of our great country are still being forced to live with imploding ObamaCare!""",f,f,Twitter for iPhone,66697,15206,2017-07-29 16:19:12+00:00,f,1
891263843908947969,"If the Senate Democrats ever got the chance, they would switch to a 51 majority vote in first minute. They are laughing at R's. MAKE CHANGE!",f,f,Twitter for iPhone,62228,14776,2017-07-29 11:47:13+00:00,f,1
891261878005092353,"....8 Dems totally control the U.S. Senate. Many great Republican bills will never pass, like Kate's Law and complete Healthcare. Get smart!",f,f,Twitter for iPhone,58202,14185,2017-07-29 11:39:25+00:00,f,1
883845492790235136,"Thank you @SenatorDole, very kind! https://t.co/cXrYiK46Qq",f,f,Twitter for iPhone,73768,19625,2017-07-09 00:29:21+00:00,f,1
891260230876659713,Republicans in the Senate will NEVER win if they don't go to a 51 vote majority NOW. They look like fools and are just wasting time......,f,f,Twitter for iPhone,60627,14236,2017-07-29 11:32:52+00:00,f,1
891259245106278400,"The very outdated filibuster rule must go. Budget reconciliation is killing R's in Senate. Mitch M, go to 51 Votes NOW and WIN. IT'S TIME!",f,f,Twitter for iPhone,59755,14039,2017-07-29 11:28:57+00:00,f,1
891257113565163520,"Republican Senate must get rid of 60 vote NOW! It is killing the R Party, allows 8 Dems to control country. 200 Bills sit in Senate. A JOKE!",f,f,Twitter for iPhone,57622,14559,2017-07-29 11:20:29+00:00,f,1
891253798500487168,"In other words, Russia was against Trump in the 2016 Election - and why not, I want strong military &amp, low oil prices. Witch Hunt! https://t.co/mMSxj4Su5z",f,f,Twitter for iPhone,53152,14886,2017-07-29 11:07:18+00:00,f,1
891087485111087104,"We will defend our country, protect our communities and put the safety of the AMERICAN PEOPLE FIRST! Replay: https://t.co/dcZxPKOPZ9 https://t.co/0NGiIhGY18",f,f,Twitter Media Studio,52512,11916,2017-07-29 00:06:26+00:00,f,1
891040645581873152,I would like to thank Reince Priebus for his service and dedication to his country. We accomplished a lot together and I am proud of him!,f,f,Twitter for iPhone,68065,12602,2017-07-28 21:00:19+00:00,f,1
891039237319143424,...and a Great Leader. John has also done a spectacular job at Homeland Security. He has been a true star of my Administration,f,f,Twitter for iPhone,57255,11428,2017-07-28 20:54:43+00:00,f,1
891038014314598400,I am pleased to inform you that I have just named General/Secretary John F Kelly as White House Chief of Staff. He is a Great American....,f,f,Twitter for iPhone,77218,19313,2017-07-28 20:49:51+00:00,f,1
890971233159962624,Departing for Long Island now. An area under siege from #MS13 gang members. We will not rest until #MS13 is eradicated. #LESM https://t.co/GsgbBUXyHS,f,f,Twitter for iPhone,49120,10693,2017-07-28 16:24:30+00:00,f,1
890968428370153472,"We will always ENFORCE our laws, PROTECT our borders, and SUPPORT our police! #LESMHarrisburg, Pennsylvania #FlashbackFriday #MS13 https://t.co/79Tskiv69j",f,f,Twitter for iPhone,52084,10947,2017-07-28 16:13:21+00:00,f,1
890935044474380288,"...Even though parts of healthcare could pass at 51, some really good things need 60. So many great future bills &amp, budgets need 60 votes....",f,f,Twitter for iPhone,46347,8704,2017-07-28 14:00:42+00:00,f,1
890931465885798400,"If Republicans are going to pass great future legislation in the Senate, they must immediately go to a 51 vote majority, not senseless 60...",f,f,Twitter for iPhone,52766,11380,2017-07-28 13:46:28+00:00,f,1
890820505330212864,"3 Republicans and 48 Democrats let the American people down. As I said from the beginning, let ObamaCare implode, then deal. Watch!",f,f,Twitter for iPhone,77320,21404,2017-07-28 06:25:33+00:00,f,1
890764622852173826,"Go Republican Senators, Go! Get there after waiting for 7 years. Give America great healthcare!",f,f,Twitter for iPhone,61281,10718,2017-07-28 02:43:30+00:00,f,1
890705628716466176,It was my great HONOR to present our nation's highest award for a public safety officer - THE MEDAL OF VALOR to FIVE AMERICAN HEROES! https://t.co/j7ceXuBZ3f,f,f,Twitter Media Studio,53628,10514,2017-07-27 22:49:05+00:00,f,1
890687451156631555,"Today, we gathered in the East Room to pay tribute to the HEROES whose courageous actions under fire saved so many lives in Alexandria, VA. https://t.co/it52TkLsye",f,f,Twitter Media Studio,57108,10124,2017-07-27 21:36:51+00:00,f,1
890650237060120576,Join me live as we recognize the first responders to the June 14th shooting involving @SteveScalise. #TeamScalise https://t.co/qOolNmB65d https://t.co/6OCn9JfMAG,f,f,Twitter for iPhone,36080,6188,2017-07-27 19:08:58+00:00,f,1
890642377131515904,Big progress being made in ridding our country of MS-13 gang members and gang members in general. MAKE AMERICA SAFE AGAIN!,f,f,Twitter for iPhone,78852,15234,2017-07-27 18:37:44+00:00,f,1
890568797941362690,"""...about then candidate Trump."""" Catherine Herridge @FoxNews. So why doesn't Fake News report this? Witch Hunt! Purposely phony reporting.""",f,f,Twitter for iPhone,45297,9705,2017-07-27 13:45:22+00:00,f,1
890566339462672385,"""""""One of the things that has been lost in the politics of this situation is that the Russians collected and spread negative information.....""",f,f,Twitter for iPhone,47971,10357,2017-07-27 13:35:35+00:00,f,1
890554786755555329,"RT @townhallcom: ABC, NBC, And CBS Pretty Much Bury IT Scandal Engulfing Debbie Wasserman Schultz's Office https://t.co/PjbZ2TGIKb",t,f,Twitter for iPhone,0,20201,2017-07-27 12:49:41+00:00,f,1
890533442135502849,"Come on Republican Senators, you can do it on Healthcare. After 7 years, this is your chance to shine! Don't let the American people down!",f,f,Twitter for iPhone,78057,17013,2017-07-27 11:24:52+00:00,f,1
890524387773997056,"""Wow, the Failing @nytimes said about @foxandfriends """"....the most powerful T.V. show in America.""""""",f,f,Twitter for iPhone,45761,9240,2017-07-27 10:48:53+00:00,f,1
890361489126805504,"Thank you Foxconn, for investing $10 BILLION DOLLARS with the potential for up to 13K new jobs in Wisconsin! MadeInTheUSA🇺🇸 https://t.co/jJghVeb63s",f,f,Twitter Media Studio,76852,16945,2017-07-27 00:01:35+00:00,f,1
890314337696579584,Congratulations to Boys and Girls Nation. It was my great honor to welcome you to the WH today! Full Remarks: https://t.co/Pb5FTTOyWf https://t.co/U6tfV93dDG,f,f,Twitter Media Studio,41777,7904,2017-07-26 20:54:14+00:00,f,1
890260758050856961,IN AMERICA WE DON'T WORSHIP GOVERNMENT - WE WORSHIP GOD!🎥https://t.co/jIejSgVnnA,f,f,Twitter for iPhone,111458,31293,2017-07-26 17:21:19+00:00,f,1
890208319566229504,"...big dollars ($700,000) for his wife's political run from Hillary Clinton and her representatives. Drain the Swamp!",f,f,Twitter for iPhone,62958,14001,2017-07-26 13:52:57+00:00,f,1
890207082926022656,"Why didn't A.G. Sessions replace Acting FBI Director Andrew McCabe, a Comey friend who was in charge of Clinton investigation but got....",f,f,Twitter for iPhone,53223,13081,2017-07-26 13:48:02+00:00,f,1
890197095151546369,....victory and cannot be burdened with the tremendous medical costs and disruption that transgender in the military would entail. Thank you,f,f,Twitter for iPhone,115890,32738,2017-07-26 13:08:21+00:00,f,1
890196164313833472,....Transgender individuals to  serve in any capacity in the U.S. Military. Our military must be focused on decisive and overwhelming.....,f,f,Twitter for iPhone,112022,34489,2017-07-26 13:04:39+00:00,f,1
890193981585444864,"After consultation with my Generals and military experts, please be advised that the United States Government will not accept or allow......",f,f,Twitter for iPhone,102963,32762,2017-07-26 12:55:58+00:00,f,1
890168183079960576,"Senator @lisamurkowski of the Great State of Alaska really let the Republicans, and our country, down yesterday. Too bad!",f,f,Twitter for iPhone,49078,11417,2017-07-26 11:13:28+00:00,f,1
890162144884514820,The crowd in Ohio was amazing last night - broke all records. We all had a great time in a great State. Will be back soon!,f,f,Twitter for iPhone,63982,9951,2017-07-26 10:49:28+00:00,f,1
890160810294685696,RT @foxandfriends: Sen. John McCain making his return to the Senate ahead of health care vote https://t.co/VuojpRpcLM,t,t,Twitter for iPhone,0,1585,2017-07-26 10:44:10+00:00,f,1
890069204082151424,People of Ohio are fantastic. Thank you so much. What an evening! https://t.co/KM0zoaULYH,f,f,Twitter Media Studio,46330,8211,2017-07-26 04:40:09+00:00,f,1
890060370861334529,"It was my great honor to join our wonderful Veterans at AMVETS Post 44 in Youngstown, Ohio this evening. A grateful nation salutes you! https://t.co/RxobYHP1oR",f,f,Twitter Media Studio,51282,9553,2017-07-26 04:05:03+00:00,f,1
889972487844491265,"Just arrived in Youngstown, Ohio with @FLOTUS Melania!#MakeAmericaGreatAgain🇺🇸🎥https://t.co/A1mrxSksR3 https://t.co/jWX9yBlX8z",f,f,Twitter for iPhone,43938,7349,2017-07-25 22:15:50+00:00,f,1
889929412539543552,.@SenJohnMcCain-Thank you for coming to D.C. for such a vital vote. Congrats to all Rep. We can now deliver grt healthcare to all Americans!,f,f,Twitter for iPhone,56718,11599,2017-07-25 19:24:40+00:00,f,1
889925142675062784,Joint Press Conference with Prime Minister Saad Hariri of Lebanon beginning shortly. Join us live!➡️https://t.co/7pquWbEutn https://t.co/JHVHKgrPOY,f,f,Twitter for iPhone,22338,3592,2017-07-25 19:07:42+00:00,f,1
889871789198802944,"""""""America's Labor Market Continues to Boom"""" JOBS, JOBS, JOBS! https://t.co/LuOaR1Iz2e""",f,f,Twitter for iPhone,42742,9836,2017-07-25 15:35:42+00:00,f,1
889867842186649600,The American people have waited long enough. There has been enough talk and no action for seven years. Now is the time for action! https://t.co/VdTiYL0Ua7,f,f,Twitter Media Studio,50346,11096,2017-07-25 15:20:01+00:00,f,1
889824817473605632,Will be traveling to the Great State of Ohio tonight. Big crowd expected. See you there!,f,f,Twitter for iPhone,57715,9572,2017-07-25 12:29:03+00:00,f,1
889822411356602369,This will be a very interesting day for HealthCare.The Dems are obstructionists but the Republicans can have a great victory for the people!,f,f,Twitter for iPhone,48682,9455,2017-07-25 12:19:29+00:00,f,1
889821674987761664,"Working on major Trade Deal with the United Kingdom. Could be very big &amp, exciting. JOBS! The E.U. is very protectionist with the U.S. STOP!",f,f,Twitter for iPhone,58343,12814,2017-07-25 12:16:34+00:00,f,1
889800510106107904,"Jared Kushner did very well yesterday in proving he did not collude with the Russians. Witch Hunt. Next up, 11 year old Barron Trump!",f,f,Twitter for iPhone,75342,17422,2017-07-25 10:52:27+00:00,f,1
889798407228989441,So great that John McCain is coming back to vote. Brave - American hero! Thank you John.,f,f,Twitter for iPhone,70910,18573,2017-07-25 10:44:06+00:00,f,1
889796918615920640,"ObamaCare is torturing the American People.The Democrats have fooled the people long enough. Repeal or Repeal &amp, Replace! I have pen in hand.",f,f,Twitter for iPhone,58370,12920,2017-07-25 10:38:11+00:00,f,1
889794300913045508,"Big day for HealthCare. After 7 years of talking, we will soon see whether or not Republicans are willing to step up to the plate!",f,f,Twitter for iPhone,54316,10955,2017-07-25 10:27:47+00:00,f,1
889792764363276288,"Problem is that the acting head of the FBI &amp, the person in charge of the Hillary investigation, Andrew McCabe, got $700,000 from H for wife!",f,f,Twitter for iPhone,60100,18357,2017-07-25 10:21:41+00:00,f,1
888575966259314691,Sean Spicer is a wonderful person who took tremendous abuse from the Fake News Media - but his future is bright!,f,f,Twitter for iPhone,100632,18151,2017-07-22 01:46:33+00:00,f,1
889790429398528000,"Attorney General Jeff Sessions has taken a VERY weak position on Hillary Clinton crimes (where are E-mails &amp, DNC server) &amp, Intel leakers!",f,f,Twitter for iPhone,59064,15698,2017-07-25 10:12:24+00:00,f,1
889788202172780544,"""Ukrainian efforts to sabotage Trump campaign - """"quietly working to boost Clinton."""" So where is the investigation A.G. @seanhannity""",f,f,Twitter for iPhone,48611,13943,2017-07-25 10:03:33+00:00,f,1
889675644396867584,Is Fake News Washington Post being used as a lobbyist weapon against Congress to keep Politicians from looking into Amazon no-tax monopoly?,f,f,Twitter for iPhone,51439,13335,2017-07-25 02:36:17+00:00,f,1
889673743873843200,So many stories about me in the @washingtonpost are Fake News. They are as bad as ratings challenged @CNN. Lobbyist for Amazon and taxes?,f,f,Twitter for iPhone,45739,10311,2017-07-25 02:28:44+00:00,f,1
889672374458646528,"The Amazon Washington Post fabricated the facts on my ending massive, dangerous, and wasteful payments to Syrian rebels fighting Assad.....",f,f,Twitter for iPhone,48967,11912,2017-07-25 02:23:18+00:00,f,1
889654862379589633,"#2017Jambo- Remember your duty. Honor your history. Take care of the people God puts into your life – and LOVE &amp, CHERISH your country! https://t.co/DnNYxGJm4I",f,f,Twitter Media Studio,60656,15782,2017-07-25 01:13:42+00:00,f,1
889599425458327552,Any senator who votes against starting debate is telling America that you are fine w/ the #OCareNightmare! Remarks: https://t.co/tSvWaMdxBA https://t.co/DI7e78hr6N,f,f,Twitter for iPhone,35778,9319,2017-07-24 21:33:25+00:00,f,1
889579795176181761,"Arriving at Joint Base Andrews with @SecretaryPerry, @SecretaryZinke, and @SecPriceMD..... https://t.co/Yxm94XKtuv",f,f,Twitter for iPhone,38510,8576,2017-07-24 20:15:25+00:00,f,1
889474780356915206,"Republicans have a last chance to do the right thing on Repeal &amp, Replace after years of talking &amp, campaigning on it.",f,f,Twitter for iPhone,69513,15702,2017-07-24 13:18:07+00:00,f,1
889473486506385409,"""Sleazy Adam Schiff, the totally biased Congressman looking into """"Russia,"""" spends all of his time on television pushing the Dem loss excuse!""",f,f,Twitter for iPhone,66673,16554,2017-07-24 13:12:59+00:00,f,1
889467610332528641,"So why aren't the Committees and investigators, and of course our beleaguered A.G., looking into Crooked Hillarys crimes &amp, Russia relations?",f,f,Twitter for iPhone,73522,19888,2017-07-24 12:49:38+00:00,f,1
889438168721874944,"""After 1 year of investigation with Zero evidence being found, Chuck Schumer just stated that """"Democrats should blame ourselves,not Russia.""""""",f,f,Twitter for iPhone,83349,22500,2017-07-24 10:52:39+00:00,f,1
889435104841523201,"Drain the Swamp should be changed to Drain the Sewer - it's actually much worse than anyone ever thought, and it begins with the Fake News!",f,f,Twitter for iPhone,97622,26498,2017-07-24 10:40:28+00:00,f,1
889279880336166914,"Thank you to @LOUDOBBS for giving the first six months of the Trump Administration an A+. S.C.,reg cutting,Stock M, jobs,border etc. = TRUE!",f,f,Twitter for iPhone,70045,16218,2017-07-24 00:23:40+00:00,f,1
889274373689028609,"If Republicans don't Repeal and Replace the disastrous ObamaCare, the repercussions will be far greater than any of them understand!",f,f,Twitter for iPhone,74882,17591,2017-07-24 00:01:47+00:00,f,1
889273320574783489,"It's hard to read the Failing New York Times or the Amazon Washington Post because every story/opinion, even if should be positive, is bad!",f,f,Twitter for iPhone,58888,12234,2017-07-23 23:57:36+00:00,f,1
889217183930351621,"It's very sad that Republicans, even some that were carried over the line on my back, do very little to protect their President.",f,f,Twitter for iPhone,111163,27879,2017-07-23 20:14:32+00:00,f,1
889216341013655552,"RT @realDonaldTrump: As the phony Russian Witch Hunt continues, two groups are laughing at this excuse for a lost election taking hold, Dem...",t,t,Twitter for iPhone,0,1015,2017-07-23 08:11:11+00:00,f,1
889215815022727168,"As the phony Russian Witch Hunt continues, two groups are laughing at this excuse for a lost election taking hold, Democrats and Russians!",f,f,Twitter for iPhone,73079,15757,2017-07-23 20:09:05+00:00,f,1
886950594220568576,Most politicians would have gone to a meeting like the one Don jr attended in order to get info on an opponent. That's politics!,f,f,Twitter for iPhone,85543,16400,2017-07-17 14:07:55+00:00,f,1
888924192573235201,"To every PATRIOT who will serve on the #USSGeraldRFord:☑️Keep the watch🇺🇸☑️Protect her🇺🇸☑️Defend her🇺🇸☑️LOVE HER🇺🇸Good Luck &amp, Godspeed! https://t.co/shcz5GQkCh",f,f,Twitter Media Studio,93864,21863,2017-07-23 00:50:17+00:00,f,1
888895687865380864,"American steel &amp, American hands have constructed a 100,000 ton message to the world: American MIGHT IS SECOND TO NONE!#USSGeraldRFord #USA https://t.co/Pibf37Eybg",f,f,Twitter for iPhone,47541,10554,2017-07-22 22:57:01+00:00,f,1
888841724759597057,A ship is only as good as the people who serve on it — and the AMERICAN SAILOR is the BEST in the world. @USNavy #USSGeraldRFord https://t.co/YmiTLXcCEh,f,f,Twitter Media Studio,61800,13384,2017-07-22 19:22:35+00:00,f,1
888771440014749697,Join me live for the commissioning ceremony of the USS Gerald R. Ford!➡️https://t.co/F78iOR64TW #USA https://t.co/PrVceEmPOB,f,f,Twitter for iPhone,38899,6706,2017-07-22 14:43:18+00:00,f,1
888736256145985536,"ObamaCare is dead and the Democrats are obstructionists, no ideas or votes, only obstruction. It is solely up to the 52 Republican Senators!",f,f,Twitter for iPhone,69754,16053,2017-07-22 12:23:30+00:00,f,1
888734848550043648,"The Republican Senators must step up to the plate and, after 7 years, vote to Repeal and Replace. Next, Tax Reform and Infrastructure. WIN!",f,f,Twitter for iPhone,72120,15645,2017-07-22 12:17:54+00:00,f,1
888733031875346432,"In all fairness to Anthony Scaramucci, he wanted to endorse me 1st, before the Republican Primaries started, but didn't think I was running!",f,f,Twitter for iPhone,48482,8805,2017-07-22 12:10:41+00:00,f,1
888730468732067841,"My son Donald openly gave his e-mails to the media &amp, authorities whereas Crooked Hillary Clinton deleted (&amp, acid washed) her 33,000 e-mails!",f,f,Twitter for iPhone,91281,21454,2017-07-22 12:00:30+00:00,f,1
888727293346156546,"...What about all of the Clinton ties to Russia, including Podesta Company, Uranium deal, Russian Reset, big dollar speeches etc.",f,f,Twitter for iPhone,72420,19758,2017-07-22 11:47:53+00:00,f,1
888726438265966592,"So many people are asking why isn't the A.G. or Special Council looking at the many Hillary Clinton or Comey crimes. 33,000 e-mails deleted?",f,f,Twitter for iPhone,87301,23242,2017-07-22 11:44:29+00:00,f,1
888724194820857857,"While all agree the U. S. President has the complete power to pardon, why think of that when only crime so far is LEAKS against us.FAKE NEWS",f,f,Twitter for iPhone,60005,13806,2017-07-22 11:35:34+00:00,f,1
888713231065391104,"This morning I will be going to the Commissioning Ceremony for the largest aircraft carrier in the world, The Gerald R. Ford.  Norfolk, Va.",f,f,Twitter for iPhone,62269,9572,2017-07-22 10:52:00+00:00,f,1
888711488717934592,"The Failing New York Times foiled U.S. attempt to kill the single most wanted terrorist,Al-Baghdadi.Their sick agenda over National Security",f,f,Twitter for iPhone,57333,16342,2017-07-22 10:45:05+00:00,f,1
888708453560184832,"A new INTELLIGENCE LEAK from the Amazon Washington Post,this time against A.G. Jeff Sessions.These illegal leaks, like Comey's, must stop!",f,f,Twitter for iPhone,60915,15131,2017-07-22 10:33:01+00:00,f,1
888530948811366400,"Today, it was my privilege to welcome survivors of the #USSArizona to the @WhiteHouse. #HonorThem🇺🇸Remarks: https://t.co/gySxxqazBl https://t.co/6IPmbqVi10",f,f,Twitter Media Studio,59159,12052,2017-07-21 22:47:40+00:00,f,1
888529645381062656,"Today, it was my privilege to welcome survivors of the #USSArizona to the WH. Remarks: https://t.co/gySxxqazBlhttps://t.co/gySxxqazBl https://t.co/ZJaLAfBcv0",f,t,Media Studio,1736,459,2017-07-21 10:42:30+00:00,f,1
888478670502932480,Manufacturers’ record-high optimism reported in the 1st qtr has carried into the 2nd qtr of 2017 via @ShopFloorNAM:https://t.co/a42fNElct1 https://t.co/WHZtcAxhRQ,f,f,Twitter for iPhone,34649,8090,2017-07-21 19:19:56+00:00,f,1
888429879603191811,"ICYMI- This week we hosted a #MadeInAmerica event, right here at the @WhiteHouse! If it is MADE IN AMERICA, it is the BEST! USA🇺🇸 https://t.co/q4vB9GdE5y",f,f,Twitter Media Studio,49853,10469,2017-07-21 16:06:04+00:00,f,1
888420461075476480,"""""""Six months in - it is the hope of GROWTH📈that is making America🇺🇸FOUR TRILLION DOLLARS💰RICHER."""" -Stuart @VarneyCo🎥https://t.co/s7fYOicWGV https://t.co/x9MeUzDom6""",f,f,Twitter Media Studio,47912,12459,2017-07-21 15:28:38+00:00,f,1
888393378970439682,#MadeInAmerica🇺🇸📸https://t.co/39dwlGHI7R https://t.co/VfIrc5Xssx,f,f,Twitter for iPhone,35693,7170,2017-07-21 13:41:01+00:00,f,1
888240051599134721,"Billions of dollars in investments &amp, thousands of new jobs in America! An initiative via Corning, Merck &amp, Pfizer: https://t.co/QneN48bSiq https://t.co/5VtMfuY3PM",f,f,Twitter for iPhone,50024,11097,2017-07-21 03:31:45+00:00,f,1
888128621784838144,"I am asking all citizens to believe in yourselves, believe in your future, and believe, once more, in America. #AmericaFirst🇺🇸 https://t.co/NOnhJyWp4J",f,f,Twitter Media Studio,103928,28854,2017-07-20 20:08:58+00:00,f,1
888088029428150272,"Departing The Pentagon after meetings with @VP Pence, Secretary James Mattis, and our great teams. #MAGA🇺🇸 https://t.co/5d1MSzhjQS",f,f,Twitter for iPhone,51179,10419,2017-07-20 17:27:40+00:00,f,1
887862941109940225,"Melania and I send our thoughts and prayers to Senator McCain, Cindy, and their entire family. Get well soon. https://t.co/fONWVlmYyz",f,f,Twitter for iPhone,71711,12665,2017-07-20 02:33:15+00:00,f,1
887654816507408384,"The Republicans never discuss how good their healthcare bill is, &amp, it will get even better at lunchtime.The Dems scream death as OCare dies!",f,f,Twitter for iPhone,63150,12803,2017-07-19 12:46:14+00:00,f,1
887650824515661824,I will be having lunch at the White House today with Republican Senators concerning healthcare. They MUST keep their promise to America!,f,f,Twitter for iPhone,78450,14850,2017-07-19 12:30:22+00:00,f,1
887478019346051075,RT @FoxNews: U.S. Markets since election. https://t.co/rlWSt30GUd,t,f,Twitter for iPhone,0,8947,2017-07-19 01:03:43+00:00,f,1
887477071160762369,The Fake News is becoming more and more dishonest! Even a dinner arranged for top 20 leaders in Germany is made to look sinister!,f,f,Twitter for iPhone,90361,21570,2017-07-19 00:59:56+00:00,f,1
887475373981696000,"""Fake News story of secret dinner with Putin is """"sick."""" All G 20 leaders, and spouses, were invited by the Chancellor of Germany. Press knew!""",f,f,Twitter for iPhone,81092,20977,2017-07-19 00:53:12+00:00,f,1
887302632687251456,The Senate must go to a 51 vote majority instead of current 60 votes. Even parts of full Repeal need 60. 8 Dems control Senate. Crazy!,f,f,Twitter for iPhone,61569,15248,2017-07-18 13:26:47+00:00,f,1
887299895803203584,"With only a very small majority, the Republicans in the House &amp, Senate need more victories next year since Dems totally obstruct, no votes!",f,f,Twitter for iPhone,55540,12344,2017-07-18 13:15:55+00:00,f,1
887280380423938048,"As I have always said, let ObamaCare fail and then come together and do a great healthcare plan. Stay tuned!",f,f,Twitter for iPhone,70172,14520,2017-07-18 11:58:22+00:00,f,1
887279050263285761,"We were let down by all of the Democrats and a few Republicans. Most Republicans were loyal, terrific &amp, worked really hard. We will return!",f,f,Twitter for iPhone,65700,13181,2017-07-18 11:53:05+00:00,f,1
887134287350439936,"Republicans should just REPEAL failing ObamaCare now &amp, work on a new Healthcare Plan that will start from a clean slate. Dems will join in!",f,f,Twitter for iPhone,95411,22541,2017-07-18 02:17:50+00:00,f,1
886691926233239556,I am at the @USGA  #USWomensOpen. An amateur player is co-leading for the first time in many decades - very exciting!,f,f,Twitter for iPhone,43363,5708,2017-07-16 21:00:03+00:00,f,1
886635676787232768,The #USSJohnFinn will provide essential capabilities to keep America safe. Our sailors are the best anywhere in the world. Congratulations! https://t.co/yTnMwSh1Kg,f,f,Twitter for iPhone,58966,12072,2017-07-16 17:16:32+00:00,f,1
886588838902206464,"The ABC/Washington Post Poll, even though almost 40% is not bad at this time, was just about the most inaccurate poll around election time!",f,f,Twitter for iPhone,60376,11032,2017-07-16 14:10:25+00:00,f,1
886544734788997125,"With all of its phony unnamed sources &amp, highly slanted &amp, even fraudulent reporting, #Fake News is DISTORTING DEMOCRACY in our country!",f,f,Twitter for iPhone,79826,18708,2017-07-16 11:15:10+00:00,f,1
886541955311816705,Thank you to former campaign adviser Michael Caputo for saying so powerfully that there was no Russian collusion in our winning campaign.,f,f,Twitter for iPhone,76651,15508,2017-07-16 11:04:07+00:00,f,1
886538703547621376,"Thank you to all of the supporters, who far out-numbered the protesters, yesterday at the Women's U.S. Open. Very cool!",f,f,Twitter for iPhone,93980,15269,2017-07-16 10:51:12+00:00,f,1
886534810575020032,"HillaryClinton can illegally get the questions to the Debate &amp, delete 33,000 emails but my son Don is being scorned by the Fake News Media?",f,f,Twitter for iPhone,119166,30036,2017-07-16 10:35:44+00:00,f,1
886421324637380609,The women played great today at the @USGA #USWomensOpen🇺🇸 I look forward to being there tomorrow for the final round! https://t.co/2oWyptgfIY,f,f,Twitter for iPhone,38545,5836,2017-07-16 03:04:47+00:00,f,1
886321948275429381,"Just got to the #USWomensOpen in Bedminster, New Jersey. People are really happy with record high stock market - up over 17% since election!",f,f,Twitter for iPhone,55555,9048,2017-07-15 20:29:54+00:00,f,1
886319322154586112,MAKE AMERICA GREAT AGAIN! https://t.co/3eYF3nir4B,f,f,Twitter for iPhone,54525,12230,2017-07-15 20:19:28+00:00,f,1
886283456644251652,Next week the Senate is going to vote on legislation to save Americans from the ObamaCare DISASTER. #WeeklyAddress🇺🇸 https://t.co/xjVDkgo1NK,f,f,Twitter Media Studio,51006,10745,2017-07-15 17:56:57+00:00,f,1
886261674029854721,"Stock Market hit another all-time high yesterday - despite the Russian hoax story! Also, jobs numbers are starting to look very good!",f,f,Twitter for iPhone,72721,14687,2017-07-15 16:30:23+00:00,f,1
886259363412926464,Stock Market at new all-time high! Working on new trade deals that will be great for U.S. and its workers!,f,f,Twitter for iPhone,72077,13001,2017-07-15 16:21:12+00:00,f,1
886058483392622592,"I will be at the @USGA #USWomensOpen in Bedminster, NJ tomorrow. Big crowds expected &amp, the women are playing great-should be very exciting!",f,f,Twitter for iPhone,42603,6055,2017-07-15 03:02:59+00:00,f,1
886036222308757504,Honored to serve as Commander-in-Chief to the courageous men and women of our U.S. Armed Forces. A grateful nation thanks you! https://t.co/wERNV7J4oO,f,f,Twitter for iPhone,95264,18606,2017-07-15 01:34:31+00:00,f,1
885992108565291008,"President @EmmanuelMacron,Thank you for inviting Melania and myself to such a historic celebration in France. #BastilleDay #14juillet https://t.co/KZjJQOo0H1",f,f,Twitter Media Studio,67616,15263,2017-07-14 22:39:14+00:00,f,1
885988016912838656,"Just landed from Paris, France. It was an incredible visit with President @EmmanuelMacron. A lot discussed and accomplished in two days!",f,f,Twitter for iPhone,51594,8306,2017-07-14 22:22:58+00:00,f,1
885865609971605508,"Left Paris for U.S.A. Will be heading to New Jersey and attending the#USWomensOpen, their most important tournament, this afternoon.",f,f,Twitter for iPhone,48884,7365,2017-07-14 14:16:34+00:00,f,1
885858247277727746,"Great conversations with President @EmmanuelMacron and his representatives on trade, military and security.",f,f,Twitter for iPhone,42749,7243,2017-07-14 13:47:19+00:00,f,1
885856351557210112,"The United States mourns for the victims of Nice, France. We pledge our solidarity with France against terror. 🇺🇸🇫🇷 https://t.co/7irbz08oT3",f,f,Twitter for iPhone,44545,8743,2017-07-14 13:39:47+00:00,f,1
885817217455140864,It was a great honor to represent the United States at the magnificent #BastilleDay parade. Congratulations President @EmmanuelMacron! https://t.co/1J4vZiy98y,f,f,Twitter for iPhone,57052,11754,2017-07-14 11:04:16+00:00,f,1
885773130723205120,.@VP Mike Pence is working hard on HealthCare and getting our wonderful Republican Senators to do what is right for the people.,f,f,Twitter for iPhone,50805,8966,2017-07-14 08:09:05+00:00,f,1
885772727315030020,"After all of these years of suffering thru ObamaCare, Republican Senators must come through as they have promised!",f,f,Twitter for iPhone,62380,12643,2017-07-14 08:07:29+00:00,f,1
885772254017187840,"So impt Rep Senators, under leadership of @SenateMajLdr McConnell get healthcare plan approved. After 7yrs of O'Care disaster, must happen!",f,f,Twitter for iPhone,42132,7768,2017-07-14 08:05:36+00:00,f,1
885770227514052608,"Republicans Senators are working hard to get their failed ObamaCare replacement approved. I will be at my desk, pen in hand!",f,f,Twitter for iPhone,58848,10937,2017-07-14 07:57:33+00:00,f,1
885769944482414593,"Great evening with President @EmmanuelMacron &amp, Mrs. Macron. Went to Eiffel Tower for dinner. Relationship with France stronger than ever. https://t.co/ib1pdUYoEU",f,f,Twitter for iPhone,38278,7053,2017-07-14 07:56:26+00:00,f,1
885579818875670528,Great bilateral meetings at Élysée Palace w/ President @EmmanuelMacron. The friendship between our two nations and ourselves is unbreakable. https://t.co/IOSoC0MdPv,f,f,Twitter for iPhone,49566,10129,2017-07-13 19:20:56+00:00,f,1
885570979975639040,"President @EmmanuelMacron,Thank you for the beautiful welcome ceremony at Les Invalides today! https://t.co/RKir1GcRrB",f,f,Twitter for iPhone,48880,9133,2017-07-13 18:45:49+00:00,f,1
885481504780013568,"Melania and I were thrilled to join the dedicated men and women of the @USEmbassyFrance, members of the U.S. Military and their families. https://t.co/ZSdsJ0Bsbl",f,f,Twitter for iPhone,59549,11556,2017-07-13 12:50:16+00:00,f,1
885410010167226370,"Just landed in Paris, France with @FLOTUS Melania. https://t.co/knULGOQF1K",f,f,Twitter Web Client,65059,10941,2017-07-13 08:06:11+00:00,f,1
885278633014812673,"Big WIN today for building the wall. It will secure the border &amp, save lives. Now the full House &amp, Senate must act! ➡️https://t.co/TTg7lvBdo2 https://t.co/xhiknXko70",f,f,Twitter for iPhone,58076,16673,2017-07-12 23:24:08+00:00,f,1
885275592681295872,"JOBS, JOBS, JOBS! #MAGA🇺🇸 https://t.co/HScS4Y9ZJK",f,f,Twitter for iPhone,67179,18340,2017-07-12 23:12:03+00:00,f,1
885274148012011520,Stock market hits another high with spirit and enthusiasm so positive. Jobs outlook looking very good! #MAGA🇺🇸 https://t.co/Vwxsb2vWGe,f,f,Twitter for iPhone,54579,12564,2017-07-12 23:06:19+00:00,f,1
885266492765466625,"Getting rdy to leave for France @ the invitation of President Macron to celebrate &amp, honor Bastille Day and 100yrs since U.S. entry into WWI.",f,f,Twitter for iPhone,69253,11673,2017-07-12 22:35:53+00:00,f,1
885232527656538113,"""""""After 14 years, U.S. beef hits Chinese market. Trade deal an exciting opportunity for agriculture."""" https://t.co/gDGgejqFMs""",f,f,Twitter for iPhone,58311,14129,2017-07-12 20:20:56+00:00,f,1
885131482397908992,"The W.H. is functioning perfectly, focused on HealthCare, Tax Cuts/Reform &amp, many other things. I have very little time for watching T.V.",f,f,Twitter for iPhone,83191,16469,2017-07-12 13:39:25+00:00,f,1
885128373441355777,Why aren't the same standards placed on the Democrats. Look what Hillary Clinton may have gotten away with. Disgraceful!,f,f,Twitter for iPhone,86580,20538,2017-07-12 13:27:03+00:00,f,1
885109663217352704,""".@WashTimes states """"Democrats have willfully used Moscow disinformation to influence the presidential election against Donald Trump.""""""",f,f,Twitter for iPhone,52210,12434,2017-07-12 12:12:42+00:00,f,1
885092844511387654,"ISIS is on the run &amp, will soon be wiped out of Syria &amp, Iraq, illegal border crossings are way down (75%) &amp, MS 13 gangs are being removed.",f,f,Twitter for iPhone,106122,23283,2017-07-12 11:05:53+00:00,f,1
885086466061340674,RT @foxandfriends: Getting the job done! Sen. Mitch McConnell delays August recess to work on health care bill https://t.co/wBjha8ldeK,t,f,Twitter for iPhone,0,5127,2017-07-12 10:40:32+00:00,f,1
885084555421634561,"""Remember, when you hear the words """"sources say"""" from the Fake Media, often times those sources are made up and do not exist.""",f,f,Twitter for iPhone,97163,24507,2017-07-12 10:32:56+00:00,f,1
885081181980590084,"My son Donald did a good job last night. He was open, transparent and innocent. This is the greatest Witch Hunt in political history. Sad!",f,f,Twitter for iPhone,100025,20188,2017-07-12 10:19:32+00:00,f,1
885075206905188352,"""RT @FoxNews: .@jessebwatters on @DonaldJTrumpJr meeting with Russian attorney: """"I believe Don Jr. is the victim here."""" #TheFive https://t.c...""",t,f,Twitter for iPhone,0,6144,2017-07-12 09:55:47+00:00,f,1
884931352201756672,"My son, Donald, will be interviewed by @seanhannity tonight at 10:00 P.M. He is a great person who loves our country!",f,f,Twitter for iPhone,79984,13702,2017-07-12 00:24:10+00:00,f,1
884758617282531329,"RT @foxandfriends: FOX NEWS ALERT: U.S. flexes its defense muscles, destroys incoming test missile off coast of Alaska https://t.co/gdpnc6a...",t,f,Twitter for iPhone,0,8607,2017-07-11 12:57:47+00:00,f,1
884746435039768576,Marine Plane crash in Mississippi is heartbreaking. Melania and I send our deepest condolences to all!,f,f,Twitter for iPhone,101697,18121,2017-07-11 12:09:22+00:00,f,1
884740553040175104,Working hard to get the Olympics for the United States (L.A.). Stay tuned!,f,f,Twitter for iPhone,91237,15794,2017-07-11 11:46:00+00:00,f,1
884728971530829824,"The Senate Democrats have only confirmed 48 of 197 Presidential Nominees. They  can't win so all they do is slow things down &amp, obstruct!",f,f,Twitter for iPhone,80791,22369,2017-07-11 10:59:58+00:00,f,1
884726279014100992,RT @foxandfriends: SEN. CRUZ: It's crazy to go an August recess without having Obamacare repealed. We should work every day until it is don...,t,f,Twitter for iPhone,0,10714,2017-07-11 10:49:16+00:00,f,1
884726129910853634,RT @foxandfriends: White House calls out Senate Democrats for obstructing nominees https://t.co/O6Rsx5i2CZ,t,f,Twitter for iPhone,0,7913,2017-07-11 10:48:41+00:00,f,1
884380352436985856,RT @foxandfriends: Head of the NYPD union slams Mayor de Blasio for skipping vigil for assassinated cop Miosotis Familia https://t.co/nVWLb...,t,f,Twitter for iPhone,0,12169,2017-07-10 11:54:41+00:00,f,1
884380242936254464,"RT @foxandfriends: .@jasoninthehouse: Comey went silent when I asked him about his memos, which raised a lot of eyebrows. https://t.co/BfSP...",t,f,Twitter for iPhone,0,10899,2017-07-10 11:54:15+00:00,f,1
884379751665848322,"""RT @seanhannity: HRC mishandles and destroys classified info-NO PROBLEM! Pay/play on Uranium one NO PROBLEM! Lynch BC tarmac: it's a """"matte...""",t,t,Twitter for iPhone,0,18652,2017-07-10 11:52:18+00:00,f,1
884378624660582405,"If Chelsea Clinton were asked to hold the seat for her mother,as her mother gave our country away, the Fake News would say CHELSEA FOR PRES!",f,f,Twitter for iPhone,89062,20465,2017-07-10 11:47:49+00:00,f,1
884374529660903424,"When I left Conference Room for short meetings with Japan and other countries, I asked Ivanka to hold seat. Very standard. Angela M agrees!",f,f,Twitter for iPhone,73675,14369,2017-07-10 11:31:33+00:00,f,1
884363456849342464,I cannot imagine that Congress would dare to leave Washington without a beautiful new HealthCare bill fully approved and ready to go!,f,f,Twitter for iPhone,85645,18460,2017-07-10 10:47:33+00:00,f,1
884361623514656769,James Comey leaked CLASSIFIED INFORMATION to the media. That is so illegal!,f,f,Twitter for iPhone,92821,23961,2017-07-10 10:40:16+00:00,f,1
884360051808448512,RT @foxandfriends: Report accuses material James Comey leaked to a friend contained top secret information https://t.co/Hkg4cAb6o9,t,f,Twitter for iPhone,0,10520,2017-07-10 10:34:01+00:00,f,1
884359576996511745,RT @foxandfriends: .@carriesheffield: The mainstream media is neglecting their duty to represent the public. They've failed to represent ha...,t,f,Twitter for iPhone,0,7753,2017-07-10 10:32:08+00:00,f,1
884359096689971201,RT @RealJamesWoods: Only now with a #RealPresident do we see the scope of destruction engineered by #Obama and the #Democrat cabal.  @realD...,t,f,Twitter for iPhone,0,16892,2017-07-10 10:30:13+00:00,f,1
884211874518192128,"The fact that President Putin and I discussed a Cyber Security unit  doesn't mean I think it can happen. It can't-but a ceasefire can,&amp, did!",f,f,Twitter for iPhone,75835,15594,2017-07-10 00:45:13+00:00,f,1
884142582191849474,Syrian ceasefire seems to be holding. Many lives can be saved. Came out of meeting. Good!,f,f,Twitter for iPhone,83120,15825,2017-07-09 20:09:52+00:00,f,1
884141905436696576,"""For years, even as a """"civilian,"""" I listened as Republicans pushed the Repeal and Replace of ObamaCare. Now they finally have their chance!""",f,f,Twitter for iPhone,92026,21123,2017-07-09 20:07:11+00:00,f,1
884033889613828096,MAKE AMERICA GREAT AGAIN! https://t.co/NVDVRrWLs4,f,f,Twitter Media Studio,82416,19696,2017-07-09 12:57:58+00:00,f,1
884027201804488704,"Sanctions were not discussed at my meeting with President Putin. Nothing will be done until the Ukrainian &amp, Syrian problems are solved!",f,f,Twitter for iPhone,69017,15620,2017-07-09 12:31:23+00:00,f,1
884020939264073728,...have it. Fake News said 17 intel agencies when actually 4 (had to apologize). Why did Obama do NOTHING when he had info before election?,f,f,Twitter for iPhone,73925,15862,2017-07-09 12:06:30+00:00,f,1
884018776391503872,"...and safe. Questions were asked about why the CIA &amp, FBI had to ask the DNC 13 times for their SERVER, and were rejected, still don't....",f,f,Twitter for iPhone,65381,14874,2017-07-09 11:57:55+00:00,f,1
884016887692234753,"Putin &amp, I discussed forming an impenetrable Cyber Security unit    so that election hacking, &amp, many other negative things, will be guarded..",f,f,Twitter for iPhone,71558,19576,2017-07-09 11:50:24+00:00,f,1
884013689736769536,...We negotiated a ceasefire in parts of Syria which will save lives. Now it is time to move forward in working constructively with Russia!,f,f,Twitter for iPhone,80783,17826,2017-07-09 11:37:42+00:00,f,1
884012097805406208,I strongly pressed President Putin twice about Russian meddling in our election. He vehemently denied it. I've already given my opinion.....,f,f,Twitter for iPhone,69505,15174,2017-07-09 11:31:22+00:00,f,1
884008221970763776,The G 20 Summit was a great success for the U.S. - Explained that the U.S. must fix the many bad trade deals it has made. Will get done!,f,f,Twitter for iPhone,67816,13388,2017-07-09 11:15:58+00:00,f,1
883761448064864257,"Leaving Hamburg for Washington, D.C. and the WH. Just left China’s President Xi where we had an excellent meeting on trade &amp, North Korea.",f,f,Twitter for iPhone,82384,14408,2017-07-08 18:55:23+00:00,f,1
883760134333378561,"Law enforcement &amp, military did a spectacular job in Hamburg. Everybody felt totally safe despite the anarchists. @PolizeiHamburg #G20Summit",f,f,Twitter for iPhone,76991,15092,2017-07-08 18:50:10+00:00,f,1
883752778379792386,The #G20Summit was a wonderful success and carried out beautifully by Chancellor Angela Merkel. Thank you!,f,f,Twitter for iPhone,72648,12263,2017-07-08 18:20:56+00:00,f,1
883751888491098112,We will fight the #FakeNews with you! https://t.co/zOMiXTeLJq,f,f,Twitter for iPhone,81752,21006,2017-07-08 18:17:24+00:00,f,1
883469033059864578,"Great first day with world leaders at the #G20Summit here in Hamburg, Germany. Looking forward to day two! #USA https://t.co/bLKgZKQemw",f,f,Twitter for iPhone,71096,14842,2017-07-07 23:33:26+00:00,f,1
883444736849305600,Thank you! “Trump’s Defining Speech” WSJ Editorial: https://t.co/YuDgVfRroR https://t.co/T0R4u4IHDJ,f,f,Twitter for iPhone,56601,12788,2017-07-07 21:56:53+00:00,f,1
883230130885324802,I will represent our country well and fight for its interests! Fake News Media will never cover me accurately but who cares! We will #MAGA!,f,f,Twitter for iPhone,112451,26513,2017-07-07 07:44:07+00:00,f,1
883229754077392896,"I look forward to all meetings today with world leaders, including my meeting with Vladimir Putin. Much to discuss.#G20Summit #USA🇺🇸",f,f,Twitter for iPhone,79973,15090,2017-07-07 07:42:37+00:00,f,1
883229270943911936,Everyone here is talking about why John Podesta refused to give the DNC server to the FBI and the CIA. Disgraceful!,f,f,Twitter for iPhone,99079,27412,2017-07-07 07:40:42+00:00,f,1
883220875444715520,"After Poland had a great meeting with Chancellor Merkel and then with PM Shinzō Abe of Japan &amp, President Moon of South Korea.",f,f,Twitter for iPhone,63464,10519,2017-07-07 07:07:20+00:00,f,1
883218784663818241,"My experience yesterday in Poland was a great one. Thank you to everyone, including the haters, for the great reviews of the speech!",f,f,Twitter for iPhone,106961,20282,2017-07-07 06:59:02+00:00,f,1
883064346519187456,"A strong Poland is a blessing to the nations of Europe, and a strong Europe is a blessing to the West, and to the world. https://t.co/vHzPwMtJSm",f,f,Twitter Web Client,98014,25610,2017-07-06 20:45:21+00:00,f,1
883012994145280000,THE WEST WILL NEVER BE BROKEN. Our values will PREVAIL. Our people will THRIVE and our civilization will TRIUMPH! https://t.co/sozuVgdp5T,f,f,Twitter Media Studio,112753,30423,2017-07-06 17:21:18+00:00,f,1
882993144194838528,America is proud to stand shoulder-to-shoulder with Poland in the fight to eradicate the evils of terrorism and extremism. #POTUSinPoland https://t.co/MHxRmVvtsh,f,f,Twitter Media Studio,76177,18039,2017-07-06 16:02:25+00:00,f,1
882962893288882176,"On behalf of @FLOTUS Melania and myself, thank you Poland!🇺🇸🇵🇱#ICYMI, watch here➡️ https://t.co/COpVXnn8YG #POTUSinPoland https://t.co/ylU3wLZV2H",f,f,Twitter for iPhone,72180,16169,2017-07-06 14:02:13+00:00,f,1
882741809931309056,Congratulations to the dedicated professionals of the USSS as they celebrate their 152nd anniversary. Thank you! ➡️https://t.co/mDhFzDm3ED https://t.co/BcB3wLjILg,f,f,Twitter for iPhone,63650,11579,2017-07-05 23:23:42+00:00,f,1
882560030884716544,Trade between China and North Korea grew almost 40% in the first quarter. So much for China working with us - but we had to give it a try!,f,f,Twitter for iPhone,84258,19181,2017-07-05 11:21:23+00:00,f,1
882558219285131265,The United States made some of the worst Trade Deals in world history.Why should we continue these deals with countries that do not help us?,f,f,Twitter for iPhone,107690,21144,2017-07-05 11:14:11+00:00,f,1
882552631905988609,"Getting ready to leave for Poland, after which I will travel to Germany for the G-20. Will be back on Saturday.",f,f,Twitter for iPhone,79726,12679,2017-07-05 10:51:59+00:00,f,1
882423634639425536,#HappyIndependenceDay #USA🇺🇸 https://t.co/9pfqnRsh1Z,f,f,Twitter for iPhone,173909,37880,2017-07-05 02:19:23+00:00,f,1
882327018070790144,Gas prices are the lowest in the U.S. in over ten years! I would like to see them go even lower.,f,f,Twitter for iPhone,136472,25011,2017-07-04 19:55:28+00:00,f,1
882325456162361344,Getting ready to celebrate the 4th of July with a big crowd at the White House. Happy 4th to everyone. Our country will grow and prosper!,f,f,Twitter for iPhone,116248,20114,2017-07-04 19:49:16+00:00,f,1
882186896285282304,#HappyIndependenceDay #July4 #USA🇺🇸 https://t.co/NsFslPEFrp,f,f,Twitter for iPhone,97593,24453,2017-07-04 10:38:40+00:00,f,1
882062572081512449,....and Japan will put up with this much longer. Perhaps China will put a heavy move on North Korea and end this nonsense once and for all!,f,f,Twitter for iPhone,95965,23706,2017-07-04 02:24:39+00:00,f,1
882061157900718081,North Korea has just launched another missile. Does this guy have anything better to do with his life? Hard to believe that South Korea.....,f,f,Twitter for iPhone,122504,39892,2017-07-04 02:19:02+00:00,f,1
882049782541414400,"RT @JacobAWohl: @realDonaldTrump When Obama was President, the #MSM LOVED talking about stock market rallies! Now they barely mention new a...",t,t,Twitter for iPhone,0,16931,2017-07-04 01:33:50+00:00,f,1
881983493533822976,Dow hit a new intraday all-time high! I wonder whether or not the Fake News Media will so report?,f,f,Twitter for iPhone,94493,19739,2017-07-03 21:10:25+00:00,f,1
881979394373406720,"Really great numbers on jobs &amp, the economy! Things are starting to kick in now, and we have just begun! Don't like steel &amp, aluminum dumping!",f,f,Twitter for iPhone,79684,15846,2017-07-03 20:54:08+00:00,f,1
881960261263011841,"RT @Reince: With a strong candidate in @POTUS &amp, @GOP revolutionary data program, Republicans carried WI for 1st time in 30 yearshttps://t....",t,f,Twitter for iPhone,0,7215,2017-07-03 19:38:06+00:00,f,1
881875263700783104,"If we can help little #CharlieGard, as per our friends in the U.K. and the Pope, we would be delighted to do so.",f,f,Twitter for iPhone,100913,28642,2017-07-03 14:00:21+00:00,f,1
881847676232503297,"At some point the Fake News will be forced to discuss our great jobs numbers, strong economy, success with ISIS, the border &amp, so much else!",f,f,Twitter for iPhone,108819,24555,2017-07-03 12:10:44+00:00,f,1
881839523126272000,Will be speaking with Italy this morning!,f,f,Twitter for iPhone,61147,9319,2017-07-03 11:38:20+00:00,f,1
881834692282109953,Spoke yesterday with the King of Saudi Arabia about peace in the Middle-East. Interesting things are happening!,f,f,Twitter for iPhone,71346,17652,2017-07-03 11:19:08+00:00,f,1
881830110114009089,Will be speaking with Germany and France this morning.,f,f,Twitter for iPhone,57693,8865,2017-07-03 11:00:56+00:00,f,1
881697281233354753,"America's men &amp, women in uniform is the story of FREEDOM overcoming OPPRESSION, the STRONG protecting the WEAK, &amp, G... https://t.co/LtTpGsP3fC",f,f,Twitter Media Studio,87702,20769,2017-07-03 02:13:07+00:00,f,1
881662619282702338,"Stock Market at all time high, unemployment at lowest level in years (wages will start going up) and our base has never been stronger!",f,f,Twitter for iPhone,112875,25040,2017-07-02 23:55:23+00:00,f,1
881604490041995271,The dishonest media will NEVER keep us from accomplishing our objectives on behalf of our GREAT AMERICAN PEOPLE!... https://t.co/EwnwCeuGMv,f,f,Twitter Media Studio,91685,22077,2017-07-02 20:04:24+00:00,f,1
881373634585079808,"We will always take care of our GREAT VETERANS. You have shed your blood, poured your love, and bared your soul, in... https://t.co/bTPuerxLOr",f,f,Twitter for iPhone,108386,23954,2017-07-02 04:47:04+00:00,f,1
881281755017355264,My use of social media is not Presidential - it’s MODERN DAY PRESIDENTIAL. Make America Great Again!,f,f,Twitter for iPhone,164054,44296,2017-07-01 22:41:58+00:00,f,1
881273362454118400,I am thinking about changing the name #FakeNews CNN to #FraudNewsCNN!,f,f,Twitter for iPhone,98931,23771,2017-07-01 22:08:37+00:00,f,1
881271809433374721,"....the 2016 election with interviews, speeches and social media. I had to beat #FakeNews, and did. We will continue to WIN!",f,f,Twitter for iPhone,73617,14253,2017-07-01 22:02:27+00:00,f,1
881271748280365056,"The FAKE &amp, FRAUDULENT NEWS MEDIA is working hard to convince Republicans and others I should not use social media - but remember, I won....",f,f,Twitter for iPhone,107468,23352,2017-07-01 22:02:12+00:00,f,1
881265792700035073,Getting rdy to leave for tonight's Celebrate Freedom Concert honoring our GREAT VETERANS w/ so many of my evangelic... https://t.co/shfTAoMJry,f,f,Twitter for iPhone,52166,8904,2017-07-01 21:38:32+00:00,f,1
881256428626956288,Weekly Address🇺🇸 #KatesLaw#NoSanctuaryForCriminalsActStatement: https://t.co/I8cqKGDK2B https://t.co/00mao6Vk7R,f,f,Twitter Media Studio,41783,8996,2017-07-01 21:01:20+00:00,f,1
881140479454310401,"Crazy Joe Scarborough and dumb as a rock Mika are not bad people, but their low rated show is dominated by their NBC bosses. Too bad!",f,f,Twitter for iPhone,82347,18466,2017-07-01 13:20:35+00:00,f,1
881138485905772549,I am extremely pleased to see that @CNN has finally been exposed as #FakeNews and garbage journalism. It's about time!,f,f,Twitter for iPhone,122827,31565,2017-07-01 13:12:40+00:00,f,1
881137079958241280,Numerous states are refusing to give information to the very distinguished VOTER FRAUD PANEL. What are they trying to hide?,f,f,Twitter for iPhone,90671,25205,2017-07-01 13:07:05+00:00,f,1
881135264441257984,"Word is that @Greta Van Susteren was let go by her out of control bosses at @NBC &amp, @Comcast because she refused to go along w/ 'Trump hate!'",f,f,Twitter for iPhone,65465,15873,2017-07-01 12:59:52+00:00,f,1
881131368520056832,Happy Canada Day to all of the great people of Canada and to your Prime Minister and my new found friend @JustinTrudeau. #Canada150,f,f,Twitter for iPhone,65943,12931,2017-07-01 12:44:23+00:00,f,1
880919871353217024,America will THINK BIG once again. We will inspire millions of children to carry on the proud tradition of American... https://t.co/hZCMp5cSJc,f,f,Twitter Ads,71390,15430,2017-06-30 22:43:58+00:00,f,1
880892632142143490,The era of strategic patience with the North Korea regime has failed. That patience is over. We are working closely... https://t.co/MxN04V2Yn4,f,f,Twitter for iPhone,60368,14098,2017-06-30 20:55:44+00:00,f,1
880853246126022656,"I am encouraged by President Moon's assurances that he will work to level the playing field for American workers, b... https://t.co/DUZh6aMjJS",f,f,Twitter Web Client,47900,9819,2017-06-30 18:19:13+00:00,f,1
880771685460344832,Watched low rated @Morning_Joe for first time in long time. FAKE NEWS. He called me to stop a National Enquirer article. I said no! Bad show,f,f,Twitter for iPhone,68146,14931,2017-06-30 12:55:08+00:00,f,1
880739852286918656,Crime and killings in Chicago have reached such epidemic proportions that I am sending in Federal help. 1714 shootings in Chicago this year!,f,f,Twitter for iPhone,98715,25433,2017-06-30 10:48:38+00:00,f,1
880737163247267840,"If Republican Senators are unable to pass what they are working on now, they should immediately REPEAL, and then REPLACE at a later date!",f,f,Twitter for iPhone,77163,19512,2017-06-30 10:37:57+00:00,f,1
880602793341591552,Just finished a very good meeting with the President of South Korea. Many subjects discussed including North Korea and new trade deal!,f,f,Twitter for iPhone,76870,15697,2017-06-30 01:44:01+00:00,f,1
880564232588107779,"Our new American Energy Policy will unlock MILLIONS of jobs &amp, TRILLIONS in wealth. We are on the cusp of a true ene... https://t.co/w5Y7UXZSSD",f,f,Twitter Web Client,64983,14917,2017-06-29 23:10:47+00:00,f,1
880563788705148928,"When it comes to the future of America’s energy needs, we will FIND IT, we will DREAM IT, and we will BUILD IT.... https://t.co/m0HmPbUZ6C",f,f,Twitter for iPhone,46351,9564,2017-06-29 23:09:01+00:00,f,1
880559961855729664,Statement on House Passage of Kate’s Law and No Sanctuary for Criminals Act. https://t.co/uPRy9XgK5A,f,f,Twitter for iPhone,47589,9914,2017-06-29 22:53:49+00:00,f,1
880553561008078848,Good news out of the House with the passing of 'No Sanctuary for Criminals Act.' Hopefully Senate will follow.,f,f,Twitter for iPhone,77954,16155,2017-06-29 22:28:23+00:00,f,1
880540637358981120,"Good news, House just passed #KatesLaw. Hopefully Senate will follow.",f,f,Twitter for iPhone,83649,18105,2017-06-29 21:37:02+00:00,f,1
880534684479897600,"""""""Mattis Says Trump’s Warning Stopped Chemical Weapons Attack In Syria"""" https://t.co/XL9LLNKh8i""",f,f,Twitter for iPhone,49663,11704,2017-06-29 21:13:22+00:00,f,1
880508977590697984,"Join me LIVE with @VP, @SecretaryPerry, @SecretaryZinke and @EPAScottPruitt. #UnleashingAmericanEnergyhttps://t.co/hlM7F2BQD9",f,f,Twitter for iPhone,24863,3930,2017-06-29 19:31:13+00:00,f,1
880489358431850496,MAKE AMERICA SAFE AGAIN!#NoSanctuaryForCriminalsAct #KatesLaw #SaveAmericanLives https://t.co/jbN4hPjqjS,f,f,Twitter for iPhone,54222,12051,2017-06-29 18:13:16+00:00,f,1
880469342835666944,"Today, the House votes on two crucial bills:☑️#NoSanctuaryForCriminalsAct ☑️#KatesLaw ☑️Pass these bills &amp, lets... https://t.co/4N2c0oxMve",f,f,Twitter for iPhone,62580,15702,2017-06-29 16:53:44+00:00,f,1
880410114456465411,"...to Mar-a-Lago 3 nights in a row around New Year's Eve, and insisted on joining me. She was bleeding badly from a face-lift. I said no!",f,f,Twitter for iPhone,64414,15684,2017-06-29 12:58:23+00:00,f,1
880408582310776832,"I heard poorly rated @Morning_Joe speaks badly of me (don't watch anymore). Then how come low I.Q. Crazy Mika, along with Psycho Joe, came..",f,f,Twitter for iPhone,67517,16512,2017-06-29 12:52:17+00:00,f,1
880402366373269504,New Sugar deal negotiated with Mexico is a very good one for both Mexico and the U.S. Had no deal for many years which hurt U.S. badly.,f,f,Twitter for iPhone,69404,14204,2017-06-29 12:27:35+00:00,f,1
880242238000955392,"Tomorrow the House votes on #KatesLaw &amp, No Sanctuary For Criminals Act. Lawmakers must vote to put American safety... https://t.co/p3vd8IXXaD",f,f,Twitter Media Studio,69000,16873,2017-06-29 01:51:18+00:00,f,1
880192282254872576,"From my first day in office, we’ve taken swift action to lift the crushing restrictions on American energy. Remarks... https://t.co/VBoEubD59k",f,f,Twitter for iPhone,46245,9350,2017-06-28 22:32:47+00:00,f,1
880175585418465284,Democrats purposely misstated Medicaid under new Senate bill - actually goes up. https://t.co/necCt4K6UH,f,f,Twitter for iPhone,41966,13020,2017-06-28 21:26:27+00:00,f,1
880172859108331520,"Today, I hosted an immigration roundtable ahead of two votes taking place in Congress tomorrow. Watch and read more... https://t.co/5k8WzW1t68",f,f,Twitter for iPhone,32916,6762,2017-06-28 21:15:37+00:00,f,1
880170602690215936,It was my great honor to welcome the 2016 World Series Champion Chicago @Cubs ⚾️ to the @WhiteHouse this afternoon.... https://t.co/GvPhJ9hZdv,f,f,Twitter for iPhone,63314,11243,2017-06-28 21:06:39+00:00,f,1
880158771762286592,"#ICYMI- on Monday, I had the great honor of welcoming India's Prime Minister @narendramodi to the WH. Full Remarks:... https://t.co/7IIQEh7xXv",f,f,Twitter Media Studio,38429,8951,2017-06-28 20:19:38+00:00,f,1
880049704620494848,"The #AmazonWashingtonPost, sometimes referred to as the guardian of Amazon not paying internet taxes (which they should) is FAKE NEWS!",f,f,Twitter for iPhone,44617,10265,2017-06-28 13:06:14+00:00,f,1
880018828603912194,RT @foxandfriends: HAPPENING TODAY: House to vote on immigration bills including 'Kate’s Law' and 'No Sanctuary for Criminals Act' https://...,t,f,Twitter for iPhone,0,9919,2017-06-28 11:03:33+00:00,f,1
880017678978736129,"Some of the Fake News Media likes to say that I am not totally engaged in healthcare. Wrong, I know the subject well &amp, want victory for U.S.",f,f,Twitter for iPhone,75807,15236,2017-06-28 10:58:59+00:00,f,1
876900944444837890,Karen Handel's opponent in #GA06 can't even vote in the district he wants to represent....,f,f,Twitter for iPhone,46110,13111,2017-06-19 20:34:11+00:00,f,1
880015261004435456,The failing @nytimes writes false story after false story about me. They don't even call to verify the facts of a story. A Fake News Joke!,f,f,Twitter for iPhone,69866,16044,2017-06-28 10:49:22+00:00,f,1
879828637733793793,"I just finished a great meeting with the Republican Senators concerning HealthCare. They really want to get it right, unlike OCare!",f,f,Twitter for iPhone,77124,14198,2017-06-27 22:27:48+00:00,f,1
879827411008974852,"With ZERO Democrats to help, and a failed, expensive and dangerous ObamaCare as the Dems legacy, the Republican Senators are working hard!",f,f,Twitter for iPhone,65706,12217,2017-06-27 22:22:55+00:00,f,1
879682547235651584,"So they caught Fake News CNN cold, but what about NBC, CBS &amp, ABC? What about the failing @nytimes &amp, @washingtonpost? They are all Fake News!",f,f,Twitter for iPhone,91471,25747,2017-06-27 12:47:17+00:00,f,1
879678356450676736,Fake News CNN is looking at big management changes now that they got caught falsely pushing their phony Russian stories. Ratings way down!,f,f,Twitter for iPhone,99155,25523,2017-06-27 12:30:38+00:00,f,1
879663665645056000,"""RT @ericbolling: Good morning friends!  """"The Swamp"""" out today.  President Trump has a copy... get yours here https://t.co/TntLPNCCjR. #maga...""",t,f,Twitter for iPhone,0,5484,2017-06-27 11:32:15+00:00,f,1
879661481360588800,RT @foxandfriends: President Trump officially nominates former Assistant Attorney General Christopher Wray to head the FBI https://t.co/ld7...,t,f,Twitter for iPhone,0,6661,2017-06-27 11:23:35+00:00,f,1
879660494218547202,RT @foxandfriends: Another Dem 'queasy' over claim of Loretta Lynch meddling in Clinton case https://t.co/wdQ9MduxOO,t,f,Twitter for iPhone,0,5466,2017-06-27 11:19:39+00:00,f,1
879655772111679488,RT @foxandfriends: Hannity: Russia allegations 'boomeranging back' on Democrats https://t.co/lvdrpxpcp9,t,f,Twitter for iPhone,0,6496,2017-06-27 11:00:53+00:00,f,1
879655576803913728,RT @foxandfriends: Mark Levin: The collusion is among the Democrats https://t.co/Qrca7r01BI,t,f,Twitter for iPhone,0,5387,2017-06-27 11:00:07+00:00,f,1
879652031799205888,RT @JeffTutorials: @realDonaldTrump  https://t.co/6sDcyiW4Kt,t,f,Twitter for iPhone,0,8760,2017-06-27 10:46:02+00:00,f,1
879648931172556802,"""Wow, CNN had to retract big story on """"Russia,"""" with 3 employees forced to resign. What about all the other phony stories they do? FAKE NEWS!""",f,f,Twitter for iPhone,102147,26396,2017-06-27 10:33:42+00:00,f,1
879527520957325314,"Great day for America's future Security and Safety, courtesy of the U.S. Supreme Court. I will keep fighting for the American people, &amp, WIN!",f,f,Twitter for iPhone,91856,19098,2017-06-27 02:31:16+00:00,f,1
879525817361068032,"""From @FoxNews """"Bombshell: In 2016, Obama dismissed idea that anyone could rig an American election.""""  Check out his statement - Witch Hunt!""",f,f,Twitter for iPhone,60777,14517,2017-06-27 02:24:30+00:00,f,1
879512164553420809,"RT @WhiteHouse: FACT: when #Obamacare was signed, CBO estimated that 23M would be covered in 2017. They were off by 100%. Only 10.3M people...",t,f,Twitter for iPhone,0,9547,2017-06-27 01:30:15+00:00,f,1
879405223399350272,Very grateful for the 9-O decision from the U. S. Supreme Court. We must keep America SAFE!,f,f,Twitter for iPhone,115629,27815,2017-06-26 18:25:18+00:00,f,1
879403082114846722,"RT @WhiteHouse: Today @POTUS will welcome the Prime Minister of India, @narendramodi, to the White House. https://t.co/MIi1ifmdAN",t,f,Twitter for iPhone,0,8068,2017-06-26 18:16:47+00:00,f,1
879402984756711425,RT @WhiteHouse: #Obamacare has led to higher costs and fewer health insurance options for millions of Americans. It has failed the American...,t,f,Twitter for iPhone,0,7575,2017-06-26 18:16:24+00:00,f,1
879326984794517507,"Republican Senators are working very hard to get there, with no help from the Democrats. Not easy! Perhaps just let OCare crash &amp, burn!",f,f,Twitter for iPhone,59306,12269,2017-06-26 13:14:24+00:00,f,1
879324620159160322,"""..under a magnifying glass, they have zero """"tapes"""" of T people colluding. There is no collusion &amp, no obstruction. I should be given apology!""",f,f,Twitter for iPhone,72493,15390,2017-06-26 13:05:01+00:00,f,1
879323238425395200,The real story is that President Obama did NOTHING after being informed in August about Russian meddling. With 4 months looking at Russia...,f,f,Twitter for iPhone,63107,15219,2017-06-26 12:59:31+00:00,f,1
879320905608044544,"""...and did not want to """"rock the boat."""" He didn't """"choke,"""" he colluded or obstructed, and it did the Dems and Crooked Hillary no good.""",f,f,Twitter for iPhone,59180,12715,2017-06-26 12:50:15+00:00,f,1
879317636164841474,The reason that President Obama did NOTHING about Russia after being notified by the CIA of meddling is that he expected Clinton would win..,f,f,Twitter for iPhone,76356,19890,2017-06-26 12:37:16+00:00,f,1
879315860178993152,"The Democrats have become nothing but OBSTRUCTIONISTS, they have no policies or ideas. All they do is delay and complain.They own ObamaCare!",f,f,Twitter for iPhone,68779,16208,2017-06-26 12:30:12+00:00,f,1
878947806442119168,I am on @foxandfriends - Enjoy!,f,t,Twitter for iPhone,29777,4556,2017-06-25 12:07:41+00:00,f,1
878946025662296064,Hillary Clinton colluded with the Democratic Party in order to beat Crazy Bernie Sanders. Is she allowed to so collude? Unfair to Bernie!,f,f,Twitter for iPhone,88090,20962,2017-06-25 12:00:37+00:00,f,1
878717095701336064,I cannot imagine that these very fine Republican Senators would allow the American people to suffer a broken ObamaCare any longer!,f,f,Twitter for iPhone,72431,15632,2017-06-24 20:50:56+00:00,f,1
878715504063643648,"""Obama Administration official said they """"choked"""" when it came to acting on Russian meddling of election. They didn't want to hurt Hillary?""",f,f,Twitter for iPhone,73220,18358,2017-06-24 20:44:36+00:00,f,1
878711517537083392,"Since the Obama Administration was told way before the 2016 Election that the Russians were meddling, why no action? Focus on them, not T!",f,f,Twitter for iPhone,74046,17192,2017-06-24 20:28:46+00:00,f,1
878596457741287424,"Democrats slam GOP healthcare proposal as Obamacare premiums &amp, deductibles increase by over 100%. Remember keep your doctor, keep your plan?",f,f,Twitter for iPhone,67443,16622,2017-06-24 12:51:33+00:00,f,1
878413313188802560,Just out: The Obama Administration knew far in advance of November 8th about election meddling by Russia. Did nothing about it. WHY?,f,f,Twitter for iPhone,86052,24635,2017-06-24 00:43:48+00:00,f,1
878365166538285057,WEEKLY ADDRESS🇺🇸 https://t.co/P1f12i9Gvt,f,f,Twitter Media Studio,41311,9731,2017-06-23 21:32:29+00:00,f,1
878341007103987712,"Today, it was a tremendous honor for me to sign the #VAaccountability Act into law, delivering my campaign promise... https://t.co/G0k8nFWqNj",f,f,Twitter Media Studio,61887,13470,2017-06-23 19:56:29+00:00,f,1
878200921980891136,"I've helped pass and signed 38 Legislative Bills, mostly with no Democratic support, and gotten rid of massive amounts of regulations. Nice!",f,f,Twitter for iPhone,100984,20196,2017-06-23 10:39:50+00:00,f,1
878192867847675904,Will be on @foxandfriends. Enjoy!,f,f,Twitter for iPhone,41106,5167,2017-06-23 10:07:50+00:00,f,1
878085811941539849,RT @foxandfriends: POTUS the predictor? President Trump foretold housing upswing in 2012 https://t.co/N3LMDZKTK1,t,f,Twitter for iPhone,0,3682,2017-06-23 03:02:26+00:00,f,1
878085201494147076,RT @foxnation: .@SenTedCruz: I want to Get to a 'Yes' Vote: https://t.co/g0vafw4ef2,t,t,Twitter for iPhone,0,4312,2017-06-23 03:00:00+00:00,f,1
878078560715538432,".@FLOTUS &amp, I were honored to host our first WH Congressional Picnic. A wonderful evening &amp, tradition. @MarineBand:... https://t.co/h5L4myWmam",f,f,Twitter Media Studio,45962,8125,2017-06-23 02:33:37+00:00,f,1
878031806506848256,We're all thinking of you @SteveScalise! #TeamScalise https://t.co/Yqf6exhm7x,f,f,Twitter for iPhone,47073,9415,2017-06-22 23:27:50+00:00,f,1
878027873650475008,"Together, we are going to MAKE AMERICA GREAT AGAIN!#AmericaFirst🇺🇸 https://t.co/MVJbs44AtR",f,f,Twitter for iPhone,51722,10462,2017-06-22 23:12:12+00:00,f,1
878019881353871360,"I am very supportive of the Senate #HealthcareBill. Look forward to making it really special! Remember, ObamaCare is dead.",f,f,Twitter for iPhone,46133,8778,2017-06-22 22:40:27+00:00,f,1
878013639613186049,"Mexico was just ranked the second deadliest country in the world, after only Syria. Drug trade is largely the cause. We will BUILD THE WALL!",f,f,Twitter for iPhone,117567,34554,2017-06-22 22:15:39+00:00,f,1
878006964072189952,"""As promised, our campaign against the MS-13 gang continues. """"@ICEgov Busts 39 MS-13 Members in New York Operation""""https://t.co/ki41GXeCMy""",f,f,Twitter for iPhone,42687,10129,2017-06-22 21:49:07+00:00,f,1
877932956458795008,"""...whether there are """"tapes"""" or recordings of my conversations with James Comey, but I did not make, and do not have, any such recordings.""",f,f,Twitter for iPhone,46095,10513,2017-06-22 16:55:02+00:00,f,1
877932907137966080,"With all of the recently reported electronic surveillance, intercepts, unmasking and illegal leaking of information, I have no idea...",f,f,Twitter for iPhone,52624,11514,2017-06-22 16:54:50+00:00,f,1
877892883352702976,I certainly hope the Democrats do not force Nancy P out. That would be very bad for the Republican Party - and please let Cryin' Chuck stay!,f,f,Twitter for iPhone,82617,20612,2017-06-22 14:15:48+00:00,f,1
877891129194102785,"...Why did the DNC REFUSE to turn over its Server to the FBI, and still hasn't? It's all a big Dem scam and excuse for losing the election!",f,f,Twitter for iPhone,77610,20383,2017-06-22 14:08:50+00:00,f,1
877889199353077760,...Why did Democratic National Committee turn down the DHS offer to protect against hacks (long prior to election). It's all a big Dem HOAX!,f,f,Twitter for iPhone,61727,15403,2017-06-22 14:01:10+00:00,f,1
877879361130688512,"By the way, if Russia was working so hard on the 2016 Election, it all took place during the Obama Admin. Why didn't they stop them?",f,f,Twitter for iPhone,78898,20742,2017-06-22 13:22:04+00:00,f,1
877878375045447680,"Former Homeland Security Advisor Jeh Johnson is latest top intelligence official to state there was no grand scheme between Trump &amp, Russia.",f,f,Twitter for iPhone,61352,15098,2017-06-22 13:18:09+00:00,f,1
877674738364989440,Thank you Kirkwood Community College. Heading to the U.S. Cellular Center now for an 8pmE MAKE AMERICA GREAT AGAIN... https://t.co/n6LS32a6Zn,f,f,Twitter for iPhone,43095,6948,2017-06-21 23:48:58+00:00,f,1
877663648713330688,Just landed in Iowa. See everyone soon! #MAGA🇺🇸,f,f,Twitter for iPhone,51398,6433,2017-06-21 23:04:54+00:00,f,1
877474368661618688,"Democrats would do much better as a party if they got together with Republicans on Healthcare,Tax Cuts,Security. Obstruction doesn't work!",f,f,Twitter for iPhone,97713,22486,2017-06-21 10:32:46+00:00,f,1
877372660455546880,"Well, the Special Elections are over and those that want to MAKE AMERICA GREAT AGAIN are 5 and O! All the Fake News, all the money spent = 0",f,f,Twitter for iPhone,108273,27539,2017-06-21 03:48:37+00:00,f,1
877363446530007040,Ralph Norman ran a fantastic race to win in the Great State of South Carolina's 5th District. We are all honored by your success tonight!,f,f,Twitter for iPhone,68377,12341,2017-06-21 03:12:00+00:00,f,1
877355739383287808,"Congratulations to Karen Handel on her big win in Georgia 6th. Fantastic job, we are all very proud of you!",f,f,Twitter for iPhone,99294,19846,2017-06-21 02:41:23+00:00,f,1
877353797760286720,"""Thank you @FoxNews """"Huge win for President Trump and GOP in Georgia Congressional Special Election.""""""",f,f,Twitter for iPhone,76537,14661,2017-06-21 02:33:40+00:00,f,1
877350761742688256,Things are looking great for Karen H!,f,f,Twitter for iPhone,57848,7931,2017-06-21 02:21:36+00:00,f,1
877341043171241984,It was a great honor to welcome President Petro Poroshenko of Ukraine to the @WhiteHouse today with @VP Pence.➡️... https://t.co/J1ulOd6pYQ,f,f,Twitter for iPhone,39721,7354,2017-06-21 01:42:59+00:00,f,1
877234140483121152,"While I greatly appreciate the efforts of President Xi &amp, China to help with North Korea, it has not worked out. At least I know China tried!",f,f,Twitter for iPhone,68572,14295,2017-06-20 18:38:11+00:00,f,1
877204691851108353,The U.S. once again condemns the brutality of the North Korean regime as we mourn its latest victim. Video: https://t.co/Rvm11ZbPk7,f,f,Twitter for iPhone,53183,11499,2017-06-20 16:41:10+00:00,f,1
877104262463008771,"KAREN HANDEL FOR CONGRESS. She will fight for lower taxes, great healthcare strong security-a hard worker who will never give up! VOTE TODAY",f,f,Twitter for iPhone,68037,16843,2017-06-20 10:02:06+00:00,f,1
877101828143542272,"RT @SheriffClarke: Happy Father's Day to all dads. My dad. Like father, like son, @realDonaldTrump supporters to the end. He an Airborne Ra...",t,f,Twitter for iPhone,0,9328,2017-06-20 09:52:26+00:00,f,1
877101173412638720,"Democrat Jon Ossoff, who wants to raise your taxes to the highest level and is weak on crime and security, doesn't even live in district.",f,f,Twitter for iPhone,57942,15069,2017-06-20 09:49:50+00:00,f,1
876964061027684352,"""Big day tomorrow in Georgia and South Carolina. ObamaCare is dead. Dems want to raise taxes big! They can only obstruct, no ideas. Vote """"R""""""",f,f,Twitter for iPhone,67937,16269,2017-06-20 00:45:00+00:00,f,1
876952186143506432,RT @joegooding: What's happening in our country isn't just an assault on our @POTUS @realDonaldTrump it's an assault on the American people...,t,f,Twitter for iPhone,0,5229,2017-06-19 23:57:48+00:00,f,1
876951845880688644,RT @FoxNews: New Poll Shows @POTUS Approval at 50 Percenthttps://t.co/FRWlSVvxzQ,t,f,Twitter for iPhone,0,6958,2017-06-19 23:56:27+00:00,f,1
876948721468141573,Melania and I offer our deepest condolences to the family of Otto Warmbier. Full statement: https://t.co/8kmcA6YtFD https://t.co/EhrP4BiJeB,f,f,Twitter for iPhone,60442,14063,2017-06-19 23:44:02+00:00,f,1
876921011668738050,"It was my great honor to welcome President @JC_Varela &amp, Mrs. Varela from Panama this afternoon.🇺🇸🇵🇦➡️... https://t.co/770OJj2uYb",f,f,Twitter for iPhone,32602,5709,2017-06-19 21:53:56+00:00,f,1
876901304207069185,"....because he doesn't even live there! He wants to raise taxes and kill healthcare. On Tuesday, #VoteKarenHandel.",f,f,Twitter for iPhone,36029,8426,2017-06-19 20:35:37+00:00,f,1
876899886272319489,"....because he doesn't live there! He wants to raise taxes &amp, kill healthcare. On Tuesday, #VoteKarenHandel.",f,t,Twitter for iPhone,4996,1458,2017-06-19 08:29:59+00:00,f,1
876899797994790912,Karen Handle's opponent in #GA06 can't even vote in the district he wants to represent....,f,t,Twitter for iPhone,2906,854,2017-06-19 08:29:38+00:00,f,1
876899250071904256,....getting great border security and healthcare. #VoteRalphNorman tomorrow!,f,f,Twitter for iPhone,33461,6474,2017-06-19 20:27:27+00:00,f,1
876899176562524160,"Ralph Norman, who is running for Congress in SC's 5th District, will be a fantastic help to me in cutting taxes, and....",f,f,Twitter for iPhone,44290,10271,2017-06-19 20:27:10+00:00,f,1
876896144944762880,My heartfelt thoughts and prayers are with the 7 @USNavy sailors of the #USSFitzgerald and their families. ➡️... https://t.co/L3u5c8Iymh,f,f,Twitter for iPhone,47067,9988,2017-06-19 20:15:07+00:00,f,1
876778344636928000,"The Dems want to stop tax cuts, good healthcare and Border Security.Their ObamaCare is dead with 100% increases in P's. Vote now for Karen H",f,f,Twitter for iPhone,70328,18076,2017-06-19 12:27:01+00:00,f,1
876771526208626688,Jay Sekulow on @foxandfriends now.,f,t,Twitter for iPhone,5481,1174,2017-06-19 11:59:56+00:00,f,1
876558248631042049,RT @WhiteHouse: Happy Father's Day! https://t.co/32tFoVa4Ov,t,f,Twitter for iPhone,0,6364,2017-06-18 21:52:26+00:00,f,1
876558049565188096,Camp David is a very special place. An honor to have spent the weekend there. Military runs it so well and are so proud of what they do!,f,f,Twitter for iPhone,92057,14533,2017-06-18 21:51:39+00:00,f,1
876552203187736577,"RT @DonaldJTrumpJr: Not surprising at all! Father Of Otto Warmbier: Obama Admin Told Us To Keep Quiet, Trump Admin Brought Him Home  https...",t,f,Twitter for iPhone,0,14322,2017-06-18 21:28:25+00:00,f,1
876546864669237253,"RT @DiamondandSilk: The Media Says:  The President Should Stop Tweeting about Russia.  Well, Why Don't the Media Take Their Own Advice &amp, S...",t,f,Twitter for iPhone,0,11569,2017-06-18 21:07:12+00:00,f,1
876394578777174021,"The new Rasmussen Poll, one of the most accurate in the 2016 Election, just out with a Trump 50% Approval Rating.That's higher than O's #'s!",f,f,Twitter for iPhone,87344,18359,2017-06-18 11:02:04+00:00,f,1
876390681056600066,"...massive regulation cuts, 36 new legislative bills signed, great new S.C.Justice, and Infrastructure, Healthcare and Tax Cuts in works!",f,f,Twitter for iPhone,74612,14317,2017-06-18 10:46:35+00:00,f,1
876388733607694336,"The MAKE AMERICA GREAT AGAIN agenda is doing very well despite the distraction of the Witch Hunt. Many new jobs, high business enthusiasm,..",f,f,Twitter for iPhone,85278,16825,2017-06-18 10:38:51+00:00,f,1
876079184417882116,Thoughts and prayers with the sailors of USS Fitzgerald and their families. Thank you to our Japanese allies for th... https://t.co/BBvmTFxVkk,f,f,Twitter for iPhone,71694,16145,2017-06-17 14:08:48+00:00,f,1
875888479942651909,RT @seanhannity: #Hannity Starts in 30 minutes with @newtgingrich and my monologue on the Deep State’s allies in the media,t,t,Twitter for iPhone,0,5765,2017-06-17 01:31:01+00:00,f,1
875888258407858176,Back from Miami where my Cuban/American friends are very happy with what I signed today. Another campaign promise that I did not forget!,f,f,Twitter for iPhone,87848,16695,2017-06-17 01:30:08+00:00,f,1
875843513761583104,"""""""National Security Presidential Memorandum on Strengthening the Policy of the United States Toward Cuba""""Memorandum... https://t.co/RVr9Dg2hXt""",f,f,Twitter for iPhone,36830,7461,2017-06-16 22:32:20+00:00,f,1
875840132238032897,"""""""Remarks by President Trump on the Policy of the U.S.A. Towards Cuba""""Video: https://t.co/jUWCjgxX5DTranscript:... https://t.co/hILCHbPJet""",f,f,Twitter Media Studio,38850,8395,2017-06-16 22:18:54+00:00,f,1
875732813278048256,Great news! #MAGA https://t.co/pirHR7lAyT,f,f,Twitter for iPhone,60192,14141,2017-06-16 15:12:27+00:00,f,1
875701471999864833,I am being investigated for firing the FBI Director by the man who told me to fire the FBI Director! Witch Hunt,f,f,Twitter for iPhone,128633,39037,2017-06-16 13:07:55+00:00,f,1
875698062030778368,"Despite the phony Witch Hunt going on in America, the economic &amp, jobs numbers are great. Regulations way down, jobs and enthusiasm way up!",f,f,Twitter for iPhone,94024,19595,2017-06-16 12:54:22+00:00,f,1
875690204564258816,The Fake News Media hates when I use what has turned out to be my very powerful Social Media - over 100 million people! I can go around them,f,f,Twitter for iPhone,113105,22882,2017-06-16 12:23:08+00:00,f,1
875682853585129472,"""After 7 months of investigations &amp, committee hearings about my """"collusion with the Russians,""""  nobody has been able to show any proof. Sad!""",f,f,Twitter for iPhone,91588,20055,2017-06-16 11:53:56+00:00,f,1
875500520840060928,#CongressionalBaseballGame⚾️ https://t.co/u8InOJTf6D,f,f,Twitter Media Studio,63526,13541,2017-06-15 23:49:24+00:00,f,1
875468769212149760,"Thank you Wisconsin! Tuesday was a great success for #WorkforceWeek at @WCTC w/ @IvankaTrump &amp, @GovWalker. Remarks... https://t.co/L8o396yYKX",f,f,Twitter Web Client,41498,7455,2017-06-15 21:43:14+00:00,f,1
875441788110110727,"Crooked H destroyed phones w/ hammer, 'bleached' emails, &amp, had husband meet w/AG days before she was cleared- &amp, they talk about obstruction?",f,f,Twitter for iPhone,127567,43035,2017-06-15 19:56:01+00:00,f,1
875438639823675392,"Why is that Hillary Clintons family and Dems dealings with Russia are not looked at, but my non-dealings are?",f,f,Twitter for iPhone,102928,28865,2017-06-15 19:43:31+00:00,f,1
875321478849363968,You are witnessing the single greatest WITCH HUNT in American political history - led by some very bad and conflicted people!  #MAGA,f,f,Twitter for iPhone,100523,28013,2017-06-15 11:57:57+00:00,f,1
875305788708974592,"They made up a phony collusion with the Russians story, found zero proof, so now they go for obstruction of justice on the phony story. Nice",f,f,Twitter for iPhone,118226,32612,2017-06-15 10:55:37+00:00,f,1
875166406417010688,"Just left hospital. Rep. Steve Scalise, one of the truly great people, is in very tough shape - but he is a real fighter. Pray for Steve!",f,f,Twitter for iPhone,164722,32745,2017-06-15 01:41:45+00:00,f,1
874991696186142721,"Happy birthday to U.S. ARMY and our soldiers. Thank you for your bravery, sacrifices, &amp, dedication. Proud to be your Commander-in-Chief!",f,f,Twitter for iPhone,121145,23706,2017-06-14 14:07:31+00:00,f,1
874971795362897921,"Rep. Steve Scalise of Louisiana, a true friend and patriot, was badly injured but will fully recover. Our thoughts and prayers are with him.",f,f,Twitter for iPhone,119010,26083,2017-06-14 12:48:26+00:00,f,1
874822136782880768,"Just got back from Wisconsin. Great day, great people!",f,f,Twitter for iPhone,71742,9389,2017-06-14 02:53:45+00:00,f,1
874821262987730944,RT @TuckerCarlson: .@RichardGrenell : @realDonaldTrump told Tillerson he had the full support of the U.S. Gov't to bring #OttoWarmbier home...,t,f,Twitter for iPhone,0,5499,2017-06-14 02:50:17+00:00,f,1
874767922295705600,The passage of the @DeptVetAffairs Accountability and Whistleblower Protection Act is GREAT news for veterans! I lo... https://t.co/k45aci25BT,f,f,Twitter for iPhone,48354,10937,2017-06-13 23:18:19+00:00,f,1
874728484475744257,"Just arrived in Wisconsin to discuss JOBS, JOBS, JOBS! #MAGA🇺🇸 https://t.co/lEJ9S817yb",f,f,Twitter for iPhone,56435,10060,2017-06-13 20:41:37+00:00,f,1
874626492310978564,"2 million more people just dropped out of ObamaCare. It is in a death spiral. Obstructionist Democrats gave up, have no answer = resist!",f,f,Twitter for iPhone,68755,16743,2017-06-13 13:56:20+00:00,f,1
874619861019840512,"Heading to the Great State of Wisconsin to talk about JOBS, JOBS, JOBS! Big progress being made as the Real News is reporting.",f,f,Twitter for iPhone,57017,10298,2017-06-13 13:29:59+00:00,f,1
874609480301936640,Fake News is at an all time high. Where is their apology to me for all of the incorrect stories???,f,f,Twitter for iPhone,78749,18022,2017-06-13 12:48:44+00:00,f,1
874608587473080320,A.G. Lynch made law enforcement decisions for political purposes...gave Hillary Clinton a free pass and protection. Totally illegal!,f,f,Twitter for iPhone,78493,22579,2017-06-13 12:45:11+00:00,f,1
874599130018054145,RT @Corrynmb: @realDonaldTrump Liberals have an agenda and it's not in America's best interest. Keep fighting the good fight! We stand with...,t,f,Twitter for iPhone,0,15177,2017-06-13 12:07:36+00:00,f,1
874578159676665857,"Well, as predicted, the 9th Circuit did it again - Ruled against the TRAVEL BAN at such a dangerous time in the history of our country. S.C.",f,f,Twitter for iPhone,55241,13337,2017-06-13 10:44:16+00:00,f,1
874576057579565056,The Fake News Media has never been so wrong or so dirty. Purposely incorrect stories and phony sources to meet their agenda of hate. Sad!,f,f,Twitter for iPhone,79991,19476,2017-06-13 10:35:55+00:00,f,1
874418514240688129,Congratulations to the 2016 @ClemsonFB Tigers!Full ceremony: https://t.co/syJUGoMhHJ#NationalChampions🏈 https://t.co/F23NZoX2BI,f,f,Twitter Web Client,39478,7913,2017-06-13 00:09:54+00:00,f,1
874373283919089664,"Finally held our first full @Cabinet meeting today. With this great team, we can restore American prosperity and br... https://t.co/b0roksHTFE",f,f,Twitter Ads,62912,13303,2017-06-12 21:10:10+00:00,f,1
874325287143604224,Congratulations! 'First New Coal Mine of Trump Era Opens in Pennsylvania' https://t.co/aIRllxNLQA,f,f,Twitter for iPhone,58525,13568,2017-06-12 17:59:27+00:00,f,1
874309930232184833,We will NEVER FORGET the victims who lost their lives one year ago today in the horrific #PulseNightClub shooting.... https://t.co/7lZGgDJkxZ,f,f,Twitter for iPhone,75178,17708,2017-06-12 16:58:25+00:00,f,1
874218586155479040,Ivanka on @foxandfriends now!,f,f,Twitter for iPhone,37975,3973,2017-06-12 10:55:27+00:00,f,1
874087477807599616,"Great numbers on the economy. All of our work, including the passage of many bills &amp, regulation killing Executive Orders, now kicking in!",f,f,Twitter for iPhone,74366,15131,2017-06-12 02:14:29+00:00,f,1
874086142425083904,RT @foxandfriends: .@GeraldoRivera: Chances of impeachment went from 3% to 0% with Comey's testimony https://t.co/kfeXKdpJGe,t,f,Twitter for iPhone,0,6115,2017-06-12 02:09:10+00:00,f,1
874085723762286592,"""RT @foxandfriends: """"Yesterday's hearings provided zero evidence of collusion between our campaign and the Russians because there wasn't any...""",t,f,Twitter for iPhone,0,4524,2017-06-12 02:07:30+00:00,f,1
873884774041079808,"The Democrats have no message,  not on economics, not on taxes,  not on jobs, not on failing #Obamacare. They are only OBSTRUCTIONISTS!",f,f,Twitter for iPhone,92373,24175,2017-06-11 12:49:00+00:00,f,1
873879934040780801,I believe the James Comey leaks will be far more prevalent than anyone ever thought possible. Totally illegal? Very 'cowardly!',f,f,Twitter for iPhone,79775,19444,2017-06-11 12:29:46+00:00,f,1
873878232264822784,"...way up. Regulations way down. 600,000+ new jobs added. Unemployment down to 4.3%. Business and economic enthusiasm way up- record levels!",f,f,Twitter for iPhone,74627,15119,2017-06-11 12:23:01+00:00,f,1
873878061778907137,"The #FakeNews MSM doesn't report the great economic news since Election Day. #DOW up 16%. #NASDAQ up 19.5%. Drilling &amp, energy sector...",f,f,Twitter for iPhone,83364,19465,2017-06-11 12:22:20+00:00,f,1
873643935993708544,America is going to build again. Under budget and ahead of schedule. Time to put #AmericaFirst! #InfrastructureWeek... https://t.co/D5TbbjXcN3,f,f,Twitter Ads,67340,15745,2017-06-10 20:52:00+00:00,f,1
873353586025132038,"Time to start building in our country, with American workers &amp, with American iron, aluminum &amp, steel. It is time to... https://t.co/rGZCRyeCMZ",f,f,Twitter Ads,79626,17403,2017-06-10 01:38:15+00:00,f,1
873311842956914688,"It is time to rebuild OUR country, to bring back OUR jobs, to restore OUR dreams, &amp, yes, to put #AmericaFirst! TY O... https://t.co/2b2bXwxGkA",f,f,Twitter Web Client,77553,17413,2017-06-09 22:52:23+00:00,f,1
873250570508922880,A great honor to host and welcome leaders from around America to the @WhiteHouse Infrastructure Summit.... https://t.co/5f6cN3HboQ,f,f,Twitter Web Client,50950,9878,2017-06-09 18:48:54+00:00,f,1
873245481488535554,"An honor to join the @FaithandFreedom Coalition yesterday. In America, we don't worship government. We worship God.... https://t.co/1ds8BrzUQe",f,f,Twitter Web Client,51365,12241,2017-06-09 18:28:41+00:00,f,1
873183401620230144,"Congratulations to Jeb Hensarling &amp, Republicans on successful House vote to repeal major parts of the 2010 Dodd-Frank financial law. GROWTH!",f,f,Twitter for iPhone,67111,13540,2017-06-09 14:22:00+00:00,f,1
873180518493429765,RT @AlanDersh: We should stop talking about obstruction of justice. No plausible case. We must distinguish crimes from pol sins https://t.c...,t,f,Twitter for iPhone,0,11583,2017-06-09 14:10:33+00:00,f,1
873131235614347264,Great reporting by @foxandfriends and so many others. Thank you!,f,f,Twitter for iPhone,72059,11662,2017-06-09 10:54:43+00:00,f,1
873120139222306817,"Despite so many false statements and lies, total and complete vindication...and WOW, Comey is a leaker!",f,f,Twitter for iPhone,104596,29083,2017-06-09 10:10:37+00:00,f,1
872427222392504320,"Getting ready to leave for Cincinnati, in the GREAT STATE of OHIO, to meet with ObamaCare victims and talk Healthcare &amp, also Infrastructure!",f,f,Twitter for iPhone,75657,13480,2017-06-07 12:17:13+00:00,f,1
872419018799550464,"I will be nominating Christopher A. Wray, a man of impeccable credentials, to be the new Director of the FBI. Details to follow.",f,f,Twitter for iPhone,81666,19893,2017-06-07 11:44:37+00:00,f,1
872258719404482561,Senate passed the VA Accountability Act. The House should get this bill to my desk ASAP! We can’t tolerate substandard care for our vets.,f,f,Twitter for iPhone,86929,19692,2017-06-07 01:07:39+00:00,f,1
872253002266161153,#ICYMI: Announcement of Air Traffic Control Initiative Watch➡️https://t.co/IMiZr22gAw,f,f,Twitter for iPhone,35021,6061,2017-06-07 00:44:56+00:00,f,1
872243414930264065,"Great meeting with @HouseGOP and @SenateGOP leaders, including @SpeakerRyan, @SenateMajLdr, @GOPLeader, @JohnCornyn... https://t.co/G03W8CEtCS",f,f,Twitter Ads,37918,7300,2017-06-07 00:06:50+00:00,f,1
870355056327000065,Join me live at the @WhiteHouse.➡️https://t.co/9VOb99W42r https://t.co/sjb5VHLHYH,f,f,Twitter for iPhone,32528,5715,2017-06-01 19:03:10+00:00,f,1
872147965451882496,Today we remember the courage and bravery of our troops that stormed the beaches of Normandy 73 years ago. #DDay... https://t.co/zhR24dMzYB,f,f,Twitter for iPhone,84376,21309,2017-06-06 17:47:33+00:00,f,1
872086906804240384,"...extremism, and all reference was pointing to Qatar. Perhaps this will be the beginning of the end to the horror of terrorism!",f,f,Twitter for iPhone,57988,23380,2017-06-06 13:44:55+00:00,f,1
872084870620520448,So good to see the Saudi Arabia visit with the King and 50 countries already paying off. They said they would take a hard line on funding...,f,f,Twitter for iPhone,56672,20252,2017-06-06 13:36:50+00:00,f,1
872064426568036353,"Sorry folks, but if I would have relied on the Fake News of CNN, NBC, ABC, CBS, washpost or nytimes, I would have had ZERO chance winning WH",f,f,Twitter for iPhone,88983,20496,2017-06-06 12:15:36+00:00,f,1
872062159789985792,During my recent trip to the Middle East I stated that there can no longer be funding of Radical Ideology. Leaders pointed to Qatar - look!,f,f,Twitter for iPhone,64887,33255,2017-06-06 12:06:35+00:00,f,1
872059997429022722,The FAKE MSM is working so hard trying to get me not to use Social Media. They hate that I can get the honest and unfiltered message out.,f,f,Twitter for iPhone,93562,21850,2017-06-06 11:58:00+00:00,f,1
872043300949295104,Big meeting today with Republican leadership concerning Tax Cuts and Healthcare. We are all pushing hard - must get it right!,f,f,Twitter for iPhone,60722,10297,2017-06-06 10:51:39+00:00,f,1
872041195618349056,"RT @foxandfriends: FOX NEWS ALERT: ISIS claims responsibility for hostage siege in Melbourne, Australia that killed 1 person and injured 3...",t,f,Twitter for iPhone,0,6685,2017-06-06 10:43:17+00:00,f,1
872040726120550404,RT @foxandfriends: Sen. Ted Cruz: Trump's air traffic control plan is a 'win-win' for Democrats and Republicans https://t.co/TsggUEfOO2,t,f,Twitter for iPhone,0,5544,2017-06-06 10:41:25+00:00,f,1
871899511525961728,"That's right, we need a TRAVEL BAN for certain DANGEROUS countries, not some politically correct term that won't help us protect our people!",f,f,Twitter for iPhone,100801,24757,2017-06-06 01:20:17+00:00,f,1
871840367070412800,"Today, I announced an Air Traffic Control Initiative to take American air travel into the future - finally!➡️... https://t.co/NIIorkSRJN",f,f,Twitter Ads,50346,10239,2017-06-05 21:25:16+00:00,f,1
871830255396192256,.@SecShulkin's decision is one of the biggest wins for our VETERANS in decades. Our HEROES deserve the best! ➡️... https://t.co/RnNp9q7Tdh,f,f,Twitter Ads,36551,7724,2017-06-05 20:45:05+00:00,f,1
871725780535062528,"""Pathetic excuse by London Mayor Sadiq Khan who had to think fast on his """"no reason to be alarmed"""" statement. MSM is working hard to sell it!""",f,f,Twitter for iPhone,77589,22226,2017-06-05 13:49:56+00:00,f,1
871722020278587393,".@foxandfriends  Dems are taking forever to approve my people, including Ambassadors. They are nothing but OBSTRUCTIONISTS! Want approvals.",f,f,Twitter for iPhone,66857,16785,2017-06-05 13:35:00+00:00,f,1
871679061847879682,In any event we are EXTREME VETTING people coming into the U.S. in order to help keep our country safe. The courts are slow and political!,f,f,Twitter for iPhone,74751,15784,2017-06-05 10:44:18+00:00,f,1
871677472202477568,"The Justice Dept. should ask for an expedited hearing of the watered down Travel Ban before the Supreme Court - &amp, seek much tougher version!",f,f,Twitter for iPhone,54989,11657,2017-06-05 10:37:59+00:00,f,1
871675245043888128,"The Justice Dept. should have stayed with the original Travel Ban, not the watered down, politically correct version they submitted to S.C.",f,f,Twitter for iPhone,59471,12064,2017-06-05 10:29:08+00:00,f,1
871674214356484096,"People, the lawyers and the courts can call it whatever they want, but I am calling it what we need and what it is, a TRAVEL BAN!",f,f,Twitter for iPhone,74439,17109,2017-06-05 10:25:02+00:00,f,1
871331574649901056,Do you notice we are not having a gun debate right now? That's because they used knives and a truck!,f,f,Twitter for iPhone,138238,39013,2017-06-04 11:43:30+00:00,f,1
871328428963901440,"""At least 7 dead and 48 wounded in terror attack and Mayor of London says there is """"no reason to be alarmed!""""""",f,f,Twitter for iPhone,134291,49871,2017-06-04 11:31:00+00:00,f,1
871325606901895168,We must stop being politically correct and get down to the business of security for our people. If we don't get smart it will only get worse,f,f,Twitter for iPhone,206161,59973,2017-06-04 11:19:47+00:00,f,1
871145660036378624,"Whatever the United States can do to help out in London and the U. K., we will be there - WE ARE WITH YOU. GOD BLESS!",f,f,Twitter for iPhone,225647,52309,2017-06-03 23:24:45+00:00,f,1
871143765473406976,"We need to be smart, vigilant and tough. We need the courts to give us back our rights. We need the Travel Ban as an extra level of safety!",f,f,Twitter for iPhone,148738,42167,2017-06-03 23:17:13+00:00,f,1
871139911298101248,RT @DRUDGE_REPORT: Fears of new terror attack after van 'mows down 20 people' on London Bridge...,t,t,Twitter for iPhone,0,7666,2017-06-03 11:01:54+00:00,f,1
871087981225926656,#WeeklyAddress🇺🇸 https://t.co/DNzRZiKxhd,f,f,Twitter Ads,44014,9802,2017-06-03 19:35:33+00:00,f,1
870709271477932032,#MakeAmericaGreatAgain🇺🇸https://t.co/eJxeVZ3A1r,f,f,Twitter for iPhone,66555,13131,2017-06-02 18:30:41+00:00,f,1
870590911222349824,RT @EricTrump: #MakeAmericaGreatAgain!!! 🇺🇸🇺🇸 https://t.co/MStWl628xe,t,f,Twitter for iPhone,0,8888,2017-06-02 10:40:22+00:00,f,1
870589692294647808,RT @HeyTammyBruce: Coming up at 720a ET on @foxandfriends! See you there! 🇺🇸 #maga,t,f,Twitter for iPhone,0,1576,2017-06-02 10:35:32+00:00,f,1
870589482675916800,RT @LindseyGrahamSC: I support President Trump’s desire to re-enter the Paris Accord after the agreement becomes a better deal for America...,t,f,Twitter for iPhone,0,5980,2017-06-02 10:34:42+00:00,f,1
870589212978032640,"RT @Reince45: Promise kept. @POTUS exits flawed #ParisAccord to seek better deal for U.S. workers &amp, economy. This WH will always put #Ameri...",t,t,Twitter for iPhone,0,9027,2017-06-02 10:33:37+00:00,f,1
870588968475275264,RT @GOPLeader: .@POTUS made the right call in leaving a deal that would have put an unnecessary burden on the United States. https://t.co/q...,t,f,Twitter for iPhone,0,6481,2017-06-02 10:32:39+00:00,f,1
870588844793581569,RT @Jim_Jordan: President Trump did the right thing by withdrawing us from Paris treaty - it would hurt American companies and American wor...,t,f,Twitter for iPhone,0,7491,2017-06-02 10:32:10+00:00,f,1
870588565595578370,"RT @VP: Our President is choosing to put American jobs, American consumers, American energy, and American industry first. https://t.co/y2Op...",t,f,Twitter for iPhone,0,7723,2017-06-02 10:31:03+00:00,f,1
870582867084050432,RT @foxandfriends: Wall Street hits record highs after Trump pulls out of Climate pact https://t.co/PDmwj13Lus,t,f,Twitter for iPhone,0,7691,2017-06-02 10:08:24+00:00,f,1
870445001125355522,MAKE AMERICA GREAT AGAIN!,f,f,Twitter for iPhone,137172,38073,2017-06-02 01:00:35+00:00,f,1
870412262900740096,My job as President is to do everything within my power to give America a level playing field. #AmericaFirst🇺🇸➡️... https://t.co/hL7OwbWzyi,f,f,Twitter Ads,78858,18024,2017-06-01 22:50:29+00:00,f,1
870234811616677889,"""The big story is the """"unmasking and surveillance"""" of people that took place during the Obama Administration.""",f,f,Twitter for iPhone,77025,20275,2017-06-01 11:05:21+00:00,f,1
870083798981111808,"I will be announcing my decision on Paris Accord, Thursday at 3:00 P.M.  The White House Rose Garden.  MAKE AMERICA GREAT AGAIN!",f,f,Twitter for iPhone,66560,13912,2017-06-01 01:05:17+00:00,f,1
870077441401905152,"Crooked Hillary Clinton now blames everybody but herself, refuses to say she was a terrible candidate. Hits Facebook &amp, even Dems &amp, DNC.",f,f,Twitter for iPhone,95167,22838,2017-06-01 00:40:01+00:00,f,1
870035383458963456,"It was an honor to welcome the Prime Minister of Vietnam, Nguyễn Xuân Phúc to the @WhiteHouse this afternoon. https://t.co/6YbrIvJUCY",f,f,Twitter for iPhone,36908,5931,2017-05-31 21:52:54+00:00,f,1
870008165827575808,"We traveled the world to strengthen long-standing alliances, and to form new partnerships. See more at:... https://t.co/FT4kyPoAl0",f,f,Twitter Ads,50951,10611,2017-05-31 20:04:45+00:00,f,1
869903459511918592,I will be announcing my decision on the Paris Accord over the next few days. MAKE AMERICA GREAT AGAIN!,f,f,Twitter for iPhone,60658,11061,2017-05-31 13:08:41+00:00,f,1
869902591005741056,"Hopefully Republican Senators, good people all, can quickly get together and pass a new (repeal &amp, replace) HEALTHCARE bill. Add saved $'s.",f,f,Twitter for iPhone,55551,9899,2017-05-31 13:05:14+00:00,f,1
869874798087819264,"Kathy Griffin should be ashamed of herself. My children, especially my 11 year old son, Barron, are having a hard time with this. Sick!",f,f,Twitter for iPhone,162687,42065,2017-05-31 11:14:48+00:00,f,1
869867413776601088,"""...case against him &amp, now wants to clear his name by showing """"the false or misleading testimony by James Comey, John Brennan..."""" Witch Hunt!""",f,f,Twitter for iPhone,49591,10302,2017-05-31 10:45:27+00:00,f,1
869865463584620544,"So now it is reported that the Democrats, who have excoriated Carter Page about Russia, don't want him to testify. He blows away their....",f,f,Twitter for iPhone,46768,10984,2017-05-31 10:37:42+00:00,f,1
869858333477523458,"""Who can figure out the true meaning of """"covfefe"""" ???  Enjoy!""",f,f,Twitter for iPhone,177291,68046,2017-05-31 10:09:22+00:00,f,1
869766994899468288,Despite the constant negative press covfefe,f,t,Twitter for iPhone,162788,127507,2017-05-31 04:06:25+00:00,f,1
869554306806157312,"RT @foxandfriends: Jared Kushner didn't suggest Russian communications channel in meeting, source says https://t.co/nF6bM1FEt1",t,f,Twitter for iPhone,0,5979,2017-05-30 14:01:16+00:00,f,1
869554194658844673,RT @Scavino45: President Trump pays respects and  delivers #MemorialDay remarks at Arlington National Cemetery. https://t.co/D5rl948J6u,t,f,Twitter for iPhone,0,5028,2017-05-30 14:00:50+00:00,f,1
869553853750013953,"The U.S. Senate should switch to 51 votes, immediately, and get Healthcare and TAX CUTS approved, fast and easy. Dems would do it, no doubt!",f,f,Twitter for iPhone,64953,15802,2017-05-30 13:59:28+00:00,f,1
869509894688387072,"Russian officials must be laughing at the U.S. &amp, how a lame excuse for why the Dems lost the election has taken over the Fake News.",f,f,Twitter for iPhone,71719,17293,2017-05-30 11:04:48+00:00,f,1
869503804307275776,"We have a MASSIVE trade deficit with Germany, plus they pay FAR LESS than they should on NATO &amp, military. Very bad for U.S. This will change",f,f,Twitter for iPhone,74449,18201,2017-05-30 10:40:36+00:00,f,1
869170615881793536,I look forward to paying my respects to our brave men and women on this Memorial Day at Arlington National Cemetery later this morning.,f,f,Twitter for iPhone,77818,11909,2017-05-29 12:36:37+00:00,f,1
869170351049240576,"Today we remember the men and women who made the ultimate sacrifice in serving. Thank you, God bless your families &amp, God bless the USA!",f,f,Twitter for iPhone,129280,29578,2017-05-29 12:35:34+00:00,f,1
869166145894535169,"North Korea has shown great disrespect for their neighbor, China, by shooting off yet another ballistic missile...but China is trying hard!",f,f,Twitter for iPhone,55012,9966,2017-05-29 12:18:52+00:00,f,1
869164414662049793,"Honoring the men and women who made the ultimate sacrifice in service to America. Home of the free, because of the brave. #MemorialDay🇺🇸",f,f,Twitter for iPhone,90380,21594,2017-05-29 12:11:59+00:00,f,1
868985285207629825,"The Fake News Media works hard at disparaging &amp, demeaning my use of social media because they don't want America to hear the real story!",f,f,Twitter for iPhone,97049,23520,2017-05-29 00:20:11+00:00,f,1
868981969664843777,"The massive TAX CUTS/REFORM that I have submitted is moving along in the process very well, actually ahead of schedule. Big benefits to all!",f,f,Twitter for iPhone,63451,12570,2017-05-29 00:07:01+00:00,f,1
868979531641741313,I suggest that we add more dollars to Healthcare and make it the best anywhere. ObamaCare is dead - the Republicans will do much better!,f,f,Twitter for iPhone,59297,10833,2017-05-28 23:57:19+00:00,f,1
868840252227674113,British Prime Minister May was very angry that the info the U.K. gave to U.S. about Manchester was leaked. Gave me full details!,f,f,Twitter for iPhone,58527,13296,2017-05-28 14:43:53+00:00,f,1
868810522942164993,"Does anyone notice how the Montana Congressional race was such a big deal to Dems &amp, Fake News until the Republican won? V was poorly covered",f,f,Twitter for iPhone,58616,11659,2017-05-28 12:45:45+00:00,f,1
868810404335673344,....it is very possible that those sources don't exist but are made up by fake news writers. #FakeNews is the enemy!,f,f,Twitter for iPhone,49725,10396,2017-05-28 12:45:16+00:00,f,1
868809214365487104,"Does anyone notice how the Montana Congressional race was such a big deal to Dems &amp, Fake News until the Republican won? V was poorly covered",f,t,Twitter for iPhone,3463,848,2017-05-28 12:40:33+00:00,f,1
868807940744126464,....it is very possible that those sources don't exsist but are made up by fake news writers. #FakeNews is the enemy!,f,t,Twitter for iPhone,5484,1502,2017-05-28 12:35:29+00:00,f,1
868807754231820291,"Whenever you see the words 'sources say' in the fake news media, and they don't mention names....",f,f,Twitter for iPhone,64790,14946,2017-05-28 12:34:44+00:00,f,1
868807327130025984,It is my opinion that many of the leaks coming out of the White House are fabricated lies made up by the #FakeNews media.,f,f,Twitter for iPhone,59920,13837,2017-05-28 12:33:03+00:00,f,1
868801710038372352,Just returned from Europe. Trip was a great success for America. Hard work but big results!,f,f,Twitter for iPhone,69290,11346,2017-05-28 12:10:43+00:00,f,1
868799536420065281,Big win in Montana for Republicans!,f,f,Twitter for iPhone,53173,7547,2017-05-28 12:02:05+00:00,f,1
868798339676086273,Big win in Montana for Republicans! We,f,t,Twitter for iPhone,1878,428,2017-05-28 11:57:20+00:00,f,1
868798339671830529,"Just arrived in Italy after having a very successful NATO meeting in Brussels. Told other nations they must pay more, not fair to  U.S.",f,t,Twitter for iPhone,1889,416,2017-05-28 11:57:20+00:00,f,1
868517059407335424,"Bringing hundreds of billions of dollars back to the U.S.A. from the Middle East - which will mean JOBS, JOBS, JOBS!",f,f,Twitter for iPhone,77613,19532,2017-05-27 17:19:37+00:00,f,1
868502563347451904,I look forward to reading the @CommerceGov 232 analysis of steel and aluminum- to be released in June. Will take major action if necessary.,f,f,Twitter for iPhone,35954,6215,2017-05-27 16:22:01+00:00,f,1
868501423566315520,"""....""""we push for the removal of all trade-distorting practices....to foster a truly level playing field.""""""",f,f,Twitter for iPhone,34862,5963,2017-05-27 16:17:30+00:00,f,1
868501243823575040,"Just left the #G7Summit. Had great meetings on everything, especially on trade where....",f,f,Twitter for iPhone,39347,6389,2017-05-27 16:16:47+00:00,f,1
868441116726710272,I will make my final decision on the Paris Accord next week!,f,f,Twitter for iPhone,45093,8389,2017-05-27 12:17:51+00:00,f,1
868407229380268033,"Many NATO countries have agreed to step up payments considerably, as they should. Money is beginning to pour in- NATO will be much stronger.",f,f,Twitter for iPhone,63901,13206,2017-05-27 10:03:12+00:00,f,1
868406076995235840,"Big G7 meetings today. Lots of very important matters under discussion. First on the list, of course, is terrorism. #G7Taormina",f,f,Twitter for iPhone,42964,7560,2017-05-27 09:58:37+00:00,f,1
868205058743250944,"On behalf of @FLOTUS Melania and myself, thank you for a wonderful dinner and evening, President Sergio Mattarella.... https://t.co/EhvWgjkRrY",f,f,Twitter for iPhone,53282,9696,2017-05-26 20:39:51+00:00,f,1
868201805934678017,"Terrorists are engaged in a war against civilization- it is up to all who value life to confront &amp, defeat this evil➡️https://t.co/haeuvCIF6I",f,f,Twitter for iPhone,62849,16346,2017-05-26 20:26:55+00:00,f,1
868047612301148160,"Getting ready to engage G7 leaders on many issues including economic growth, terrorism, and security.",f,f,Twitter for iPhone,53137,8968,2017-05-26 10:14:12+00:00,f,1
868047480847568896,Just arrived in Italy for the G7. Trip has been very successful. We made and saved the USA many billions of dollars and millions of jobs.,f,f,Twitter for iPhone,61135,11033,2017-05-26 10:13:41+00:00,f,1
867874154497937408,Just arrived in Taormina with @FLOTUS Melania. #G7Summit #USA🇺🇸 https://t.co/l7aXolKBiK,f,f,Twitter for iPhone,46363,7928,2017-05-25 22:44:57+00:00,f,1
867834190078906370,"Thank you for your support. Together, we will MAKE AMERICA SAFE AND GREAT AGAIN!#POTUSAbroad #USA🇺🇸 https://t.co/42vCwr5GkA",f,f,Twitter for iPhone,61822,13322,2017-05-25 20:06:09+00:00,f,1
867801005018230786,Today's ceremony is a day for both remembrance and resolve.#NATOMeeting #NATO https://t.co/YNZV3bTekB,f,f,Twitter Ads,42950,9071,2017-05-25 17:54:17+00:00,f,1
867750567220715521,"RT @FLOTUS: Thank u to Queen Fabiola University Hospital! Enjoyed creating paper flowers with amazing patients &amp, getting a tour. #Brussels...",t,f,Twitter for iPhone,0,8271,2017-05-25 14:33:51+00:00,f,1
867473100434161664,"Thank you for the warm welcome to Brussels, Belgium this afternoon! https://t.co/1AvYSameD4",f,f,Twitter for iPhone,49163,8850,2017-05-24 20:11:18+00:00,f,1
867354520526872576,Honor of a lifetime to meet His Holiness Pope Francis. I leave the Vatican more determined than ever to pursue PEAC... https://t.co/Jhe7SROaxD,f,f,Twitter for iPhone,95623,20769,2017-05-24 12:20:07+00:00,f,1
867047119974170625,All civilized nations must join together to protect human life and the sacred right of our citizens to live in safety and in peace.,f,f,Twitter for iPhone,101961,24069,2017-05-23 15:58:37+00:00,f,1
867044286352809984,"Israel, Saudi Arabia and the Middle East were great. Trying hard for PEACE. Doing well. Heading to Vatican &amp, Pope, then #G7 and #NATO.",f,f,Twitter for iPhone,57436,10015,2017-05-23 15:47:21+00:00,f,1
867043258932875264,"Thank you for such a wonderful and unforgettable visit, Prime Minister @Netanyahu and @PresidentRuvi.",f,f,Twitter for iPhone,51967,7839,2017-05-23 15:43:16+00:00,f,1
866988278184116224,We stand in absolute solidarity with the people of the United Kingdom. https://t.co/X6fUUxxYXE,f,f,Twitter for iPhone,120694,27416,2017-05-23 12:04:48+00:00,f,1
866749195297976320,"Prime Minister @Netanyahu and @PresidentRuvi- on behalf of @FLOTUS Melania and myself, thank you for the invitation... https://t.co/Z5YCpaRV6t",f,f,Twitter for iPhone,57380,11015,2017-05-22 20:14:46+00:00,f,1
866411249092902912,#RiyadhSummit #POTUSAbroad🇺🇸 https://t.co/WdDEOiV6oS,f,f,Twitter for iPhone,52946,14558,2017-05-21 21:51:53+00:00,f,1
866334629036384256,Speech transcript at Arab Islamic American Summit ➡️https://t.co/eUWxJXJxbeReplay ➡️https://t.co/VtmlSqciXx#RiyadhSummit #POTUSAbroad,f,f,Twitter for iPhone,36511,9211,2017-05-21 16:47:25+00:00,f,1
866251096649588738,RT @FLOTUS: I had a wonderful time with the students at the American International School #Riyadh today. #SaudiaArabia https://t.co/AVzVV0W...,t,f,Twitter for iPhone,0,16290,2017-05-21 11:15:30+00:00,f,1
865957909565366272,"Thank you to the BRAVE servicemen &amp, women who have served, and continue to serve the United States- our true HEROES... https://t.co/ZTV9F639xM",f,f,Twitter for iPhone,66950,15659,2017-05-20 15:50:29+00:00,f,1
865865814099939328,"Great to be in Riyadh, Saudi Arabia. Looking forward to the afternoon and evening ahead. #POTUSAbroad https://t.co/JJOra0KfyR",f,f,Twitter for iPhone,73342,47566,2017-05-20 09:44:31+00:00,f,1
865692565454106624,#WeeklyAddress🇺🇸➡️https://t.co/UYEhgch4Hl https://t.co/HIQoFuc5cy,f,f,Twitter for iPhone,30563,5633,2017-05-19 22:16:06+00:00,f,1
865573793531478017,Getting ready for my big foreign trip. Will be strongly protecting American interests - that's what I like to do!,f,f,Twitter for iPhone,91271,16258,2017-05-19 14:24:08+00:00,f,1
865387523371143168,"""""""President Donald J. Trump Proclaims 5/14/2017 through 5/20/2017 as #PoliceWeek""""Proclamation➡️... https://t.co/EcCsGaizWu""",f,f,Twitter for iPhone,47601,10152,2017-05-19 02:03:58+00:00,f,1
865337513245913089,A great honor to welcome President Juan Manuel Santos of Colombia to the White House today!🇺🇸🇨🇴Joint Press Conf➡️... https://t.co/uWfiQEdsaY,f,f,Twitter Ads,44209,8142,2017-05-18 22:45:15+00:00,f,1
865207118785372160,"With all of the illegal acts that took place in the Clinton campaign &amp, Obama Administration, there was never a special counsel appointed!",f,f,Twitter for iPhone,89204,24383,2017-05-18 14:07:06+00:00,f,1
865173176854204416,This is the single greatest witch hunt of a politician in American history!,f,f,Twitter for iPhone,102030,29104,2017-05-18 11:52:14+00:00,f,1
865169927644340224,"With all of the illegal acts that took place in the Clinton campaign &amp, Obama Administration, there was never a special councel appointed!",f,t,Twitter for iPhone,43793,14300,2017-05-18 11:39:19+00:00,f,1
864942610191978496,It was my great honor to deliver the #CGACommencement17 at the @USCGAcademy. CONGRATULATIONS to the Class of 2017!... https://t.co/ehQanQXiSy,f,f,Twitter Ads,58831,10836,2017-05-17 20:36:02+00:00,f,1
864565791076872192,"It was a great honor to welcome the President of Turkey, Recep Tayyip Erdoğan, to the @WhiteHouse today! https://t.co/4BWjOCgnNv",f,f,Twitter Ads,62615,15371,2017-05-16 19:38:42+00:00,f,1
864511331029921792,'U.S. Industrial Production Surged in April' https://t.co/S0Z4SEIRhi,f,f,Twitter for iPhone,44035,9844,2017-05-16 16:02:17+00:00,f,1
864452996129853444,"I have been asking Director Comey &amp, others, from the beginning of my administration, to find the LEAKERS in the intelligence community.....",f,f,Twitter for iPhone,67727,15925,2017-05-16 12:10:29+00:00,f,1
864438529472049152,"...to terrorism and airline flight safety. Humanitarian reasons, plus I want Russia to greatly step up their fight against ISIS &amp, terrorism.",f,f,Twitter for iPhone,64699,14405,2017-05-16 11:13:00+00:00,f,1
842739155230740481,"""""""The President Changed. So Has Small Businesses' Confidence""""https://t.co/daTGjPmYeJ""",f,f,Twitter for iPhone,42953,9122,2017-03-17 14:07:26+00:00,f,1
864436162567471104,"As President I wanted to share with Russia (at an openly scheduled W.H. meeting) which I have the absolute right to do, facts pertaining....",f,f,Twitter for iPhone,64355,15810,2017-05-16 11:03:36+00:00,f,1
864296272844529664,#PeaceOfficersMemorialDay and#PoliceWeek Proclamation: https://t.co/o4IXVfZuHw https://t.co/UMJ6hklx4a,f,f,Twitter for iPhone,61437,14717,2017-05-16 01:47:43+00:00,f,1
864207293289771012,"Today, I delivered remarks at the 36th Annual National Peace Officers' Memorial Service. #NationalPoliceWeekWatch... https://t.co/3EioVDCTqb",f,f,Twitter for iPhone,46658,9010,2017-05-15 19:54:09+00:00,f,1
863774341921742848,Wishing @FLOTUS Melania and all of the great mothers out there a wonderful day ahead with family and friends! Happy #MothersDay,f,f,Twitter for iPhone,115244,17474,2017-05-14 15:13:45+00:00,f,1
863468271668002817,"I was thrilled to be back @LibertyU. Congratulations to the Class of 2017! This is your day, and you've earned it.... https://t.co/87RYOPwBiY",f,f,Twitter Ads,60995,12539,2017-05-13 18:57:33+00:00,f,1
863452412459307009,Will be interviewed by @JudgeJeanine on @FoxNews at 9:00 P.M. (Saturday night). Enjoy!,f,f,Twitter for iPhone,38867,6078,2017-05-13 17:54:31+00:00,f,1
863446552559398916,We,f,t,Twitter for iPhone,482,560,2017-05-13 05:31:14+00:00,f,1
863194069891031041,#WeeklyAddress🇺🇸➡️https://t.co/uT4K4fh88Y https://t.co/1iW7tVVNCH,f,f,Twitter Ads,39144,8830,2017-05-13 00:47:58+00:00,f,1
863140961114886144,"Today, I welcomed the Victory Christian Center School. Good luck @ the Team America Rocketry Challenge! #TARC Watch... https://t.co/wFrRsK2wuo",f,f,Twitter Ads,44524,8757,2017-05-12 21:16:56+00:00,f,1
863139099825364994,"Today, @FLOTUS hosted a Military Mother's Day Event in the East Room of the WH. It was an honor to stop by, say hel... https://t.co/wNVB0PYoef",f,f,Twitter for iPhone,48292,9736,2017-05-12 21:09:32+00:00,f,1
863020954427043840,"China just agreed that the U.S. will be allowed to sell beef, and other major products, into China once again. This is REAL news!",f,f,Twitter for iPhone,104661,24593,2017-05-12 13:20:04+00:00,f,1
863014620516233216,"When James Clapper himself, and virtually everyone else with knowledge of the witch hunt, says there is no collusion, when does it end?",f,f,Twitter for iPhone,60637,14388,2017-05-12 12:54:54+00:00,f,1
863007411132649473,"""James Comey better hope that there are no """"tapes"""" of our conversations before he starts leaking to the press!""",f,f,Twitter for iPhone,65061,21303,2017-05-12 12:26:15+00:00,f,1
863002719400976384,"""...Maybe the best thing to do would be to cancel all future """"press briefings"""" and hand out written responses for the sake of accuracy???""",f,f,Twitter for iPhone,67810,14904,2017-05-12 12:07:36+00:00,f,1
863000553265270786,"As a very active President with lots of things happening, it is not possible for my surrogates to stand at podium with perfect accuracy!....",f,f,Twitter for iPhone,52435,10651,2017-05-12 11:59:00+00:00,f,1
862998775731818496,"Again, the story that there was collusion between the Russians &amp, Trump campaign was fabricated by Dems as an excuse for losing the election.",f,f,Twitter for iPhone,65535,15330,2017-05-12 11:51:56+00:00,f,1
862788002594127873,"Yesterday, on the same day- I had meetings with Russian Foreign Minister Sergei Lavrov and the FM of Ukraine, Pavlo... https://t.co/hm4U54DCQO",f,f,Twitter for iPhone,43958,10267,2017-05-11 21:54:24+00:00,f,1
862767872879325185,Russia must be laughing up their sleeves watching as the U.S. tears itself apart over a Democrat EXCUSE for losing the election.,f,f,Twitter for iPhone,78506,20023,2017-05-11 20:34:25+00:00,f,1
862758098892619780,We finally agree on something Rosie. https://t.co/BSP5F3PgbZ,f,f,Twitter for iPhone,99813,31219,2017-05-11 19:55:34+00:00,f,1
862753016193089536,'Presidential Executive Order on the Establishment of Presidential Advisory Commission on Election Integrity'➡️... https://t.co/kVG8r7qZS5,f,f,Twitter for iPhone,34699,7833,2017-05-11 19:35:22+00:00,f,1
862752672683839488,'Presidential Executive Order on Strengthening the Cybersecurity of Federal Networks and Critical Infrastructure'... https://t.co/kQDBvXPekk,f,f,Twitter for iPhone,31959,6695,2017-05-11 19:34:00+00:00,f,1
862460991451344896,The Democrats should be ashamed. This is a disgrace!#DrainTheSwamp https://t.co/UfbKEECm2V,f,f,Twitter for iPhone,83624,32962,2017-05-11 00:14:58+00:00,f,1
862387734492663808,"Dems have been complaining for months &amp, months about Dir. Comey. Now that he has been fired they PRETEND to be aggrieved. Phony hypocrites!",f,f,Twitter for iPhone,78976,19974,2017-05-10 19:23:52+00:00,f,1
862290442129461249,The Roger Stone report on @CNN is false - Fake News. Have not spoken to Roger in a long time - had nothing to do with my decision.,f,f,Twitter for iPhone,48105,12271,2017-05-10 12:57:16+00:00,f,1
862286091759611905,"caught, he cried like a baby and begged for forgiveness...and now he is judge &amp, jury. He should be the one who is investigated for his acts.",f,f,Twitter for iPhone,51024,10588,2017-05-10 12:39:59+00:00,f,1
862283792559616000,"years, as a pol in Connecticut, Blumenthal would talk of his great bravery and conquests in Vietnam - except he was never there. When....",f,f,Twitter for iPhone,46704,11223,2017-05-10 12:30:51+00:00,f,1
862282202188566529,"""Watching Senator Richard Blumenthal speak of Comey is a joke. """"Richie"""" devised one of the greatest military frauds in U.S. history. For....""",f,f,Twitter for iPhone,47324,11608,2017-05-10 12:24:32+00:00,f,1
862268135944192000,RT @DRUDGE_REPORT: 10 SCANDALS ON DIRECTOR'S WATCH... https://t.co/dnGY08wTBP,t,t,Twitter for iPhone,0,8588,2017-05-10 11:28:38+00:00,f,1
862267781336752128,"Comey lost the confidence of almost everyone in Washington, Republican and Democrat alike. When things calm down, they will be thanking me!",f,f,Twitter for iPhone,61983,13921,2017-05-10 11:27:13+00:00,f,1
862266225157689349,"RT @DRUDGE_REPORT: MEXICO 2ND DEADLIEST COUNTRY, TOPS AFGHAN, IRAQ... https://t.co/i4FtSpLiHV",t,t,Twitter for iPhone,0,7297,2017-05-10 11:21:02+00:00,f,1
862265729718128641,"James Comey will be replaced by someone who will do a far better job, bringing back the spirit and prestige of the FBI.",f,f,Twitter for iPhone,66472,14317,2017-05-10 11:19:04+00:00,f,1
862263649821503489,"The Democrats have said some of the worst things about James Comey, including the fact that he should be fired, but now they play so sad!",f,f,Twitter for iPhone,63343,15015,2017-05-10 11:10:48+00:00,f,1
862135824745467905,"""Cryin' Chuck Schumer stated recently, """"I do not have confidence in him (James Comey) any longer."""" Then acts so indignant.  #draintheswamp""",f,f,Twitter for iPhone,78669,22992,2017-05-10 02:42:52+00:00,f,1
862059314277748736,"'Manufacturing openings, hires rise to highest levels of the recovery'https://t.co/txFZDYYIOe",f,f,Twitter for iPhone,37122,7814,2017-05-09 21:38:51+00:00,f,1
861993986436866049,"It was an honor to welcome the Teachers of the Year to the WH last month. Today, we honor and thank all teachers!... https://t.co/sAUJfIZCwR",f,f,Twitter for iPhone,45098,7986,2017-05-09 17:19:16+00:00,f,1
861715019674910721,"Biggest story today between Clapper &amp, Yates is on surveillance. Why doesn't the media report on this? #FakeNews!",f,f,Twitter for iPhone,45165,11254,2017-05-08 22:50:45+00:00,f,1
861713823505494016,"The Russia-Trump collusion story is a total hoax, when will this taxpayer funded charade end?",f,f,Twitter for iPhone,53744,13122,2017-05-08 22:46:00+00:00,f,1
861713233786404864,Sally Yates made the fake media extremely unhappy today --- she said nothing but old news!,f,f,Twitter for iPhone,44136,8776,2017-05-08 22:43:39+00:00,f,1
861712617299210240,"""Director Clapper reiterated what everybody, including the fake media already knows- there is """"no evidence"""" of collusion w/ Russia and Trump.""",f,f,Twitter for iPhone,56154,13814,2017-05-08 22:41:12+00:00,f,1
861637456281690113,"Honored to welcome Georgia Prime Minister, Giorgi Kvirikashvili to the @WhiteHouse today with @VP Mike Pence.... https://t.co/ohXXgTNtWB",f,f,Twitter for iPhone,30232,5471,2017-05-08 17:42:32+00:00,f,1
861592420043157504,"Ask Sally Yates, under oath, if she knows how classified information got into the newspapers soon after she explained it to W.H. Counsel.",f,f,Twitter for iPhone,53943,15822,2017-05-08 14:43:35+00:00,f,1
861554864542941185,"Ask Sally Yates, under oath, if she knows how classified information got into the newspapers soon after she explained it to W.H. Council.",f,t,Twitter for iPhone,21739,6818,2017-05-08 12:14:21+00:00,f,1
861550676505219073,General Flynn was given the highest security clearance by the Obama Administration - but the Fake News seldom likes talking about that.,f,f,Twitter for iPhone,50826,13506,2017-05-08 11:57:42+00:00,f,1
861544307043467264,Congratulations to @PGA_JohnDaly on his big win yesterday. John is a great guy who never gave up - and now a winner again!,f,f,Twitter for iPhone,43441,8236,2017-05-08 11:32:24+00:00,f,1
861541965464207360,"RT @IsraeliPM: PM Benjamin Netanyahu at  weekly Cabinet meeting:In two weeks, Israel will host @POTUS Trump on his first trip as President...",t,f,Twitter for iPhone,0,4655,2017-05-08 11:23:05+00:00,f,1
861354654856249344,Rexnord of Indiana made a deal during the Obama Administration to move to Mexico. Fired their employees. Tax product big that's sold in U.S.,f,f,Twitter for iPhone,37249,8046,2017-05-07 22:58:47+00:00,f,1
861300169438113793,Congratulations to Emmanuel Macron on his big win today as the next President of France. I look very much forward to working with him!,f,f,Twitter for iPhone,69198,18382,2017-05-07 19:22:17+00:00,f,1
861201362834665472,Republican Senators will not let the American people down! ObamaCare premiums and deductibles are way up - it was a lie and it is dead!,f,f,Twitter for iPhone,50377,10198,2017-05-07 12:49:39+00:00,f,1
861183225082806272,RT @brunelldonald: I thought about jobs that went overseas failing schools open borders not my skin color when I voted @realDonaldTrump! I...,t,f,Twitter for iPhone,0,11291,2017-05-07 11:37:35+00:00,f,1
861178291671244800,"""RT @FoxNews: .@POTUS: """"I'm not against the media. I'm against the FAKE media."""" #CashinIn https://t.co/F7mBIj7iVL""",t,f,Twitter for iPhone,0,7808,2017-05-07 11:17:59+00:00,f,1
861177649179373569,"When will the Fake Media ask about the Dems dealings with Russia &amp, why the DNC wouldn't allow the FBI to check their server or investigate?",f,f,Twitter for iPhone,56969,14806,2017-05-07 11:15:26+00:00,f,1
860987464114110465,"The reason I am staying in Bedminster, N. J., a beautiful community, is that staying in NYC is much more expensive and disruptive. Meetings!",f,f,Twitter for iPhone,53716,8802,2017-05-06 22:39:42+00:00,f,1
860638890570416132,Great jobs report today - It is all beginning to work!,f,f,Twitter for iPhone,59111,9992,2017-05-05 23:34:36+00:00,f,1
860637673744195584,Why is it that the Fake News rarely reports Ocare is on its last legs and that insurance companies are fleeing for their lives? It's dead!,f,f,Twitter for iPhone,53767,11465,2017-05-05 23:29:45+00:00,f,1
860635815277453313,"Wow,the Fake News media did everything in its power to make the Republican Healthcare victory look as bad as possible.Far better than Ocare!",f,f,Twitter for iPhone,55719,11019,2017-05-05 23:22:22+00:00,f,1
860577873060651008,"JOBS, JOBS, JOBS! https://t.co/UR0eetSEnO",f,f,Twitter for iPhone,39602,10127,2017-05-05 19:32:08+00:00,f,1
860573284462669824,Of course the Australians have better healthcare than we do --everybody does. ObamaCare is dead! But our healthcare will soon be great.,f,f,Twitter for iPhone,53365,10191,2017-05-05 19:13:54+00:00,f,1
860479885566980096,"Rather than causing a big disruption in N.Y.C., I will be working out of my home in Bedminster, N.J. this weekend. Also saves country money!",f,f,Twitter for iPhone,56349,9541,2017-05-05 13:02:46+00:00,f,1
860477328882905089,"Big win in the House - very exciting! But when everything comes together with the inclusion of Phase 2, we will have truly great healthcare!",f,f,Twitter for iPhone,46227,8140,2017-05-05 12:52:36+00:00,f,1
860377543878348800,"An honor to welcome PM of Australia, @TurnbullMalcolm to America &amp, join him in marking the 75th Anniversary of the... https://t.co/foMUec7EAE",f,f,Twitter Ads,32708,5709,2017-05-05 06:16:06+00:00,f,1
860326946147840001,"It was a GREAT day for the United States of America! This is a great plan that is a repeal &amp, replace of ObamaCare.... https://t.co/0TnmLn55Lm",f,f,Twitter Ads,50070,10304,2017-05-05 02:55:02+00:00,f,1
860194183797243904,"If victorious, Republicans will be having a big press conference at the beautiful Rose Garden of the White House immediately after vote!",f,f,Twitter for iPhone,41430,6682,2017-05-04 18:07:29+00:00,f,1
860191508619722752,"Insurance companies are fleeing ObamaCare - it is dead. Our healthcare plan will lower premiums &amp, deductibles - and be great healthcare!",f,f,Twitter for iPhone,48643,9742,2017-05-04 17:56:51+00:00,f,1
860188065758838785,"""I am watching the Democrats trying to defend the """"you can keep you doctor, you can keep your plan &amp, premiums will go down"""" ObamaCare lie.""""""",f,f,Twitter for iPhone,51110,11477,2017-05-04 17:43:11+00:00,f,1
860153543151542272,"Beautiful evening with Religious Leaders here at the WH last night. Join us now for a #NationalDayofPrayer, LIVE:... https://t.co/b8j1tWZJuv",f,f,Twitter for iPhone,31538,6543,2017-05-04 15:26:00+00:00,f,1
860108914624532480,"Death spiral!'Aetna will exit Obamacare markets in VA in 2018, citing expected losses on INDV plans this year'https://t.co/5YnzDitF8r",f,f,Twitter for iPhone,24937,6561,2017-05-04 12:28:39+00:00,f,1
860088977277235201,"RT @foxandfriends: President Trump to sign an executive order on religious liberty today, the National Day of Prayer | @kevincorke https://...",t,f,Twitter for iPhone,0,8402,2017-05-04 11:09:26+00:00,f,1
860087334519414784,The Fake News media is officially out of control. They will do or say anything in order to get attention - never been a time like this!,f,f,Twitter for iPhone,60934,14705,2017-05-04 11:02:54+00:00,f,1
860083874893897728,...allegations of unmasking Trump transition officials. Not good!,f,f,Twitter for iPhone,34058,7334,2017-05-04 10:49:10+00:00,f,1
860081707315232771,"Susan Rice, the former National Security Advisor to President Obama, is refusing to testify before a Senate Subcommittee next week on.....",f,f,Twitter for iPhone,39158,11080,2017-05-04 10:40:33+00:00,f,1
859890737160302592,An honor to host President Mahmoud Abbas at the WH today. Hopefully something terrific could come out it between th... https://t.co/eyHLFZbKhn,f,t,Twitter for iPhone,28769,6611,2017-05-03 10:01:42+00:00,f,1
859874689442775045,It was an honor to stop by a #SchoolChoice event hosted by @VP Pence and @usedgov Secretary @BetsyDeVosED at the... https://t.co/B8VxVsYNHA,f,f,Twitter for iPhone,35628,7077,2017-05-03 20:57:56+00:00,f,1
859604996236742656,...Trump/Russia story was an excuse used by the Democrats as justification for losing the election. Perhaps Trump just ran a great campaign?,f,f,Twitter for iPhone,69169,14625,2017-05-03 03:06:16+00:00,f,1
825075972659613696,Statement on International Holocaust Remembrance Day: https://t.co/KjU0MOxCHk,f,f,Twitter for iPhone,49175,8671,2017-01-27 20:20:15+00:00,f,1
859601184285491201,FBI Director Comey was the best thing that ever happened to Hillary Clinton in that he gave her a free pass for many bad deeds! The phony...,f,f,Twitter for iPhone,66803,16022,2017-05-03 02:51:07+00:00,f,1
859514893418082310,"Congratulations to the winners of the Commander-in-Chief's Trophy, the great Air Force Falcons! Watch:... https://t.co/HyxxFCfaUh",f,f,Twitter for iPhone,35649,6665,2017-05-02 21:08:14+00:00,f,1
859393829505552385,"""either elect more Republican Senators in 2018 or change the rules now to 51%. Our country needs a good """"shutdown"""" in September to fix mess!""",f,f,Twitter for iPhone,56679,15076,2017-05-02 13:07:10+00:00,f,1
859392449181093888,The reason for the plan negotiated between the Republicans and Democrats is that we need 60 votes in the Senate which are not there! We....,f,f,Twitter for iPhone,36706,8030,2017-05-02 13:01:41+00:00,f,1
859209801175269376,"President Andrew Jackson, who died 16 years before the Civil War started, saw it coming and was angry. Would never have let it happen!",f,f,Twitter for iPhone,47872,9386,2017-05-02 00:55:54+00:00,f,1
859143061678501892,"#ICYMI- On Saturday I signed two EO's to help keep jobs &amp, wealth in our country.EO1: https://t.co/XJggnJAiPi EO2:... https://t.co/2iEten4SVl",f,f,Twitter Ads,31603,6511,2017-05-01 20:30:42+00:00,f,1
859127705366921216,"This month we celebrate the contributions of Asian Americans &amp, Pacific Islanders that enrich our Nation. https://t.co/rEJi9ahOaY",f,f,Twitter for iPhone,30547,5675,2017-05-01 19:29:41+00:00,f,1
858660413873025024,"...healthcare plan is on its way. Will have much lower premiums &amp, deductibles while at the same time taking care of pre-existing conditions!",f,f,Twitter for iPhone,64477,11496,2017-04-30 12:32:50+00:00,f,1
858659215451271168,You can't compare anything to ObamaCare because ObamaCare is dead. Dems want billions to go to Insurance Companies to bail out donors....New,f,f,Twitter for iPhone,51002,10635,2017-04-30 12:28:04+00:00,f,1
858654431956672512,"The Democrats, without a leader, have become the party of obstruction.They are only interested in themselves and not in what's best for U.S.",f,f,Twitter for iPhone,79545,19397,2017-04-30 12:09:04+00:00,f,1
858653541094879232,Big excitement last night in the Great State of Pennsylvania! Fantastic crowd and people. MAKE AMERICA GREAT AGAIN!,f,f,Twitter for iPhone,56587,9175,2017-04-30 12:05:31+00:00,f,1
858645405252374528,I will be interviewed on @FaceTheNation this morning at 10:00 A.M. Have a great day!,f,f,Twitter for iPhone,33179,4622,2017-04-30 11:33:12+00:00,f,1
858375971019399169,"RT @charliekirk11: 100 days ago a new message, leader, &amp, movement took the Oval Office! A government FOR the people BY the people. This is...",t,f,Twitter for iPhone,0,8388,2017-04-29 17:42:34+00:00,f,1
858375278686613504,"Mainstream (FAKE) media refuses to state our long list of achievements, including 28 legislative signings, strong borders &amp, great optimism!",f,f,Twitter for iPhone,66442,15677,2017-04-29 17:39:48+00:00,f,1
858343980823703553,"Looking forward to RALLY in the Great State of Pennsylvania tonight at 7:30. Big crowd, big energy!",f,f,Twitter for iPhone,49932,8142,2017-04-29 15:35:26+00:00,f,1
858148882756325379,""".@LouDobbs just stated that """"President Trump's successes are unmatched in recent presidential history""""  Thank you Lou!""",f,f,Twitter for iPhone,61456,12118,2017-04-29 02:40:11+00:00,f,1
858147464846729217,RT @foxnation: . @TuckerCarlson : #Dems Don't Really Believe #Trump Is a Pawn of #Russia - That's Just Their Political Tool  https://t.co/K...,t,t,Twitter for iPhone,0,7067,2017-04-29 02:34:33+00:00,f,1
858100088253669376,"North Korea disrespected the wishes of China &amp, its highly respected President when it launched, though unsuccessfully, a missile today. Bad!",f,f,Twitter for iPhone,71298,18484,2017-04-28 23:26:18+00:00,f,1
858086278037950464,I will be interviewed by @MarthaMaccallum on @FoxNews tonight at 7pm. Enjoy!,f,f,Twitter for iPhone,29787,4145,2017-04-28 22:31:25+00:00,f,1
857931397562085376,"We are making tremendous progress with the V. A. There has never been so much done so quickly, and we have just started. We love our VETS!",f,f,Twitter for iPhone,68374,12558,2017-04-28 12:15:59+00:00,f,1
857930456767111168,"""RT @foxandfriends: Former President Obama's $400K Wall Street speech stuns liberal base, Sen. Warren saying she """"was troubled by that"""" http...""",t,f,Twitter for iPhone,0,7019,2017-04-28 12:12:15+00:00,f,1
857726884045496325,"Today, I signed an Executive Order on Improving Accountability and Whistleblower Protection at the @DeptVetAffairs:... https://t.co/UQ6VNCyhlj",f,f,Twitter Ads,39679,8804,2017-04-27 22:43:19+00:00,f,1
857711651952500737,"Presidential Memorandum for the @CommerceGov, @SecretaryRoss re: Aluminum Imports and Threats to National Security:... https://t.co/GnKoVz9GTO",f,f,Twitter for iPhone,23729,4795,2017-04-27 21:42:47+00:00,f,1
857670562478518273,.@FLOTUS Melania and I were honored to welcome Argentina President @MauricioMacri and First Lady Juliana Awada to t... https://t.co/gR3EPznu1H,f,f,Twitter for iPhone,45835,9858,2017-04-27 18:59:31+00:00,f,1
857605104417026049,As families prepare for summer vacations in our National Parks - Democrats threaten to close them and shut down the government. Terrible!,f,f,Twitter for iPhone,49846,11869,2017-04-27 14:39:25+00:00,f,1
857605018266062848,Democrats used to support border security — now they want illegals to pour through our borders.,f,f,Twitter for iPhone,48586,11160,2017-04-27 14:39:04+00:00,f,1
857604808676708353,Democrats jeopardizing the safety of our troops to bail out their donors from insurance companies. It is time to put #AmericaFirst🇺🇸,f,f,Twitter for iPhone,40821,9422,2017-04-27 14:38:14+00:00,f,1
857604709829529601,What's more important? Rebuilding our military - or bailing out insurance companies? Ask the Democrats.,f,f,Twitter for iPhone,49926,10881,2017-04-27 14:37:51+00:00,f,1
857604623531749376,I promise to rebuild our military and secure our border. Democrats want to shut down the government. Politics!,f,f,Twitter for iPhone,50496,10345,2017-04-27 14:37:30+00:00,f,1
857604537003200512,I want to help our miners while the Democrats are blocking their healthcare.,f,f,Twitter for iPhone,37849,7652,2017-04-27 14:37:09+00:00,f,1
857557522584088576,The Democrats want to shut government if we don't bail out Puerto Rico and give billions to their insurance companies for OCare failure. NO!,f,f,Twitter for iPhone,58753,14090,2017-04-27 11:30:20+00:00,f,1
857555256003227648,"...subject to the fact that if we do not reach a fair deal for all, we will then terminate NAFTA. Relationships are good-deal very possible!",f,f,Twitter for iPhone,41180,8009,2017-04-27 11:21:20+00:00,f,1
857552956836786177,I received calls from the President of Mexico and the Prime Minister of Canada asking to renegotiate NAFTA rather than terminate. I agreed..,f,f,Twitter for iPhone,59248,12906,2017-04-27 11:12:12+00:00,f,1
857370270776086528,"Democrats are trying to bail out insurance companies from disastrous #ObamaCare, and Puerto Rico with your tax dollars. Sad!",f,f,Twitter for iPhone,44176,12289,2017-04-26 23:06:16+00:00,f,1
857360510534209536,"A great great honor to welcome &amp, recognize the National Teacher of the Year, as well as the Teacher of the Year fro... https://t.co/pUGl7RDoVX",f,f,Twitter for iPhone,41949,7814,2017-04-26 22:27:29+00:00,f,1
857335793261568000,"Today, I signed an Executive Order on Enforcing Statutory Prohibitions on Federal Control of Education. EO:... https://t.co/YYafFQncbC",f,f,Twitter Ads,33761,7208,2017-04-26 20:49:16+00:00,f,1
857295731929034753,"Today, I signed an Executive Order @ the U.S. Dept. of @Interior: 'Review of Designations Under the Antiquities Act... https://t.co/Eq6JDzMqTY",f,f,Twitter Ads,28389,5713,2017-04-26 18:10:04+00:00,f,1
857246245672366081,"HAPPY BIRTHDAY to our @FLOTUS, Melania! https://t.co/rYYp51mxDQ https://t.co/np7KYHglSv",f,f,Twitter for iPhone,74385,15409,2017-04-26 14:53:26+00:00,f,1
857185261029126144,The U.S. recorded its slowest economic growth in five years (2016). GDP up only 1.6%. Trade deficits hurt the economy very badly.,f,f,Twitter for iPhone,39725,7494,2017-04-26 10:51:06+00:00,f,1
857182179469774848,"""...the Ninth Circuit, which has a terrible record of being overturned (close to 80%). They used to call this """"judge shopping!"""" Messy system.""",f,f,Twitter for iPhone,46798,9962,2017-04-26 10:38:51+00:00,f,1
857180178736459776,"""Out of our very big country, with many choices, does everyone notice that both the """"ban"""" case and now the """"sanctuary"""" case is brought in ...""",f,f,Twitter for iPhone,40892,8191,2017-04-26 10:30:54+00:00,f,1
857177434210304001,"First the Ninth Circuit rules against the ban &amp, now it hits again on sanctuary cities-both ridiculous rulings. See you in the Supreme Court!",f,f,Twitter for iPhone,57038,14119,2017-04-26 10:20:00+00:00,f,1
857014413081137154,'Presidential Executive Order on Promoting Agriculture and Rural Prosperity in America'Executive Order:... https://t.co/LVMjZ9Ax0U,f,f,Twitter for iPhone,33534,7100,2017-04-25 23:32:13+00:00,f,1
856928555179143168,Remarks at the United States Holocaust Memorial Museum's National Days of Remembrance. Full remarks:... https://t.co/BJbI6ZtGo7,f,f,Twitter for iPhone,31130,6017,2017-04-25 17:51:03+00:00,f,1
856849388026687492,"Don't let the fake media tell you that I have changed my position on the WALL. It will get built and help stop drugs, human trafficking etc.",f,f,Twitter for iPhone,83547,20770,2017-04-25 12:36:28+00:00,f,1
856847826663460865,Canada has made business for our dairy farmers in Wisconsin and other border states very difficult. We will not stand for this. Watch!,f,f,Twitter for iPhone,51851,11431,2017-04-25 12:30:15+00:00,f,1
856830933709750272,Proud of @IvankaTrump for her leadership on these important issues. Looking forward to hearing her speak at the W20! https://t.co/e6Uajrm8zp,f,f,Twitter for iPhone,32516,5334,2017-04-25 11:23:08+00:00,f,1
856606707463725057,"Today, I signed the Holocaust Remembrance Proclamation: https://t.co/762SqgdLMV #ICYMI- My statement last night at... https://t.co/vrqqFDi8En",f,f,Twitter for iPhone,37297,8377,2017-04-24 20:32:08+00:00,f,1
856557986474491904,"If our healthcare plan is approved, you will see real healthcare and premiums will start tumbling down. ObamaCare is in a death spiral!",f,f,Twitter for iPhone,60681,10852,2017-04-24 17:18:32+00:00,f,1
856556220911681539,Join me in congratulating @NASA's @AstroPeggy by using the hashtag #CongratsPeggy! Earlier today:... https://t.co/AUdJgxXiT4,f,f,Twitter Ads,31906,6043,2017-04-24 17:11:31+00:00,f,1
856531163799859201,"....the wall is not built, which it will be, the drug situation will NEVER be fixed the way it should be!#BuildTheWall",f,f,Twitter for iPhone,31762,6298,2017-04-24 15:31:57+00:00,f,1
856508531087990785,#CongratsPeggy! https://t.co/e1q36nKT8g,f,t,Twitter for iPhone,30050,5553,2017-04-24 02:02:01+00:00,f,1
856484873133060101,The Wall is a very important tool in stopping drugs from pouring into our country and poisoning our youth (and many others)! If,f,f,Twitter for iPhone,43096,8961,2017-04-24 12:28:01+00:00,f,1
856481786938916865,"The two fake news polls released yesterday, ABC &amp, NBC, while containing some very positive info, were totally wrong in General E. Watch!",f,f,Twitter for iPhone,38818,7087,2017-04-24 12:15:45+00:00,f,1
856234989591121922,"...popular vote. ABC News/Washington Post Poll (wrong big on election) said almost all stand by their vote on me &amp, 53% said strong leader.",f,f,Twitter for iPhone,50980,9588,2017-04-23 19:55:04+00:00,f,1
856233279841849344,New polls out today are very good considering that much of the media is FAKE and almost always negative. Would still beat Hillary in .....,f,f,Twitter for iPhone,53244,9275,2017-04-23 19:48:16+00:00,f,1
856172056932700164,"Eventually, but at a later date so we can get started early, Mexico will be paying, in some form, for the badly needed border wall.",f,f,Twitter for iPhone,53539,11930,2017-04-23 15:44:59+00:00,f,1
856171332521820165,The Democrats don't want money from budget going to border wall despite the fact that it will stop drugs and very bad MS 13 gang members.,f,f,Twitter for iPhone,53905,12927,2017-04-23 15:42:07+00:00,f,1
856150719656755200,ObamaCare is in serious trouble. The Dems need big money to keep it going - otherwise it dies far sooner than anyone would have thought.,f,f,Twitter for iPhone,49097,9739,2017-04-23 14:20:12+00:00,f,1
856146924705120256,Very interesting election currently taking place in France.,f,f,Twitter for iPhone,51873,13305,2017-04-23 14:05:07+00:00,f,1
855901315305795584,I am committed to keeping our air and water clean but always remember that economic growth enhances environmental protection. Jobs matter!,f,f,Twitter for iPhone,74871,14485,2017-04-22 21:49:10+00:00,f,1
855859245023211520,"Today on Earth Day, we celebrate our beautiful forests, lakes and land. We stand committed to preserving the natural beauty of our nation.",f,f,Twitter for iPhone,67670,11641,2017-04-22 19:01:59+00:00,f,1
855817226078879748,Big TAX REFORM AND TAX REDUCTION will be announced next Wednesday.,f,f,Twitter for iPhone,62716,13410,2017-04-22 16:15:01+00:00,f,1
855816071663812608,Next Saturday night I will be holding a BIG rally in Pennsylvania. Look forward to it!,f,f,Twitter for iPhone,49172,9313,2017-04-22 16:10:26+00:00,f,1
855814859069558784,Getting ready to visit Walter Reed Medical Center with Melania. Looking forward to seeing our bravest and greatest Americans!,f,f,Twitter for iPhone,52496,8362,2017-04-22 16:05:37+00:00,f,1
855803080310390784,RT @foxandfriends: Israeli PM Netanyahu praises U.S. policy changes during meeting with Defense. Sec Mattis https://t.co/v2C9oaq3uY,t,f,Twitter for iPhone,0,4327,2017-04-22 15:18:49+00:00,f,1
855802920956243969,"RT @foxandfriends: Chicago approves new plan to hide illegal immigrants from the feds, plus give them access to city services https://t.co/...",t,f,Twitter for iPhone,0,5746,2017-04-22 15:18:11+00:00,f,1
855626715707650048,"After 5 SB victories since 2002, it was my honor to give Bob Kraft, Coach Belichick, and the players their first to... https://t.co/UZPKjqoGZY",f,f,Twitter for iPhone,46304,8345,2017-04-22 03:38:00+00:00,f,1
855582764418162690,'Presidential Executive Order on Identifying and Reducing Tax Regulatory Burdens' Executive Order:... https://t.co/dpE6hDzlAt,f,f,Twitter Ads,36010,7872,2017-04-22 00:43:21+00:00,f,1
855576880048738304,"RT @Scavino45: .@POTUS @realDonaldTrump, @IvankaTrump, Jared Kushner, &amp, Dina Powell in the Oval Office today w/ Aya &amp, her brother Basel.#W...",t,f,Twitter for iPhone,0,3944,2017-04-22 00:19:58+00:00,f,1
855517053238870019,"WELCOME HOME, AYA!#GodBlessTheUSA🇺🇸 https://t.co/CR4I8dvunc",f,f,Twitter for iPhone,64166,15819,2017-04-21 20:22:14+00:00,f,1
855406847200768000,"China is very much the economic lifeline to North Korea so, while nothing is easy, if they want to solve the North Korean problem, they will",f,f,Twitter for iPhone,55537,11538,2017-04-21 13:04:19+00:00,f,1
855373184861962240,"No matter how much I accomplish during the ridiculous standard of the first 100 days, &amp, it has been a lot (including S.C.), media will kill!",f,f,Twitter for iPhone,61550,11746,2017-04-21 10:50:33+00:00,f,1
855368516920332289,Another terrorist attack in Paris. The people of France will not take much more of this. Will have a big effect on presidential election!,f,f,Twitter for iPhone,61725,14571,2017-04-21 10:32:01+00:00,f,1
855363343607103489,RT @foxandfriends: NYT editor apologizes for misleading tweet about New England Patriots' visit to the White House (via @FoxFriendsFirst) h...,t,f,Twitter for iPhone,0,6812,2017-04-21 10:11:27+00:00,f,1
855172998747348998,A great honor to host PM Paolo Gentiloni of Italy at the White House this afternoon! #ICYMI- Joint Press Conference... https://t.co/lJAvEZJV1F,f,f,Twitter Ads,31524,5629,2017-04-20 21:35:05+00:00,f,1
855142466034556928,"We're going to use American steel, we're going to use American labor, we are going to come first in all deals. ➡️... https://t.co/QYjWx9K4YY",f,f,Twitter for iPhone,44446,9418,2017-04-20 19:33:46+00:00,f,1
855055509455593472,"Failing @nytimes, which has been calling me wrong for two years, just got caught in a big lie concerning New England Patriots visit to W.H.",f,f,Twitter for iPhone,67670,14982,2017-04-20 13:48:14+00:00,f,1
854870777287634944,A great honor to host the @SuperBowl Champion New England @Patriots at the White House today. Congratulations!... https://t.co/tQ5XEPaIxn,f,f,Twitter Ads,41553,7795,2017-04-20 01:34:10+00:00,f,1
854793411110588418,"Today I signed the Veterans (OUR HEROES) Choice Program Extension &amp, Improvement Act @ the @WhiteHouse. #S544 Watch... https://t.co/0sMv4sPrmf",f,f,Twitter for iPhone,40884,8526,2017-04-19 20:26:45+00:00,f,1
854749300114546688,#BuyAmericanHireAmerican🇺🇸 https://t.co/JPEXQTVR1E,f,f,Twitter for iPhone,45626,10249,2017-04-19 17:31:28+00:00,f,1
854676780527079425,Dems failed in Kansas and are now failing in Georgia. Great job Karen Handel! It is now Hollywood vs. Georgia on June 20th.,f,f,Twitter for iPhone,60455,12179,2017-04-19 12:43:18+00:00,f,1
854547423464759296,"""Despite major outside money, FAKE media support and eleven Republican candidates, BIG """"R"""" win with runoff in Georgia. Glad to be of help!""",f,f,Twitter for iPhone,64309,12074,2017-04-19 04:09:17+00:00,f,1
854438452661809152,#BuyAmericanHireAmerican🇺🇸Watch➡️https://t.co/AUqYcrgeyn https://t.co/rf9aivVb7g,f,f,Twitter for iPhone,28725,5370,2017-04-18 20:56:16+00:00,f,1
854433960566431746,"Just learned that Jon @Ossoff, who is running for Congress in Georgia, doesn't even live in the district. Republicans, get out and vote!",f,f,Twitter for iPhone,52604,13043,2017-04-18 20:38:25+00:00,f,1
854284952539725828,"Republicans must get out today and VOTE in Georgia 6. Force runoff and easy win! Dem Ossoff will raise your taxes-very bad on crime &amp, 2nd A.",f,f,Twitter for iPhone,52318,12678,2017-04-18 10:46:19+00:00,f,1
854283110191685634,"Democrat Jon Ossoff would be a disaster in Congress. VERY weak on crime and illegal immigration, bad for jobs and wants higher taxes. Say NO",f,f,Twitter for iPhone,47386,11273,2017-04-18 10:38:59+00:00,f,1
854270321620287490,I will be interviewed on @foxandfriends by @ainsleyearhardt starting at 6:00 A.M. Enjoy!,f,f,Twitter for iPhone,28347,3697,2017-04-18 09:48:10+00:00,f,1
854268119774367745,The weak illegal immigration policies of the Obama Admin. allowed bad MS 13 gangs to form in cities across U.S. We are removing them fast!,f,f,Twitter for iPhone,60576,13891,2017-04-18 09:39:25+00:00,f,1
854157191053553666,"""With eleven Republican candidates running in Georgia (on Tuesday) for Congress, a runoff will be a win. Vote """"R"""" for lower taxes &amp, safety!""",f,f,Twitter for iPhone,51218,10807,2017-04-18 02:18:38+00:00,f,1
854102644394254341,See you tomorrow Wisconsin!'Trump spurs small-business optimism in Milwaukee area'https://t.co/JUxhO3oqjO,f,f,Twitter for iPhone,35555,6609,2017-04-17 22:41:53+00:00,f,1
854101790886948866,TRUMP APPROVAL HITS 50%https://t.co/vjZkGTyQb9,f,f,Twitter for iPhone,47300,8606,2017-04-17 22:38:30+00:00,f,1
853965129024712704,RT @DRUDGE_REPORT: TRUMP APPROVAL HITS 50% https://t.co/TruX3WzR3U,t,t,Twitter for iPhone,0,7632,2017-04-17 01:35:27+00:00,f,1
853964023846588420,"The super Liberal Democrat in the Georgia Congressioal race tomorrow wants to protect criminals, allow illegal immigration and raise taxes!",f,f,Twitter for iPhone,50498,15302,2017-04-17 13:31:03+00:00,f,1
853945633903923200,The Fake Media (not Real Media) has gotten even worse since the election. Every story is badly slanted. We have to hold them to the truth!,f,f,Twitter for iPhone,69840,14699,2017-04-17 12:17:59+00:00,f,1
853944453538750464,"""A great book for your reading enjoyment: """"REASONS TO VOTE FOR DEMOCRATS"""" by Michael J. Knowles.""",f,f,Twitter for iPhone,45258,9875,2017-04-17 12:13:17+00:00,f,1
853942936337350656,"""""""The first 90 days of my presidency has exposed the total failure of the last eight years of foreign policy!"""" So true. @foxandfriends""",f,f,Twitter for iPhone,63823,12875,2017-04-17 12:07:16+00:00,f,1
853771244579282944,"The recent Kansas election (Congress) was a really big media event, until the Republicans won. Now they play the same game with Georgia-BAD!",f,f,Twitter for iPhone,53748,10225,2017-04-17 00:45:01+00:00,f,1
853604334944354305,"Our military is building and is rapidly becoming stronger than ever before. Frankly, we have no choice!",f,f,Twitter for iPhone,88055,16425,2017-04-16 13:41:47+00:00,f,1
853597199619543041,Someone should look into who paid for the small organized rallies yesterday. The election is over!,f,f,Twitter for iPhone,79604,16365,2017-04-16 13:13:26+00:00,f,1
853595628655587334,I did what was an almost an impossible thing to do for a Republican-easily won the Electoral College! Now Tax Returns are brought up again?,f,f,Twitter for iPhone,59232,9750,2017-04-16 13:07:11+00:00,f,1
853584968047636480,Happy Easter to everyone!,f,f,Twitter for iPhone,158705,32218,2017-04-16 12:24:49+00:00,f,1
853583417916755968,Why would I call China a currency manipulator when they are working with us on the North Korean problem? We will see what happens!,f,f,Twitter for iPhone,61022,12002,2017-04-16 12:18:40+00:00,f,1
853001499747725317,RT @FLOTUS: Looking forward to hosting the annual Easter Egg Roll at the @WhiteHouse on Monday! https://t.co/nz7vucugx9,t,f,Twitter for iPhone,0,14660,2017-04-14 21:46:20+00:00,f,1
852722680851779584,RT @DRUDGE_REPORT: GREAT AGAIN: FEDS ARREST MURDER SUSPECT IN 'FAST AND FURIOUS' SCANDAL... https://t.co/clOLxTE3D4,t,t,Twitter for iPhone,0,5824,2017-04-14 03:18:24+00:00,f,1
852602568433950720,It was a great honor to welcome Atlanta's heroic first responders to the White House this afternoon! https://t.co/ZtC14AJ0xs,f,f,Twitter for iPhone,63951,10489,2017-04-13 19:21:07+00:00,f,1
852510810287075329,"Things will work out fine between the U.S.A. and Russia. At the right time everyone will come to their senses &amp, there will be lasting peace!",f,f,Twitter for iPhone,93877,19323,2017-04-13 13:16:30+00:00,f,1
852508752142114816,"I have great confidence that China will properly deal with North Korea. If they are unable to do so, the U.S., with its allies, will! U.S.A.",f,f,Twitter for iPhone,95637,22643,2017-04-13 13:08:20+00:00,f,1
852318522139168769,"Jobs are returning, illegal immigration is plummeting, law, order and justice are being restored. We are truly making America great again!",f,f,Twitter for iPhone,118571,24855,2017-04-13 00:32:25+00:00,f,1
852297935219982336,"One by one we are keeping our promises - on the border, on energy, on jobs, on regulations. Big changes are happening!",f,f,Twitter for iPhone,80888,14263,2017-04-12 23:10:37+00:00,f,1
852297762599313409,Economic confidence is soaring as we unleash the power of private sector job creation and stand up for the American Workers. #AmericaFirst,f,f,Twitter for iPhone,55044,9627,2017-04-12 23:09:56+00:00,f,1
852277347587952640,"Great meeting w/ NATO Sec. Gen. We agreed on the importance of getting countries to pay their fair share &amp, focus on... https://t.co/G9TdjWezmH",f,f,Twitter for iPhone,44834,8657,2017-04-12 21:48:48+00:00,f,1
852138509355933697,"Great win in Kansas last night for Ron Estes, easily winning the Congressional race against the Dems, who spent heavily &amp, predicted victory!",f,f,Twitter for iPhone,60836,10464,2017-04-12 12:37:07+00:00,f,1
852134796436398086,Had a very good call last night with the President of China concerning the menace of North Korea.,f,f,Twitter for iPhone,78032,15529,2017-04-12 12:22:22+00:00,f,1
851997299454742528,I will be interviewed by @MariaBartiromo at 6:00 A.M. @FoxBusiness. Enjoy!,f,f,Twitter for iPhone,34451,4957,2017-04-12 03:16:00+00:00,f,1
851894518014238720,"Great Strategic &amp, Policy CEO Forum today with my Cabinet Secretaries and top CEO's from around the United States.... https://t.co/pmGIL08OpP",f,f,Twitter for iPhone,37190,6954,2017-04-11 20:27:35+00:00,f,1
851781714028494849,"Ron Estes is running TODAY for Congress in the Great State of Kansas. A wonderful guy, I need his help on Healthcare &amp, Tax Cuts (Reform).",f,f,Twitter for iPhone,49601,9854,2017-04-11 12:59:20+00:00,f,1
851767718248361986,"North Korea is looking for trouble. If China decides to help, that would be great. If not, we will solve the problem without them!  U.S.A.",f,f,Twitter for iPhone,114539,42956,2017-04-11 12:03:43+00:00,f,1
851766546825347076,I explained to the President of China that a trade deal with the U.S. will be far better for them if they solve the North Korean problem!,f,f,Twitter for iPhone,68495,15349,2017-04-11 11:59:04+00:00,f,1
851763890786635776,RT @foxnation: Grateful Syrians React To @realDonaldTrump Strike: 'I'll Name My Son Donald' https://t.co/7KexXsXLUx #SyrianStrikes,t,t,Twitter for iPhone,0,6245,2017-04-11 11:48:31+00:00,f,1
851584729400979456,"Happy Passover to everyone celebrating in the United States of America, Israel, and around the world. #ChagSameach",f,f,Twitter for iPhone,76306,13557,2017-04-10 23:56:35+00:00,f,1
851555178910064640,Congratulations to Justice Neil Gorsuch on his elevation to the United States Supreme Court. A great day for Americ... https://t.co/RM9lfTaePS,f,f,Twitter Ads,67999,12691,2017-04-10 21:59:10+00:00,f,1
851247294854856706,Thank you @USNavy! #USA https://t.co/oD7L8vPgjq,f,f,Twitter for iPhone,61166,11719,2017-04-10 01:35:45+00:00,f,1
851092618754891781,...confidence that President Al Sisi will handle situation properly.,f,f,Twitter for iPhone,47724,8240,2017-04-09 15:21:07+00:00,f,1
851092500056072198,So sad to hear of the terrorist attack in Egypt. U.S. strongly condemns. I have great...,f,f,Twitter for iPhone,65553,12523,2017-04-09 15:20:39+00:00,f,1
850800045012201473,Judge Gorsuch will be sworn in at the Rose Garden of the White House on Monday at 11:00 A.M. He will be a great Justice. Very proud of him!,f,f,Twitter for iPhone,86136,14837,2017-04-08 19:58:32+00:00,f,1
850785347038576640,The reason you don't generally hit runways is that they are easy and inexpensive to quickly fix (fill in and top)!,f,f,Twitter for iPhone,51819,9276,2017-04-08 19:00:08+00:00,f,1
850723509370327040,"Congratulations to our great military men and women for representing the United States, and the world, so well in the Syria attack.",f,f,Twitter for iPhone,115435,21892,2017-04-08 14:54:24+00:00,f,1
850722694958075905,"...goodwill and friendship was formed, but only time will tell on trade.",f,f,Twitter for iPhone,41254,5776,2017-04-08 14:51:10+00:00,f,1
850722648883638272,It was a great honor to have President Xi Jinping and Madame Peng Liyuan of China as our guests in the United States. Tremendous...,f,f,Twitter for iPhone,57064,8459,2017-04-08 14:50:59+00:00,f,1
850489084221018113,RT @IvankaTrump: Very proud of Arabella and Joseph for their performance in honor of President Xi Jinping and Madame Peng Liyuan's official...,t,f,Twitter for iPhone,0,12596,2017-04-07 23:22:53+00:00,f,1
850053194923298816,"It was an honor to host our American heroes from the @WWP #SoldierRideDC at the @WhiteHouse today with @FLOTUS, @VP... https://t.co/u5AI1pupVV",f,f,Twitter for iPhone,51879,8752,2017-04-06 18:30:49+00:00,f,1
849807049118625792,"JOBS, JOBS, JOBS!https://t.co/XGOQPHywrt https://t.co/B5Qbn6llzE",f,f,Twitter for iPhone,70829,18573,2017-04-06 02:12:43+00:00,f,1
849732911377117185,"I am deeply committed to preserving our strong relationship &amp, to strengthening America's long-standing support for... https://t.co/GxrOR3ALCE",f,f,Twitter Ads,57451,10675,2017-04-05 21:18:08+00:00,f,1
849366930133839872,"Great to talk jobs with #NABTU2017. Tremendous spirit &amp, optimism - we will deliver! https://t.co/6lRuQZZHrc",f,f,Twitter for iPhone,41815,7374,2017-04-04 21:03:51+00:00,f,1
849345573509574665,"Thank you Sean McGarvey &amp, the entire Governing Board of Presidents for honoring me w/an invite to speak. #NABTU2017... https://t.co/dJlZvlq6Tj",f,f,Twitter Ads,41428,7606,2017-04-04 19:38:59+00:00,f,1
849330281412792320,.@WhiteHouse #CEOTownHall➡️https://t.co/ADSKuUXf1b https://t.co/XHfQ6zmF2H,f,f,Twitter for iPhone,31995,6714,2017-04-04 18:38:13+00:00,f,1
849239946653290496,RT @DRUDGE_REPORT: RICE ORDERED SPY DOCS ON TRUMP? https://t.co/bL2nZRFxk9,t,t,Twitter for iPhone,0,11466,2017-04-04 12:39:16+00:00,f,1
848983209580822529,It was an honor to welcome President Al Sisi of Egypt to the @WhiteHouse as we renew the historic partnership betwe... https://t.co/9mRaGvcPHz,f,f,Twitter for iPhone,49247,10782,2017-04-03 19:39:05+00:00,f,1
848957498040217603,Looking forward to hosting our heroes from the Wounded Warrior Project (@WWP) Soldier Ride to the @WhiteHouse on Th... https://t.co/QLC0qFD94x,f,f,Twitter for iPhone,47315,8814,2017-04-03 17:56:55+00:00,f,1
848928217138384896,"Getting ready to meet President al-Sisi of Egypt. On behalf of the United States, I look forward to a long and wonderful relationship.",f,f,Twitter for iPhone,64525,10438,2017-04-03 16:00:33+00:00,f,1
848880519458717698,""".@FoxNews from multiple sources: """"There was electronic surveillance of Trump, and people close to Trump. This is unprecedented."""" @FBI""",f,f,Twitter for iPhone,57434,17376,2017-04-03 12:51:01+00:00,f,1
848857910297980928,Did Hillary Clinton ever apologize for receiving the answers to the debate? Just asking!,f,f,Twitter for iPhone,89525,21506,2017-04-03 11:21:11+00:00,f,1
848856822312292354,Was the brother of John Podesta paid big money to get the sanctions on Russia lifted? Did Hillary know?,f,f,Twitter for iPhone,61201,18389,2017-04-03 11:16:52+00:00,f,1
848841326183534594,"""Such amazing reporting on unmasking and the crooked scheme against us by @foxandfriends. """"Spied on before nomination."""" The real story.""",f,f,Twitter for iPhone,60797,15702,2017-04-03 10:15:17+00:00,f,1
848701201315188736,"Melania and I are honored to light up the @WhiteHouse this evening, for #WorldAutismAwarenessDay. Join us &amp, #LIUB.... https://t.co/tR3hqqyWvv",f,f,Twitter for iPhone,97447,20628,2017-04-03 00:58:29+00:00,f,1
848529014667055105,The real story turns out to be SURVEILLANCE and LEAKING! Find the leakers.,f,f,Twitter for iPhone,69193,17087,2017-04-02 13:34:16+00:00,f,1
848521325480202240,"Talks on Repealing and Replacing ObamaCare are, and have been, going on, and will continue until such time as a deal is hopefully struck.",f,f,Twitter for iPhone,62095,10949,2017-04-02 13:03:43+00:00,f,1
848519587675201538,"Anybody (especially  Fake News media) who thinks that Repeal &amp, Replace of ObamaCare is dead does not know the love and strength in R Party!",f,f,Twitter for iPhone,67731,13063,2017-04-02 12:56:49+00:00,f,1
848299191646515202,Thank you @JCLayfield -- will get even better as my Administration continues to put #AmericaFirst🇺🇸 https://t.co/AQQzmt10x7,f,f,Twitter for iPhone,44804,10909,2017-04-01 22:21:02+00:00,f,1
848219027659010051,"""..not associated with Russia. Trump team spied on before he was nominated."""" If this is true, does not get much bigger. Would be sad for U.S.""",f,f,Twitter for iPhone,53876,12353,2017-04-01 17:02:29+00:00,f,1
848216035153121285,"""Wow, @FoxNews just reporting big news. Source: """"Official behind unmasking is high up. Known Intel official is responsible. Some unmasked....""",f,f,Twitter for iPhone,50814,12686,2017-04-01 16:50:36+00:00,f,1
848204870876356608,"""...use subsidies to buy health plans."""" In other words, Ocare is dead. Good things will happen, however, either with Republicans or Dems.""",f,f,Twitter for iPhone,42815,7929,2017-04-01 16:06:14+00:00,f,1
848203201094483972,"""The failing @nytimes finally gets it - """"In places where no insurance company offers plans, there will be no way for ObamaCare customers to..""",f,f,Twitter for iPhone,40200,8861,2017-04-01 15:59:36+00:00,f,1
848197060625145856,RT @DanScavino: .@POTUS @realDonaldTrump signs executive orders on trade that will set the stage for revival in American manufacturing. #Am...,t,t,Twitter for iPhone,0,7035,2017-04-01 03:35:12+00:00,f,1
848158641056362496,"""It is the same Fake News Media that said there is """"no path to victory for Trump"""" that is now pushing the phony Russia story. A total scam!""",f,f,Twitter for iPhone,71048,17504,2017-04-01 13:02:32+00:00,f,1
848153860602507264,When will Sleepy Eyes Chuck Todd and @NBCNews start talking about the Obama SURVEILLANCE SCANDAL and stop with the Fake Trump/Russia story?,f,f,Twitter for iPhone,64737,17171,2017-04-01 12:43:32+00:00,f,1
847924397180583937,"We are going to defend our industry &amp, create a level playing field for the American worker. It is time to put... https://t.co/dzPKJMghj1",f,f,Twitter Ads,55566,11754,2017-03-31 21:31:44+00:00,f,1
847895524632129536,'Trump Celebrates American Manufacturing Survey Showing Highest Level of Optimism in 20 Years' ➡️... https://t.co/cVWXOa1MjY,f,f,Twitter for iPhone,37247,7681,2017-03-31 19:37:00+00:00,f,1
847878820220858369,It is an exciting time for our country!#WeeklyAddress #ConfirmGorsuch https://t.co/tP4bkvTOBq,f,f,Twitter Ads,48959,10907,2017-03-31 18:30:38+00:00,f,1
847867380562894848,#ConfirmGorsuch #SCOTUS https://t.co/WkqHYMcYa3,f,f,Twitter for iPhone,40536,8753,2017-03-31 17:45:10+00:00,f,1
847863243200753666,"Great meeting with a wonderful woman today, former Secretary of State, Condoleezza Rice! #USA🇺🇸 https://t.co/ZuriIC3YwG",f,f,Twitter for iPhone,48678,8448,2017-03-31 17:28:44+00:00,f,1
847819720418111488,"It was an honor to welcome the Prime Minister of Denmark, Lars Løkke Rasmussen {@larsloekke} to the @WhiteHouse yes... https://t.co/N1g0TiVnSp",f,f,Twitter for iPhone,34301,5508,2017-03-31 14:35:47+00:00,f,1
847766558520856578,"Mike Flynn should ask for immunity in that this is a witch hunt (excuse for big election loss), by media &amp, Dems, of historic proportion!",f,f,Twitter for iPhone,62965,15244,2017-03-31 11:04:32+00:00,f,1
847625389908217856,Only by enlisting the full potential of women in our society will we be truly able to #MakeAmericaGreatAgain🇺🇸... https://t.co/cxhgYaxiek,f,f,Twitter for iPhone,50450,10899,2017-03-31 01:43:35+00:00,f,1
847573358912974849,...and job losses. American companies must be prepared to look at other alternatives.,f,f,Twitter for iPhone,35226,5987,2017-03-30 22:16:50+00:00,f,1
847573220417044480,The meeting next week with China will be a very difficult one in that we can no longer have massive trade deficits...,f,f,Twitter for iPhone,48486,9688,2017-03-30 22:16:17+00:00,f,1
847559519085379584,"Where are @RepMarkMeadows, @Jim_Jordan and @Raul_Labrador?#RepealANDReplace #Obamacare",f,f,Twitter for iPhone,25372,4640,2017-03-30 21:21:50+00:00,f,1
847559239149158401,"If @RepMarkMeadows, @Jim_Jordan and @Raul_Labrador would get on board we would have both great healthcare and massive tax cuts &amp, reform.",f,f,Twitter for iPhone,32204,6178,2017-03-30 21:20:44+00:00,f,1
847558790358728705,"If @RepMarkMeadows, @Jim_Jordan and Raul_Labrador would get on board we would have both great healthcare and massive tax cuts &amp, reform.",f,t,Twitter for iPhone,1550,348,2017-03-30 09:18:57+00:00,f,1
847558426557337600,Great op-ed from @RepKenBuck. Looks like some in the Freedom Caucus are helping me end #Obamacare. https://t.co/Y2vTnIBTBZ,f,f,Twitter for iPhone,26714,5335,2017-03-30 21:17:30+00:00,f,1
847455180912181249,The failing @nytimes has disgraced the media world. Gotten me wrong for two solid years. Change libel laws? https://t.co/QIqLgvYLLi,f,f,Twitter for iPhone,44744,10394,2017-03-30 14:27:14+00:00,f,1
847435163143454723,"The Freedom Caucus will hurt the entire Republican agenda if they don't get on the team, &amp, fast. We must fight them, &amp, Dems, in 2018!",f,f,Twitter for iPhone,50231,10957,2017-03-30 13:07:42+00:00,f,1
847270189171228672,Today we honored our true American heroes on the first-ever National Vietnam War Veterans Day.#ThankAVeteran... https://t.co/deOHapcV4J,f,f,Twitter for iPhone,62816,13632,2017-03-30 02:12:09+00:00,f,1
847236476815511552,.@FLOTUS Melania and I were honored to stop by the Women's Empowerment  Panel this afternoon at the @WhiteHouse.... https://t.co/phLPw8lgTu,f,f,Twitter Media Studio,46122,8394,2017-03-29 23:58:11+00:00,f,1
847201455165624320,Today's EO established a commission on combating drug addiction and the opioid crisis. Watch listening session➡️... https://t.co/ooF2ediqSt,f,f,Twitter for iPhone,34225,6956,2017-03-29 21:39:01+00:00,f,1
847061031293779969,If the people of our great country could only see how viciously and inaccurately my administration is covered by certain media!,f,f,Twitter for iPhone,82688,16249,2017-03-29 12:21:02+00:00,f,1
847056211006631936,"Remember when the failing @nytimes apologized to its subscribers, right after the election, because their coverage was so wrong. Now worse!",f,f,Twitter for iPhone,62464,12314,2017-03-29 12:01:52+00:00,f,1
846854703183020032,Why doesn't Fake News talk about Podesta ties to Russia as covered by @FoxNews or money from Russia to Clinton - sale of  Uranium?,f,f,Twitter for iPhone,73092,21173,2017-03-28 22:41:09+00:00,f,1
846841493952319489,A NEW ERA IN AMERICAN ENERGY! #MadeInTheUSA🇺🇸Watch here: https://t.co/EG02Fdlkba https://t.co/XT12jqoIqj,f,f,Twitter for iPhone,38505,7726,2017-03-28 21:48:40+00:00,f,1
846828561491202048,"It was an honor to welcome @GLFOP to the @WhiteHouse today with @VP Pence &amp, Attorney General Sessions. THANK YOU fo... https://t.co/VHzTB4c69h",f,f,Twitter for iPhone,33140,5689,2017-03-28 20:57:17+00:00,f,1
846745288735887360,The failing @NYTimes would do much better if they were honest! https://t.co/ATy8R3knS2,f,f,Twitter for iPhone,46837,10265,2017-03-28 15:26:23+00:00,f,1
846682464215076866,Watch @foxandfriends now on Podesta and Russia!,f,f,Twitter for iPhone,38962,7263,2017-03-28 11:16:44+00:00,f,1
846672219073863681,Big announcement by Ford today. Major investment to be made in three Michigan plants. Car companies coming back to U.S.  JOBS! JOBS! JOBS!,f,f,Twitter for iPhone,92833,18870,2017-03-28 10:36:02+00:00,f,1
846543183223963649,"The Democrats will make a deal with me on healthcare as soon as ObamaCare folds - not long. Do not worry, we are in very  good shape!",f,f,Twitter for iPhone,67962,12819,2017-03-28 02:03:17+00:00,f,1
846537639167713281,The Republican House Freedom Caucus was able to snatch defeat from the jaws of victory. After so many bad years they were ready for a win!,f,f,Twitter for iPhone,43787,7634,2017-03-28 01:41:15+00:00,f,1
846536212362018816,"""...money to Bill, the Hillary Russian """"reset,"""" praise of Russia by Hillary, or Podesta Russian Company. Trump Russia story is a hoax. #MAGA!""",f,f,Twitter for iPhone,57557,15100,2017-03-28 01:35:35+00:00,f,1
846533818811080704,"Why isn't the House Intelligence Committee looking into the Bill &amp, Hillary deal that allowed big Uranium to go to Russia, Russian speech....",f,f,Twitter for iPhone,75124,22022,2017-03-28 01:26:04+00:00,f,1
846166053663191040,General Kelly is doing a great job at the border. Numbers are way down. Many are not even trying to come in anymore.,f,f,Twitter for iPhone,91348,17098,2017-03-27 01:04:42+00:00,f,1
845974102619906048,"Democrats are smiling in D.C. that the Freedom Caucus, with the help of Club For Growth and Heritage, have saved Planned Parenthood &amp, Ocare!",f,f,Twitter for iPhone,54003,12452,2017-03-26 12:21:58+00:00,f,1
845766504608120833,Thanks you for all of the Trump Rallies today. Amazing support. We will all MAKE AMERICA GREAT AGAIN!,f,f,Twitter for iPhone,99333,17000,2017-03-25 22:37:02+00:00,f,1
845646761704243200,Watch @JudgeJeanine on @FoxNews tonight at 9:00 P.M.,f,f,Twitter for Android,43089,8203,2017-03-25 14:41:14+00:00,f,1
845645916732358656,ObamaCare will explode and we will all get together and piece together a great healthcare plan for THE PEOPLE. Do not worry!,f,f,Twitter for Android,88209,18187,2017-03-25 14:37:52+00:00,f,1
845628655493677056,Happy #MedalOfHonorDay to our heroes! ➡️https://t.co/juAB1RmMh0 https://t.co/Sw5ea1OwUf,f,f,Twitter for iPhone,58348,11477,2017-03-25 13:29:17+00:00,f,1
845334323045765121,"Today, I was thrilled to announce a commitment of $25 BILLION &amp, 20K AMERICAN JOBS over the next 4 years. THANK YOU... https://t.co/nWJ1hNmzoR",f,f,Twitter for iPhone,76003,16366,2017-03-24 17:59:42+00:00,f,1
845320243614547968,"Today, I was pleased to announce the official approval of the presidential permit for the #KeystonePipeline. A grea... https://t.co/GWNo2XAueg",f,f,Twitter for iPhone,56618,10424,2017-03-24 17:03:46+00:00,f,1
845249587178819584,"The irony is that the Freedom Caucus, which is very pro-life and against Planned Parenthood, allows P.P. to continue if they stop this plan!",f,f,Twitter for iPhone,52251,10768,2017-03-24 12:23:00+00:00,f,1
845247455868391425,"After seven horrible years of ObamaCare (skyrocketing premiums &amp, deductibles, bad healthcare), this is finally your chance for a great plan!",f,f,Twitter for iPhone,57960,10206,2017-03-24 12:14:32+00:00,f,1
845037368386207746,It was an honor to welcome so many truckers and trucking industry leaders to the @WhiteHouse today! https://t.co/M1veooVBNE,f,f,Twitter for iPhone,66186,13477,2017-03-23 22:19:43+00:00,f,1
844943801848414209,"We are taking action to #RepealANDReplace #Obamacare! Contact your Rep &amp, tell them you support #AHCA. #PassTheBill... https://t.co/5lsrDJXfzb",f,f,Twitter for iPhone,34907,7523,2017-03-23 16:07:55+00:00,f,1
844930836663357440,"A great American, Kurt Cochran, was killed in the London terror attack. My prayers and condolences are with his family and friends.",f,f,Twitter for iPhone,98726,18554,2017-03-23 15:16:24+00:00,f,1
844886082663698436,Just watched the totally biased and fake news reports of the so-called Russia story on NBC and ABC. Such dishonesty!,f,f,Twitter for iPhone,78679,17022,2017-03-23 12:18:33+00:00,f,1
844723847094026242,Spoke to U.K. Prime Minister Theresa May today to offer condolences on the terrorist attack in London. She is strong and doing very well.,f,f,Twitter for iPhone,99484,15806,2017-03-23 01:33:54+00:00,f,1
844716458844311553,RT @mitchellvii: Trump always ends up being right.  It's almost a little freaky.,t,t,Twitter for iPhone,0,18742,2017-03-23 01:04:32+00:00,f,1
844716149828993025,RT @mitchellvii: EXACTLY AS I SAID - House Intel Chair: We Cannot Rule Out Sr. Obama Officials Were Involved in Trump Surveillance https://...,t,t,Twitter for iPhone,0,13778,2017-03-23 01:03:18+00:00,f,1
844536536930619393,Big day for healthcare. Working hard!,f,f,Twitter for iPhone,76342,10554,2017-03-22 13:09:35+00:00,f,1
844250273740738562,"Today on #NationalAgDay, we honor our great American farmers &amp, ranchers. Their hard work &amp, dedication are ingrained... https://t.co/IpGRhly2zj",f,f,Twitter for iPhone,57263,12207,2017-03-21 18:12:05+00:00,f,1
844240534562594817,"Honored to sign S.442 today. With this legislation, we support @NASA's scientists, engineers, and astronauts in the... https://t.co/Z5VwluvJQx",f,f,Twitter for iPhone,56233,11828,2017-03-21 17:33:23+00:00,f,1
844232766711648256,Joined the @HouseGOP Conference this morning at the U.S. Capitol. https://t.co/03e4YBIWr0 #PassTheBill #MAGA🇺🇸... https://t.co/3swdFWGQtP,f,f,Twitter for iPhone,30536,4856,2017-03-21 17:02:31+00:00,f,1
844010257454153729,"Thank you Louisville, Kentucky. Together, we will MAKE AMERICA SAFE AND GREAT AGAIN! https://t.co/qGgWEWUvek",f,f,Twitter for iPhone,64890,11951,2017-03-21 02:18:20+00:00,f,1
843961248811225089,"Thank you Louisville, Kentucky- on my way! #MAGA🇺🇸 https://t.co/3QsBsib6kt",f,f,Twitter for iPhone,51931,9022,2017-03-20 23:03:36+00:00,f,1
843873596963459072,"Congratulations Eric &amp, Lara. Very proud and happy for the two of you! https://t.co/s0T3cTQc40",f,f,Twitter for iPhone,86321,11024,2017-03-20 17:15:18+00:00,f,1
843813078076719107,"What about all of the contact with the Clinton campaign and the Russians? Also, is it true that the DNC would not let the FBI in to look?",f,f,Twitter for iPhone,68254,17209,2017-03-20 13:14:49+00:00,f,1
843803115044454402,Just heard Fake News CNN is doing polls again despite the fact that their election polls were a WAY OFF disaster. Much higher ratings at Fox,f,f,Twitter for iPhone,75222,14554,2017-03-20 12:35:14+00:00,f,1
843779892776964097,"The real story that Congress, the FBI and all others should be looking into is the leaking of Classified information. Must find leaker now!",f,f,Twitter for iPhone,53873,13166,2017-03-20 11:02:57+00:00,f,1
843776582825267201,"The Democrats made up and pushed the Russian story as an excuse for running a terrible campaign. Big advantage in Electoral College &amp, lost!",f,f,Twitter for iPhone,73001,15822,2017-03-20 10:49:48+00:00,f,1
843772976151642112,James Clapper and others stated that there is no evidence Potus colluded with Russia. This story is FAKE NEWS and everyone knows it!,f,f,Twitter for iPhone,59000,13665,2017-03-20 10:35:28+00:00,f,1
843557782666317826,#ICYMI: Weekly Address ➡️https://t.co/ckVx2zgA1x https://t.co/dTGZLvlsGv,f,f,Twitter for iPhone,30765,5970,2017-03-19 20:20:22+00:00,f,1
843090516283723776,"...vast sums of money to NATO &amp, the United States must be paid more for the powerful, and very expensive, defense it provides to Germany!",f,f,Twitter for iPhone,72092,15408,2017-03-18 13:23:37+00:00,f,1
843088518339612673,"Despite what you have heard from the FAKE NEWS, I had a GREAT meeting with German Chancellor Angela Merkel. Nevertheless, Germany owes.....",f,f,Twitter for iPhone,79824,16808,2017-03-18 13:15:41+00:00,f,1
842762240184999936,Great meeting with the @RepublicanStudy Committee this morning at the @WhiteHouse! https://t.co/8Y2UoHoYaY,f,f,Twitter for iPhone,39205,6538,2017-03-17 15:39:10+00:00,f,1
842724011234791424,"""North Korea is behaving very badly. They have been """"playing"""" the United States for years. China has done little to help!""",f,f,Twitter for iPhone,74741,16820,2017-03-17 13:07:15+00:00,f,1
842715710765830147,"RT @foxandfriends: FOX NEWS ALERT: Jihadis using religious visa to enter US, experts warn (via @FoxFriendsFirst) https://t.co/pwXeR9OMQC",t,f,Twitter for iPhone,0,9140,2017-03-17 12:34:17+00:00,f,1
842714739365105664,RT @foxandfriends: VIDEO: Rep. Scalise — GOP agrees on over 85 percent of health care bill https://t.co/05dtfjAUbx,t,f,Twitter for iPhone,0,2719,2017-03-17 12:30:25+00:00,f,1
842713677174358016,RT @AmericaFirstPol: MAJOR IMPACT: @POTUS Trump is 50 Days in and moving swiftly to get America back on the right track. #MAGA https://t.c...,t,f,Twitter for iPhone,0,4759,2017-03-17 12:26:12+00:00,f,1
842712210896052225,RT @FoxNews: Jobs created in February. https://t.co/sOaMDxxTA8,t,f,Twitter for iPhone,0,6080,2017-03-17 12:20:22+00:00,f,1
842710123852320770,Happy Lá Fheile Phadraig to all of my great Irish friends!,f,f,Twitter for iPhone,57456,9600,2017-03-17 12:12:04+00:00,f,1
842670836905639936,"""RT @DiamondandSilk: When the President says """"You're Fired""""     That means: """"Pack Yo Stuff and Go, Not Say """"You Refuse to Go!  #DrainTheSwam...""",t,f,Twitter for iPhone,0,8627,2017-03-17 09:35:58+00:00,f,1
842506649122279425,"My representatives had a great meeting w/ the Hispanic Chamber of Commerce at the WH today. Look forward to tremendous growth &amp, future mtgs!",f,f,Twitter for iPhone,54665,8560,2017-03-16 22:43:32+00:00,f,1
842494190990901248,Great progress on healthcare. Improvements being made - Republicans coming together!,f,f,Twitter for iPhone,59532,9063,2017-03-16 21:54:02+00:00,f,1
842491443675611138,RT @USHCC: USHCC was delighted to host @IvankaTrump for a roundtable discussion w/ Hispanic women biz owners today in Washington #USHCCLegi...,t,f,Twitter for iPhone,0,6003,2017-03-16 21:43:07+00:00,f,1
842467917639913472,"An honor to welcome the Taoiseach of Ireland, @EndaKennyTD to the @WhiteHouse today with @VP Pence. 🇺🇸🇮🇪 https://t.co/J3iTl2iSiQ",f,f,Twitter for iPhone,44915,8735,2017-03-16 20:09:38+00:00,f,1
842403173742579714,A budget that puts #AmericaFirst must make safety its no. 1 priority—without safety there can be no prosperity: https://t.co/9lxx1iQo7m,f,f,Twitter for iPhone,58087,11663,2017-03-16 15:52:22+00:00,f,1
842229104434913280,"Thank you Nashville, Tennessee! https://t.co/6snvQ0DzXN",f,f,Twitter for iPhone,68499,12324,2017-03-16 04:20:41+00:00,f,1
842164356297175040,"In Nashville, Tennessee! Lets MAKE AMERICA GREAT AGAIN! https://t.co/m5UR4vv6UH",f,f,Twitter for iPhone,73675,13491,2017-03-16 00:03:23+00:00,f,1
842154802058543105,Thank you Andrew Jackson! #POTUS7 #USA🇺🇸 https://t.co/GToWsWXiNv,f,f,Twitter for iPhone,56570,10635,2017-03-15 23:25:25+00:00,f,1
842117164144431104,I will be interviewed by @TuckerCarlson tonight at 9:00 P.M. on @FoxNews. Enjoy!,f,f,Twitter for iPhone,50516,7531,2017-03-15 20:55:52+00:00,f,1
841985915778142209,CEO's most optimistic since 2009. It will only get better as we continue to slash unnecessary regulations and when we begin our big tax cut!,f,f,Twitter for iPhone,68144,11489,2017-03-15 12:14:20+00:00,f,1
841974528683192320,"Looking forward to a big rally in Nashville, Tennessee, tonight. Big crowd of great people expected. Will be fun!",f,f,Twitter for iPhone,72093,11621,2017-03-15 11:29:05+00:00,f,1
841970726341074945,"Will be going to Detroit, Michigan (love), today for a big meeting on bringing back car production to State &amp, U.S. Already happening!",f,f,Twitter for iPhone,76062,12074,2017-03-15 11:13:58+00:00,f,1
841967881516679168,"Can you imagine what the outcry would be if @SnoopDogg, failing career and all, had aimed and fired the gun at President Obama? Jail time!",f,f,Twitter for iPhone,106626,32547,2017-03-15 11:02:40+00:00,f,1
841966077005463553,"""Does anybody really believe that a reporter, who nobody ever heard of, """"went to his mailbox"""" and found my tax returns? @NBCNews  FAKE NEWS!""",f,f,Twitter for iPhone,85815,20443,2017-03-15 10:55:30+00:00,f,1
841683431398469632,Great optimism in America – and the results will be even better! https://t.co/SYBl47CsZn,f,f,Twitter for iPhone,53147,9937,2017-03-14 16:12:22+00:00,f,1
841422186573369345,"Meeting w/ Washington, D.C. @MayorBowser and Metro GM Paul Wiedefeld about incoming winter storm preparations here... https://t.co/mg0A4Hq3bD",f,f,Twitter for iPhone,41138,6461,2017-03-13 22:54:16+00:00,f,1
841392683625172992,Proud to welcome our great Cabinet this afternoon for our first meeting. Unfortunately 4 seats were empty because S... https://t.co/bMYph832hF,f,f,Twitter for iPhone,60738,12664,2017-03-13 20:57:02+00:00,f,1
841338126316511233,"Healthcare listening session w/ @VP &amp, @SecPriceMD. Watch: https://t.co/5ayQ4dr8Ip #ReadTheBill:... https://t.co/1cQI0ZBUv8",f,f,Twitter for iPhone,33089,5491,2017-03-13 17:20:15+00:00,f,1
841275470796738560,"ObamaCare is imploding. It is a disaster and 2017 will be the worst year yet, by far! Republicans will come together and save the day.",f,f,Twitter for iPhone,49049,8376,2017-03-13 13:11:17+00:00,f,1
841270741060464648,"It is amazing how rude much of the media is to my very hard working representatives. Be nice, you will do much better!",f,f,Twitter for iPhone,84527,15527,2017-03-13 12:52:29+00:00,f,1
840904454836781056,"RT @AmericaFirstPol: .@POTUS Trump led a historic journey to the White House. 50 days in, that historic journey continues. Take a look 👉 ht...",t,f,Twitter for iPhone,0,5552,2017-03-12 12:36:59+00:00,f,1
840572799202783233,We are making great progress with healthcare. ObamaCare is imploding and will only get worse. Republicans coming together to get job done!,f,f,Twitter for iPhone,88647,13362,2017-03-11 14:39:07+00:00,f,1
840225958854561792,Weekly Address - 11:00 A.M. at the @WhiteHouse! #MAGA🇺🇸➡️https://t.co/YSaPJnSX2i https://t.co/Gb8iTGzb6j,f,f,Twitter for iPhone,36216,6989,2017-03-10 15:40:53+00:00,f,1
840196801009451009,"RT @DRUDGE_REPORT: GREAT AGAIN:  +235,000 https://t.co/GkockGNdtC",t,t,Twitter for iPhone,0,7724,2017-03-10 01:45:02+00:00,f,1
840193545046773760,"""RT @foxandfriends: """"Never give up....that's the worst thing you could do. There's always a chance."""" -Kyle Coddington's message to those als...""",t,f,Twitter for iPhone,0,7600,2017-03-10 13:32:05+00:00,f,1
839976956703748096,Honored to meet this years @SenateYouth delegates w/ @VP Pence in the East Room of the @WhiteHouse. Congratulations... https://t.co/oQIx7LybCV,f,f,Twitter for iPhone,48003,8528,2017-03-09 23:11:27+00:00,f,1
839968149890076672,'U.S. Consumer Comfort Just Reached Its Highest Level in a Decade' ➡️https://t.co/S8nZgmeMMV https://t.co/xC0piRa6eP,f,f,Twitter for iPhone,56888,12946,2017-03-09 22:36:27+00:00,f,1
839883804315684864,"Despite what you hear in the press, healthcare is coming along great. We are talking to many groups and it will end in a beautiful picture!",f,f,Twitter for iPhone,95364,17137,2017-03-09 17:01:17+00:00,f,1
839826581354921984,RT @foxnation: .@realDonaldTrump's First Full Month in Office Sees Biggest Jobs Gain 'In Years': Report: https://t.co/rx4bgI1MWK,t,t,Twitter for iPhone,0,12324,2017-03-09 01:13:54+00:00,f,1
839625347524096000,"Great news. We are only just beginning. Together, we are going to #MAGA! https://t.co/BSp685Q9Qf https://t.co/K7yeBZsf6r",f,f,Twitter for iPhone,75593,17484,2017-03-08 23:54:16+00:00,f,1
839624377826230272,Met with @RepCummings today at the @WhiteHouse. Great discussion!,f,f,Twitter for iPhone,46013,6289,2017-03-08 23:50:25+00:00,f,1
839448469374894080,LinkedIn Workforce Report: January and February were the strongest consecutive months for hiring since August and September 2015,f,f,Twitter for Android,71995,12722,2017-03-08 12:11:25+00:00,f,1
839433951957696513,"On International Women's Day, join me in honoring the critical role of women here in America &amp, around the world.",f,f,Twitter for iPhone,97956,17512,2017-03-08 11:13:44+00:00,f,1
839433678275153921,I have tremendous respect for women and the many roles they serve that are vital to the fabric of our society and our economy.,f,f,Twitter for iPhone,103193,18666,2017-03-08 11:12:39+00:00,f,1
839268048313929729,I feel sure that my friend @RandPaul will come along with the new and great health care program because he knows Obamacare is a disaster!,f,f,Twitter for iPhone,68543,12336,2017-03-08 00:14:30+00:00,f,1
839116941956640768,"Don't let the FAKE NEWS tell you that there is big infighting in the Trump Admin. We are getting along great, and getting major things done!",f,f,Twitter for Android,102703,20774,2017-03-07 14:14:03+00:00,f,1
839110000870109184,I am working on a new system where there will be competition in the Drug Industry. Pricing for the American people will come way down!,f,f,Twitter for Android,105938,19352,2017-03-07 13:46:28+00:00,f,1
839108868584124417,"Don't worry, getting rid of state lines, which will promote competition, will be in phase 2 &amp, 3 of healthcare rollout. @foxandfriends",f,f,Twitter for Android,69498,13232,2017-03-07 13:41:58+00:00,f,1
839101660886614016,"""For eight years Russia """"ran over"""" President Obama, got stronger and stronger, picked-off Crimea and added missiles. Weak! @foxandfriends""",f,f,Twitter for Android,66379,14055,2017-03-07 13:13:20+00:00,f,1
839086723552411648,Our wonderful new Healthcare Bill is now out for review and negotiation. ObamaCare is a complete and total disaster - is imploding fast!,f,f,Twitter for Android,68939,12084,2017-03-07 12:13:59+00:00,f,1
839084268991229952,"122 vicious prisoners, released by the Obama Administration from Gitmo, have returned to the battlefield. Just another terrible decision!",f,f,Twitter for Android,78113,18357,2017-03-07 12:04:13+00:00,f,1
838960097674002432,"Thank you to @exxonmobil for your $20 billion investment that is creating more than 45,000 manufacturing &amp, construction jobs in the USA!",f,f,Twitter for iPhone,84302,15584,2017-03-07 03:50:49+00:00,f,1
838959869772328960,"Buy American &amp, hire American are the principles at the core of my agenda, which is: JOBS, JOBS, JOBS! Thank you @exxonmobil.",f,f,Twitter for iPhone,73925,13078,2017-03-07 03:49:54+00:00,f,1
838899465390018560,There is an incredible spirit of optimism sweeping the country right now—we're bringing back the JOBS! https://t.co/BNSLvKiEVj,f,f,Twitter for iPhone,92102,20318,2017-03-06 23:49:53+00:00,f,1
838862312685637640,"45,000 construction &amp, manufacturing jobs in the U.S. Gulf Coast region. $20 billion investment. We are already winning again, America!",f,f,Twitter for iPhone,98973,19858,2017-03-06 21:22:15+00:00,f,1
838862131852369922,"Buy American &amp, hire American are the principals at the core of my agenda, which is: JOBS, JOBS, JOBS! Thank you @exxonmobil.",f,t,Twitter for iPhone,65634,13723,2017-03-06 09:21:32+00:00,f,1
838861512999649286,'President Trump Congratulates Exxon Mobil for Job-Creating Investment Program'https://t.co/adBzWhtq8S,f,f,Twitter for iPhone,60072,10364,2017-03-06 21:19:04+00:00,f,1
838441522546769923,Thank you for the great rallies all across the country. Tremendous support. Make America Great Again!,f,f,Twitter for iPhone,146357,24757,2017-03-05 17:30:11+00:00,f,1
838353481526312961,"""Who was it that secretly said to Russian President, """"Tell Vladimir that after the election I'll have more flexibility?"""" @foxandfriends""",f,f,Twitter for Android,106002,29915,2017-03-05 11:40:20+00:00,f,1
838351476401520640,Is it true the DNC would not allow the FBI access to check server or other equipment after learning it was hacked? Can that be possible?,f,f,Twitter for Android,80797,19744,2017-03-05 11:32:22+00:00,f,1
838016045222854656,"Arnold Schwarzenegger isn't voluntarily leaving the Apprentice, he was fired by his bad (pathetic) ratings, not by me. Sad end to great show",f,f,Twitter for Android,88945,18495,2017-03-04 13:19:29+00:00,f,1
837996746236182529,How low has President Obama gone to tapp my phones during the very sacred election process. This is Nixon/Watergate. Bad (or sick) guy!,f,f,Twitter for Android,146971,51244,2017-03-04 12:02:48+00:00,f,1
837994257566863360,"I'd bet a good lawyer could make a great case out of the fact that President Obama was tapping my phones in October, just prior to Election!",f,f,Twitter for Android,117889,35540,2017-03-04 11:52:54+00:00,f,1
837993273679560704,"""Is it legal for a sitting President to be """"wire tapping"""" a race for president prior to an election? Turned down by court earlier. A NEW LOW!""",f,f,Twitter for Android,114499,38292,2017-03-04 11:49:00+00:00,f,1
837991759045079040,"Just out: The same Russian Ambassador that met Jeff Sessions visited the Obama White House 22 times, and 4 times last year alone.",f,f,Twitter for Android,101452,30242,2017-03-04 11:42:59+00:00,f,1
837989835818287106,"""Terrible! Just found out that Obama had my """"wires tapped"""" in Trump Tower just before the victory. Nothing found. This is McCarthyism!""",f,f,Twitter for Android,140761,57397,2017-03-04 11:35:20+00:00,f,1
837987684660412416,The first meeting Jeff Sessions had with the Russian Amb was set up by the Obama Administration under education program for 100 Ambs......,f,f,Twitter for Android,73653,19605,2017-03-04 11:26:47+00:00,f,1
837787963027144706,MAKE AMERICA GREAT AGAIN! https://t.co/kuQiZDz4rA,f,f,Twitter for iPhone,106619,31798,2017-03-03 22:13:10+00:00,f,1
837770149767827456,"I hereby demand a second investigation, after Schumer, of Pelosi for her close ties to Russia, and lying about it. https://t.co/qCDljfF3wN",f,f,Twitter for iPhone,103080,33162,2017-03-03 21:02:23+00:00,f,1
837767004236955649,"I hearby demand a second investigation, after Schumer, of Pelosi for her close ties to Russia, and lying about it. https://t.co/qCDljfF3wN",f,t,Twitter for iPhone,4,11,2017-03-03 08:49:53+00:00,f,1
837766616603586560,We must fix our education system for our kids to Make America Great Again. Wonderful day at Saint Andrew in Orlando. https://t.co/OTJaHcvLzf,f,f,Twitter for iPhone,70188,13280,2017-03-03 20:48:21+00:00,f,1
837766402937393155,"I hear by demand a second investigation, after Schumer, of Pelosi for her close ties to Russia, and lying about it. https://t.co/qCDljfF3wN",f,t,Twitter for iPhone,93,41,2017-03-03 08:47:30+00:00,f,1
837722869106880517,We should start an immediate investigation into @SenSchumer and his ties to Russia and Putin. A total hypocrite! https://t.co/Ik3yqjHzsA,f,f,Twitter for iPhone,126200,44855,2017-03-03 17:54:30+00:00,f,1
837704599704375296,Weekly AddressJoin me here: https://t.co/SEavQK5zy5 https://t.co/EnyXYeqgcp,f,f,Twitter for iPhone,45197,8031,2017-03-03 16:41:55+00:00,f,1
837638488656920576,It is so pathetic that the Dems have still not approved my full Cabinet.,f,f,Twitter for Android,115208,22309,2017-03-03 12:19:12+00:00,f,1
837633820417482754,"Nick Adams new book, Green Card Warrior, is a must read. The merit-based system is the way to go. Canada, Australia! @foxandfriends",f,f,Twitter for Android,55857,11130,2017-03-03 12:00:39+00:00,f,1
837492425283219458,"""...is all of the illegal leaks of classified and other information. It is a total """"witch hunt!""""""",f,f,Twitter for Android,77833,14321,2017-03-03 02:38:48+00:00,f,1
837491607171629057,"...to win. The Democrats are overplaying their hand. They lost the election, and now they have lost their grip on reality. The real story...",f,f,Twitter for Android,91822,18413,2017-03-03 02:35:33+00:00,f,1
837489578193846278,...intentional. This whole narrative is a way of saving face for Democrats losing an election that everyone thought they were supposed.....,f,f,Twitter for Android,75312,13808,2017-03-03 02:27:29+00:00,f,1
837488402438176769,"Jeff Sessions is an honest man. He did not say anything wrong. He could have stated his response more accurately, but it was clearly not....",f,f,Twitter for Android,85668,15743,2017-03-03 02:22:49+00:00,f,1
837256338203881472,"Since November 8th, Election Day, the Stock Market has posted $3.2 trillion in GAINS and consumer confidence is at a 15 year high. Jobs!",f,f,Twitter for Android,150187,30337,2017-03-02 11:00:41+00:00,f,1
836933725602656256,THANK YOU!,f,f,Twitter for Android,156417,21712,2017-03-01 13:38:44+00:00,f,1
836753422271582208,#JointSession #MAGA🇺🇸https://t.co/RDO6Jt2pip,f,f,Twitter for iPhone,54173,8142,2017-03-01 01:42:16+00:00,f,1
836750538943377408,Join me live at 9:00 P.M. #JointAddress https://t.co/J882zbyVkJ https://t.co/gTtK3vJmkU,f,f,Twitter for iPhone,46801,5916,2017-03-01 01:30:49+00:00,f,1
836406328369242113,I will be interviewed on @foxandfriends at 6:00 A.M. Enjoy!,f,f,Twitter for Android,70547,8987,2017-02-28 02:43:03+00:00,f,1
836332166728527872,"GOP now viewed more favorably than Dems, in Trump era (per NBC/WSJ poll) via @HotlineJosh:https://t.co/Soebxtg2Zd",f,f,Twitter for iPhone,59279,11710,2017-02-27 21:48:21+00:00,f,1
836261209540288513,Great meeting with CEOs of leading U.S. health insurance companies who provide great healthcare to the American peo... https://t.co/60jigi6ffS,f,f,Twitter for iPhone,76581,12500,2017-02-27 17:06:23+00:00,f,1
835946001873657858,"Big dinner with Governors tonight at White House. Much to be discussed, including healthcare.",f,f,Twitter for Android,90079,12681,2017-02-26 20:13:52+00:00,f,1
835916511944523777,"Russia talk is FAKE NEWS put out by the Dems, and played up by the media, in order to mask the big election defeat and the illegal leaks!",f,f,Twitter for Android,94932,19841,2017-02-26 18:16:41+00:00,f,1
835817351178301440,"For first time the failing @nytimes will take an ad (a bad one) to help save its failing reputation. Try reporting accurately &amp, fairly!",f,f,Twitter for Android,91484,17223,2017-02-26 11:42:39+00:00,f,1
835814988686233601,"""The race for DNC Chairman was, of course, totally """"rigged."""" Bernie's guy, like Bernie himself, never had a chance. Clinton demanded Perez!""",f,f,Twitter for Android,72294,15010,2017-02-26 11:33:16+00:00,f,1
835610917568200705,"Congratulations to Thomas Perez, who has just been named Chairman of the DNC. I could not be happier for him, or for the Republican Party!",f,f,Twitter for Android,108758,22614,2017-02-25 22:02:22+00:00,f,1
835608648625836032,I will not be attending the White House Correspondents' Association Dinner this year. Please wish everyone well and have a great evening!,f,f,Twitter for Android,105046,19556,2017-02-25 21:53:21+00:00,f,1
835553050530099200,Weekly Address from @WhiteHouse: https://t.co/uaoQSHBOQB https://t.co/7eF6aC6kEC,f,f,Twitter for iPhone,38278,8069,2017-02-25 18:12:25+00:00,f,1
835481237879926784,"Great optimism for future of U.S. business, AND JOBS, with the DOW having an 11th straight record close. Big tax &amp, regulation cuts coming!",f,f,Twitter for Android,88287,16010,2017-02-25 13:27:04+00:00,f,1
835479283699224576,The media has not reported that the National Debt in my first month went down by $12 billion vs a $200 billion increase in Obama first mo.,f,f,Twitter for Android,171787,51015,2017-02-25 13:19:18+00:00,f,1
835465719970217984,Maybe the millions of people who voted to MAKE AMERICA GREAT AGAIN should have their own rally. It would be the biggest of them all!,f,f,Twitter for Android,134977,28012,2017-02-25 12:25:24+00:00,f,1
835325771858251776,FAKE NEWS media knowingly doesn't tell the truth. A great danger to our country. The failing @nytimes has become a joke. Likewise @CNN. Sad!,f,f,Twitter for Android,91128,20977,2017-02-25 03:09:18+00:00,f,1
835173525522624512,Trump vows to fight 'epidemic' of human trafficking https://t.co/oDLZ2NdrtA,f,f,Twitter for iPhone,77897,16609,2017-02-24 17:04:19+00:00,f,1
835124485632180224,Going to CPAC!,f,f,Twitter for Android,60106,7052,2017-02-24 13:49:27+00:00,f,1
835106143462703104,find the leakers within the FBI itself. Classified information is being given to media that could have a devastating effect on U.S. FIND NOW,f,f,Twitter for Android,85470,17881,2017-02-24 12:36:34+00:00,f,1
835104946034991106,"""The FBI is totally unable to stop the national security """"leakers"""" that have permeated our government for a long time. They can't even......""",f,f,Twitter for Android,68252,14880,2017-02-24 12:31:49+00:00,f,1
834917440450609152,Big interview tonight by Henry Kravis at The Business Council of Washington. Looking forward to it!,f,f,Twitter for Android,49057,6588,2017-02-24 00:06:44+00:00,f,1
834916167177371648,Seven people shot and killed yesterday in Chicago. What is going on there - totally out of control. Chicago needs help!,f,f,Twitter for Android,91005,18539,2017-02-24 00:01:40+00:00,f,1
834899071982841856,"'S&amp,P 500 Edges Higher After Trump Renews Jobs Pledge' https://t.co/WtrRJVFmvU",f,f,Twitter for iPhone,47681,8509,2017-02-23 22:53:45+00:00,f,1
834384982495940613,Very much enjoyed my tour of the Smithsonian's National Museum of African American History and Culture...A great job done by amazing people!,f,f,Twitter for Android,99765,13118,2017-02-22 12:50:56+00:00,f,1
834377364947816448,"One thing I will say about Rep. Keith Ellison, in his fight to lead the DNC, is that he was the one who predicted early that I would win!",f,f,Twitter for Android,67012,9636,2017-02-22 12:20:40+00:00,f,1
834181712783560705,"The so-called angry crowds in home districts of some Republicans are actually, in numerous cases, planned out by liberal activists. Sad!",f,f,Twitter for Android,99118,20720,2017-02-21 23:23:13+00:00,f,1
834142323881684993,'Americans overwhelmingly oppose sanctuary cities' https://t.co/s5QvsJWA6u,f,f,Twitter for iPhone,90269,18917,2017-02-21 20:46:42+00:00,f,1
833838311315763200,"Congratulations to our new National Security Advisor, General H.R. McMaster. Video: https://t.co/BKn9r225Kk https://t.co/VBXcJ1b6Pv",f,f,Twitter for iPhone,80414,13042,2017-02-21 00:38:40+00:00,f,1
833783438922629125,Just named General H.R. McMaster National Security Advisor.,f,f,Twitter for Android,90189,12680,2017-02-20 21:00:37+00:00,f,1
833761537525444608,Meeting with Generals at Mar-a-Lago in Florida. Very interesting!,f,t,Twitter for Android,97,33,2017-02-20 07:33:35+00:00,f,1
833686030679207936,HAPPY PRESIDENTS DAY - MAKE AMERICA GREAT AGAIN!,f,f,Twitter for Android,207439,39259,2017-02-20 14:33:33+00:00,f,1
833681539997253636,Give the public a break - The FAKE NEWS media is trying to say that large scale immigration in Sweden is working out just beautifully. NOT!,f,f,Twitter for Android,119037,28264,2017-02-20 14:15:42+00:00,f,1
833435244451753984,"My statement as to what's happening in Sweden was in reference to a story that was broadcast on @FoxNews concerning immigrants &amp, Sweden.",f,f,Twitter for Android,94245,21144,2017-02-19 21:57:01+00:00,f,1
833050081641234435,"Getting ready to leave for Melbourne, Florida. See you all soon!",f,t,Twitter for Android,162,37,2017-02-18 08:26:31+00:00,f,1
832950628750127106,"Will be having many meetings this weekend at The Southern White House. Big 5:00 P.M. speech in Melbourne, Florida. A lot to talk about!",f,f,Twitter for Android,84541,12235,2017-02-18 13:51:20+00:00,f,1
832945737625387008,Don't believe the main stream (fake news) media.The White House is running VERY WELL. I inherited a MESS and am in the process of fixing it.,f,f,Twitter for Android,157854,31579,2017-02-18 13:31:53+00:00,f,1
832742165436579840,Looking forward to the Florida rally tomorrow. Big crowd expected!,f,f,Twitter for Android,83771,11373,2017-02-18 00:02:58+00:00,f,1
832730328108134402,"""""""One of the most effective press conferences I've ever seen!"""" says Rush Limbaugh. Many agree.Yet FAKE MEDIA  calls it differently! Dishonest""",f,f,Twitter for Android,102212,17521,2017-02-17 23:15:56+00:00,f,1
832708293516632065,"The FAKE NEWS media (failing @nytimes, @NBCNews, @ABC, @CBS, @CNN) is not my enemy, it is the enemy of the American People!",f,f,Twitter for Android,138014,43870,2017-02-17 21:48:22+00:00,f,1
832704292993847296,"The FAKE NEWS media (failing @nytimes, @CNN, @NBCNews and many more)    is not my enemy, it is the enemy of the American people. SICK!",f,t,Twitter for Android,247,112,2017-02-17 09:32:29+00:00,f,1
832614137586933760,Join me at 11:00am:Watch here: https://t.co/veqKmsGAwf https://t.co/UzndIjIqjM,f,f,Twitter for iPhone,47896,7961,2017-02-17 15:34:14+00:00,f,1
832579442790772736,"General Keith Kellogg, who I have known for a long time, is very much in play for NSA - as are three others.",f,f,Twitter for iPhone,58839,8699,2017-02-17 13:16:22+00:00,f,1
832555987299082242,Thank you for all of the nice statements on the Press Conference yesterday. Rush Limbaugh said one of greatest ever. Fake media not happy!,f,f,Twitter for Android,128605,21296,2017-02-17 11:43:10+00:00,f,1
832554772318322688,"Going to Charleston, South Carolina, in order to spend time with Boeing and talk jobs! Look forward to it.",f,f,Twitter for Android,84738,11580,2017-02-17 11:38:20+00:00,f,1
832533430168608768,"Despite the long delays by the Democrats in finally approving Dr. Tom Price, the repeal and replacement of ObamaCare is moving fast!",f,f,Twitter for Android,87894,13898,2017-02-17 10:13:32+00:00,f,1
832238070460186625,"The Democrats had to come up with a story as to why they lost the election, and so badly (306), so they made up a story - RUSSIA. Fake news!",f,f,Twitter for Android,101840,21598,2017-02-16 14:39:52+00:00,f,1
832230758299340800,"""FAKE NEWS media, which makes up stories and """"sources,"""" is far more effective than the discredited Democrats - but they are fading fast!""",f,f,Twitter for Android,83434,15740,2017-02-16 14:10:49+00:00,f,1
832198588201594880,The spotlight has finally been put on the low-life leakers! They will be caught!,f,f,Twitter for Android,106549,20162,2017-02-16 12:02:59+00:00,f,1
832197515248275456,"Leaking, and even illegal classified leaking, has been a big problem in Washington for years. Failing @nytimes (and others) must apologize!",f,f,Twitter for Android,75997,13869,2017-02-16 11:58:43+00:00,f,1
832191485701451777,Stock market hits new high with longest winning streak in decades. Great level of confidence and optimism - even before tax plan rollout!,f,f,Twitter for Android,109157,19081,2017-02-16 11:34:46+00:00,f,1
828447350200926212,"What an amazing comeback and win by the Patriots. Tom Brady, Bob Kraft and Coach B are total winners. Wow!",f,f,Twitter for Android,229030,58976,2017-02-06 03:36:54+00:00,f,1
832016501657968640,"Venezuela should allow Leopoldo Lopez, a political prisoner &amp, husband of @liliantintori (just met w/ @marcorubio) o... https://t.co/HhgE51dtSN",f,f,Twitter for iPhone,95613,47529,2017-02-15 23:59:26+00:00,f,1
831979921555742732,Aetna CEO: Obamacare in 'Death Spiral' #RepealAndReplace https://t.co/dmHL7xIEQv,f,f,Twitter for iPhone,49515,11758,2017-02-15 21:34:05+00:00,f,1
831952535544070145,Join me in Florida this Saturday at 5pm for a rally at the Orlando-Melbourne International Airport!Tickets:... https://t.co/OigfXFECPp,f,f,Twitter for iPhone,61012,14446,2017-02-15 19:45:16+00:00,f,1
831945670324060164,"Welcome to the United States, @IsraeliPM Benjamin &amp, Sara!#ICYMI🇺🇸🇮🇱Joint Press Conference: https://t.co/GN6ALWUusN https://t.co/bH60nBL5FP",f,f,Twitter for iPhone,63588,11580,2017-02-15 19:17:59+00:00,f,1
831904516316479489,Great listening session with CEO's of the Retail Industry Leaders Association this morning! https://t.co/sy6xJcWfcF,f,f,Twitter for iPhone,56296,8700,2017-02-15 16:34:27+00:00,f,1
831853862281699331,"""The real scandal here is that classified information is illegally given out by """"intelligence"""" like candy. Very un-American!""",f,f,Twitter for Android,109003,25903,2017-02-15 13:13:10+00:00,f,1
831846101179314177,Crimea was TAKEN by Russia during the Obama Administration. Was Obama too soft on Russia?,f,f,Twitter for Android,84784,20605,2017-02-15 12:42:20+00:00,f,1
831842652085686273,"""Thank you to Eli Lake of The Bloomberg View - """"The NSA &amp, FBI...should not interfere in our politics...and is"""" Very serious situation for USA""",f,f,Twitter for Android,65568,13163,2017-02-15 12:28:37+00:00,f,1
831840306161123328,"Information is being illegally given to the failing @nytimes &amp, @washingtonpost by the intelligence community (NSA and FBI?).Just like Russia",f,f,Twitter for Android,67304,17025,2017-02-15 12:19:18+00:00,f,1
831837514226921472,This Russian connection non-sense is merely an attempt to cover-up the many mistakes made in Hillary Clinton's losing campaign.,f,f,Twitter for Android,99042,22107,2017-02-15 12:08:12+00:00,f,1
831830548565852160,"The fake news media is going crazy with their conspiracy theories and blind hatred. @MSNBC &amp, @CNN are unwatchable. @foxandfriends is great!",f,f,Twitter for Android,87995,20835,2017-02-15 11:40:32+00:00,f,1
831636777110757377,"Obamacare continues to fail. Humana to pull out in 2018. Will repeal, replace &amp, save healthcare for ALL Americans. https://t.co/glWEQ0lNR4",f,f,Twitter for iPhone,74451,14365,2017-02-14 22:50:33+00:00,f,1
831621079747723264,'Remarks by President Trump at Signing of H.J. Resolution 41'https://t.co/Q3MoCGAc54 https://t.co/yGDDTKm9Br,f,f,Twitter for iPhone,38919,6746,2017-02-14 21:48:10+00:00,f,1
831599387906301952,"Great parent-teacher listening session this morning with @VP Pence &amp, @usedgov Secretary @BetsyDeVos. Watch:... https://t.co/nuLTs513Ot",f,f,Twitter for iPhone,50199,9171,2017-02-14 20:21:59+00:00,f,1
831510532318429184,The real story here is why are there so many illegal leaks coming out of Washington? Will these leaks be happening as I deal on N.Korea etc?,f,f,Twitter for Android,94091,21511,2017-02-14 14:28:54+00:00,f,1
831344902990655489,Congratulations to our new #VASecretary Dr. David Shulkin. Time to take care of Veterans who have fought to protect... https://t.co/FNewjbHuw4,f,f,Twitter for iPhone,77644,13158,2017-02-14 03:30:45+00:00,f,1
831336432073658368,Congratulations Treasury Secretary Steven Mnuchin! #ICYMI- watch here: https://t.co/RPsmw4yD7y https://t.co/K8tWLlXiYK,f,f,Twitter for iPhone,54461,8780,2017-02-14 02:57:05+00:00,f,1
831214091993751552,"Wonderful meeting with Canadian PM @JustinTrudeau and a group of leading CEO's &amp, business women from Canada🇨🇦and th... https://t.co/wAoCOaYeZ6",f,f,Twitter for iPhone,73461,12663,2017-02-13 18:50:57+00:00,f,1
831185943482793986,Welcome to the @WhiteHouse Prime Minister @JustinTrudeau! https://t.co/WKgF8Zo9ri,f,f,Twitter for iPhone,72827,10974,2017-02-13 16:59:06+00:00,f,1
831169341358014475,Today I will meet with Canadian PM Trudeau and a group of leading business women to discuss women in the workforce. https://t.co/bFAHPRXHdP,f,f,Twitter for iPhone,63811,9569,2017-02-13 15:53:08+00:00,f,1
830904083519242241,Just leaving Florida. Big crowds of enthusiastic supporters lining the road that the FAKE NEWS media refuses to mention. Very dishonest!,f,f,Twitter for Android,119777,20471,2017-02-12 22:19:05+00:00,f,1
830804130692268032,Congratulations Stephen Miller- on representing me this morning on the various Sunday morning shows. Great job!,f,f,Twitter for iPhone,87544,12960,2017-02-12 15:41:55+00:00,f,1
830769247185952772,I know Mark Cuban well. He backed me big-time but I wasn't interested in taking all of his calls.He's not smart enough to run for president!,f,f,Twitter for Android,68759,12178,2017-02-12 13:23:18+00:00,f,1
830764596235485188,"After two days of very productive talks, Prime Minister Abe is heading back to Japan. L",f,f,Twitter for Android,69989,10467,2017-02-12 13:04:49+00:00,f,1
830751875578355713,"While on FAKE NEWS @CNN, Bernie Sanders was cut off for using the term fake news to describe the network. They said technical difficulties!",f,f,Twitter for Android,94611,19670,2017-02-12 12:14:16+00:00,f,1
830747067379232769,"72% of refugees admitted into U.S. (2/3 -2/11) during COURT BREAKDOWN are from 7 countries: SYRIA, IRAQ, SOMALIA, IRAN, SUDAN, LIBYA &amp, YEMEN",f,f,Twitter for Android,67755,18102,2017-02-12 11:55:10+00:00,f,1
830741932099960834,"The crackdown on illegal criminals is merely the keeping of my campaign promise. Gang members, drug dealers &amp, others are being removed!",f,f,Twitter for Android,125925,23518,2017-02-12 11:34:45+00:00,f,1
830643095150657536,#ICYMI: Joint Statement with Prime Minister Shinzo Abe on North Korea. https://t.co/qEC87FKB1D,f,f,Twitter for iPhone,52412,11758,2017-02-12 05:02:01+00:00,f,1
830618234726543360,RT @Scavino45: LIVE Joint Statement by President Trump and Prime Minister Shinzo Abe: https://t.co/c3Fe5cUaaS,t,f,Twitter for iPhone,0,3806,2017-02-12 03:23:13+00:00,f,1
830558065715998726,"A working dinner tonight with Prime Minister Abe of Japan, and his representatives, at the Winter White House (Mar-a-Lago). Very good talks!",f,f,Twitter for Android,83432,11165,2017-02-11 23:24:08+00:00,f,1
830555911559249926,"Played golf today with Prime Minister Abe of Japan and @TheBig_Easy, Ernie Els, and had a great time. Japan is very well represented!",f,f,Twitter for iPhone,71549,10746,2017-02-11 23:15:34+00:00,f,1
830553970225590277,"Playef golf today with Prime Minister Abe of Japan and @TheBig_Easy, Ernie Els, and had a great time. Japan is very well represented!",f,t,Twitter for Android,1,8,2017-02-11 11:07:52+00:00,f,1
830552079240409089,"I am so proud of my daughter Ivanka. To be abused and treated so badly by the media, and to still hold her head so high, is truly wonderful!",f,f,Twitter for Android,178365,22738,2017-02-11 23:00:21+00:00,f,1
830483672096768001,Having a great time hosting Prime Minister Shinzo Abe in the United States! https://t.co/Fvjsac89qS... https://t.co/hKqbMB2aQ9,f,f,Twitter for iPhone,78833,13695,2017-02-11 18:28:31+00:00,f,1
830409522397184000,"Melania and I are hosting Japanese Prime Minister Shinzo Abe and Mrs. Abe at Mar-a-Lago in Palm Beach, Fla. They are a wonderful couple!",f,f,Twitter for Android,102823,13707,2017-02-11 13:33:53+00:00,f,1
830407172747988992,"...design or negotiations yet. When I do, just like with the F-35 FighterJet or the Air Force One Program, price will come WAY DOWN!",f,f,Twitter for Android,70987,10331,2017-02-11 13:24:32+00:00,f,1
830405706255912960,"I am reading that the great border WALL will cost more than the government originally thought, but I have not gotten involved in the.....",f,f,Twitter for Android,65147,11290,2017-02-11 13:18:43+00:00,f,1
830389130311921667,"""Our legal system is broken! """"77% of refugees allowed into U.S. since travel reprieve hail from seven suspect countries."""" (WT)  SO DANGEROUS!""",f,f,Twitter for Android,85268,18524,2017-02-11 12:12:51+00:00,f,1
830195857530183684,Heading to Joint Base Andrews on #MarineOne with Prime Minister Shinzō earlier today. https://t.co/4JFhyYdeHO,f,f,Twitter for iPhone,135742,32386,2017-02-10 23:24:51+00:00,f,1
830047626414477312,"""The failing @nytimes does major FAKE NEWS China story saying """"Mr.Xi has not spoken to Mr. Trump since Nov.14."""" We spoke at length yesterday!""",f,f,Twitter for Android,90061,18944,2017-02-10 13:35:50+00:00,f,1
830042498806460417,"""LAWFARE: """"Remarkably, in the entire opinion, the panel did not bother even to cite this (the) statute."""" A disgraceful decision!""",f,f,Twitter for Android,75336,13933,2017-02-10 13:15:27+00:00,f,1
829836231802515457,"SEE YOU IN COURT, THE SECURITY OF OUR NATION IS AT STAKE!",f,f,Twitter for Android,200858,54010,2017-02-09 23:35:49+00:00,f,1
829721019720015872,"Join us live in the Oval Office for the swearing in of our new Attorney General, @SenatorSessions!LIVE:... https://t.co/QeW6vjog4A",f,f,Twitter for iPhone,60475,8628,2017-02-09 15:58:01+00:00,f,1
829689436279603206,"""..Ryan died on a winning mission ( according to General Mattis), not a """"failure."""" Time for the U.S. to get smart and start winning again!""",f,f,Twitter for Android,77430,11868,2017-02-09 13:52:31+00:00,f,1
829684271812067328,"...long he doesn't know how to win anymore, just look at the mess our country is in - bogged down in conflict all over the place. Our hero..",f,f,Twitter for Android,57228,9308,2017-02-09 13:31:59+00:00,f,1
829682794951475200,Sen. McCain should not be talking about the success or failure of a mission to the media. Only emboldens the enemy! He's been losing so....,f,f,Twitter for Android,72404,12598,2017-02-09 13:26:07+00:00,f,1
829681034564341760,"""Chris Cuomo, in his interview with Sen. Blumenthal, never asked him about his long-term lie about his brave """"service"""" in Vietnam. FAKE NEWS!""",f,f,Twitter for Android,61906,11849,2017-02-09 13:19:08+00:00,f,1
829660612452036608,"Sen.Richard Blumenthal, who never fought in Vietnam when he said for years he had (major lie),now misrepresents what Judge Gorsuch told him?",f,f,Twitter for Android,71096,15457,2017-02-09 11:57:59+00:00,f,1
829496507841789952,"Congratulations to our new Attorney General, @SenatorSessions! https://t.co/e0buP1K83z",f,f,Twitter for iPhone,139555,26303,2017-02-09 01:05:53+00:00,f,1
829451566000242688,'Trump administration seen as more truthful than news media'https://t.co/6LmsR5JOSW,f,f,Twitter for iPhone,74507,14077,2017-02-08 22:07:18+00:00,f,1
829446266111287305,"'Majority in Leading EU Nations Support Trump-Style Travel Ban' Poll of more than 10,000 people in 10 countries...https://t.co/KWsIWhtC9o",f,f,Twitter for iPhone,69702,17304,2017-02-08 21:46:14+00:00,f,1
829414457126313986,'Immigration Ban Is One Of Trump's Most Popular Orders So Far' https://t.co/wAelwuQ4BE,f,f,Twitter for iPhone,103988,24317,2017-02-08 19:39:51+00:00,f,1
829410107406614534,"Thank you Brian Krzanich, CEO of @Intel. A great investment ($7 BILLION) in American INNOVATION and JOBS!... https://t.co/oicfDsPKHQ",f,f,Twitter for iPhone,83434,17745,2017-02-08 19:22:33+00:00,f,1
829384587482656768,"Big increase in traffic into our country from certain areas, while our people are far more vulnerable, as we wait for what should be EASY D!",f,f,Twitter for Android,75382,14065,2017-02-08 17:41:09+00:00,f,1
829357626798530561,'16 Fake News Stories Reporters Have Run Since Trump Won' https://t.co/0dHld5kiVc,f,f,Twitter for iPhone,53711,15219,2017-02-08 15:54:01+00:00,f,1
829356871848951809,My daughter Ivanka has been treated so unfairly by @Nordstrom. She is a great person -- always pushing me to do the right thing! Terrible!,f,f,Twitter for iPhone,122097,22122,2017-02-08 15:51:01+00:00,f,1
829349943613734912,"Thank you to our great Police Chiefs &amp, Sheriffs for your leadership &amp, service. You have a true friend in the... https://t.co/Lysnv8ZR1h",f,f,Twitter for iPhone,77490,13150,2017-02-08 15:23:29+00:00,f,1
829315036329963521,"I will be speaking at 9:00 A.M. today to Police Chiefs and Sheriffs and will be discussing the horrible, dangerous and wrong decision.......",f,f,Twitter for Android,63803,8655,2017-02-08 13:04:47+00:00,f,1
829299566344359936,"If the U.S. does not win this case as it so obviously should, we can never have the security and safety to which we are entitled. Politics!",f,f,Twitter for Android,98204,18042,2017-02-08 12:03:18+00:00,f,1
829133645055135750,"It is a disgrace that my full Cabinet is still not in place, the longest such delay in the history of our country. Obstruction by Democrats!",f,f,Twitter for Android,133555,29447,2017-02-08 01:04:00+00:00,f,1
829003091735359488,"An honor having the National Sheriffs' Assoc. join me at the @WhiteHouse. Incredible men &amp, women who protect &amp, serv... https://t.co/1LkhbCNh8L",f,f,Twitter for iPhone,93427,14968,2017-02-07 16:25:13+00:00,f,1
828939235499638784,"I don't know Putin, have no deals in Russia, and the haters are going crazy - yet Obama can make a deal with Iran, #1 in terror, no problem!",f,f,Twitter for iPhone,159917,41164,2017-02-07 12:11:29+00:00,f,1
828937357147635713,"I don't know Putin, have no deals in Russia, and the haters are going crazy - yet Obama can make a deal with Iran, #1in terror, no problem!",f,t,Twitter for Android,2,2,2017-02-07 12:04:01+00:00,f,1
828797801630937089,"The threat from radical Islamic terrorism is very real, just look at what is happening in Europe and the Middle-East. Courts must act fast!",f,f,Twitter for Android,123217,25947,2017-02-07 02:49:28+00:00,f,1
828793887275761665,The failing @nytimes was forced to apologize to its subscribers for the poor reporting it did on my election win. Now they are worse!,f,f,Twitter for Android,77304,12998,2017-02-07 02:33:55+00:00,f,1
828748574255091714,An extended interview from the Super Bowl with @oreillyfactor airs tonight at 8:00 P.M. Enjoy! https://t.co/kZdHqaNTVR,f,f,Twitter for iPhone,45428,6446,2017-02-06 23:33:52+00:00,f,1
828642511698669569,"The failing @nytimes writes total fiction concerning me. They have gotten it wrong for two years, and now are making up stories &amp, sources!",f,f,Twitter for Android,81296,15405,2017-02-06 16:32:24+00:00,f,1
828641340313460736,Will be interviewed on @oreillyfactor tonight at 8:00 P.M.,f,t,Twitter for Android,18,6,2017-02-06 04:27:45+00:00,f,1
828575949268606977,"I call my own shots, largely based on an accumulation of data, and everyone knows it. Some FAKE NEWS media, in order to marginalize, lies!",f,f,Twitter for Android,105732,19091,2017-02-06 12:07:55+00:00,f,1
828574430800539648,"Any negative polls are fake news, just like the CNN, ABC, NBC polls in the election. Sorry, people want border security and extreme vetting.",f,f,Twitter for Android,136979,29069,2017-02-06 12:01:53+00:00,f,1
828375073006444544,Enjoy the #SuperBowl and then we continue: MAKE AMERICA GREAT AGAIN!,f,f,Twitter for Android,158602,29476,2017-02-05 22:49:42+00:00,f,1
828344301381939200,I will be interviewed by @oreillyfactor at 4:00 P.M. (prior to the #SuperBowl Pre-game Show) on Fox Network. Enjoy!,f,t,Twitter for Android,541,147,2017-02-05 08:47:25+00:00,f,1
828343072840900610,I have instructed Homeland Security to check people coming into our country VERY CAREFULLY. The courts are making the job very difficult!,f,f,Twitter for Android,125483,23104,2017-02-05 20:42:33+00:00,f,1
828342202174668800,Just cannot  believe a judge would put our country in such peril. If something happens blame him and court system. People pouring in. Bad!,f,f,Twitter for Android,117531,23492,2017-02-05 20:39:05+00:00,f,1
828042506851934209,The judge opens up our country to potential terrorists and others that do not have our best interests at heart. Bad people are very happy!,f,f,Twitter for Android,109836,22566,2017-02-05 00:48:12+00:00,f,1
828039143318024194,Interview with @oreillyfactor on Fox Network - 4:00 P.M. (prior to Super Bowl). Enjoy!,f,f,Twitter for Android,60410,9250,2017-02-05 00:34:50+00:00,f,1
828024835670413312,"Why aren't the lawyers looking at and using the Federal Court decision in Boston, which is at conflict with ridiculous lift ban decision?",f,f,Twitter for Android,82793,14368,2017-02-04 23:37:59+00:00,f,1
827996357252243456,"Because the ban was lifted by a judge, many very bad and dangerous people may be pouring into our country. A terrible decision",f,f,Twitter for Android,116240,23727,2017-02-04 21:44:49+00:00,f,1
827981079042805761,"What is our country coming to when a judge can halt a Homeland Security travel ban and anyone, even with bad intentions, can come into U.S.?",f,f,Twitter for Android,126541,26811,2017-02-04 20:44:07+00:00,f,1
827885966509604865,MAKE AMERICA GREAT AGAIN!,f,f,Twitter for Android,217893,52670,2017-02-04 14:26:10+00:00,f,1
827874208021639168,"After being forced to apologize for its bad and inaccurate coverage of me after winning the election, the FAKE NEWS @nytimes is still lost!",f,f,Twitter for Android,86770,13875,2017-02-04 13:39:27+00:00,f,1
827867311054974976,"The opinion of this so-called judge, which essentially takes law-enforcement away from our country, is ridiculous and will be overturned!",f,f,Twitter for Android,135383,26964,2017-02-04 13:12:02+00:00,f,1
827865957750161408,"Interesting that certain Middle-Eastern countries agree with the ban. They know if certain people are allowed in it's death &amp, destruction!",f,f,Twitter for Android,118826,22777,2017-02-04 13:06:39+00:00,f,1
827864176043376640,"When a country is no longer able to say who can, and who cannot , come in &amp, out, especially for reasons of safety &amp,.security - big trouble!",f,f,Twitter for Android,149947,31021,2017-02-04 12:59:35+00:00,f,1
827715246135574530,Countries charge U.S. companies taxes or tariffs while the U.S. charges them nothing or little.We should charge them SAME as they charge us!,f,f,Twitter for Android,132817,21891,2017-02-04 03:07:47+00:00,f,1
827655062835052544,"""We must keep """"evil"""" out of our country!""",f,f,Twitter for Android,177016,37011,2017-02-03 23:08:38+00:00,f,1
827499871011819520,A new radical Islamic terrorist has just attacked in Louvre Museum in Paris. Tourists were locked down. France on edge again. GET SMART U.S.,f,f,Twitter for Android,138695,33159,2017-02-03 12:51:58+00:00,f,1
827483841589891073,"Professional anarchists, thugs and paid protesters are proving the point of the millions of people who voted to MAKE AMERICA GREAT AGAIN!",f,f,Twitter for Android,144683,33678,2017-02-03 11:48:16+00:00,f,1
827482059438432260,"Meeting with biggest business leaders this morning. Good jobs are coming back to U.S., health care and tax bills are being crafted NOW!",f,f,Twitter for Android,108167,15583,2017-02-03 11:41:11+00:00,f,1
827480386120929280,Thank you to Prime Minister of Australia for telling the truth about our very civil conversation that FAKE NEWS media lied about. Very nice!,f,f,Twitter for Android,126962,26399,2017-02-03 11:34:32+00:00,f,1
827478751931924480,"""Iran is playing with fire - they don't appreciate how """"kind"""" President Obama was to them. Not me!""",f,f,Twitter for Android,131802,41008,2017-02-03 11:28:02+00:00,f,1
827477947154063361,"Yes, Arnold Schwarzenegger did a really bad job as Governor of California and even worse on the Apprentice...but at least he tried hard!",f,f,Twitter for Android,98473,18690,2017-02-03 11:24:51+00:00,f,1
827207267632164868,"Thank you, @Samsung! We would love to have you! https://t.co/r5nxC9oOA4",f,f,Twitter for iPhone,107036,21121,2017-02-02 17:29:16+00:00,f,1
827119326880813056,Iran was on its last legs and ready to collapse until the U.S. came along and gave it a life-line in the form of the Iran Deal: $150 billion,f,f,Twitter for Android,82341,19417,2017-02-02 11:39:49+00:00,f,1
827118012784373760,Iran has been formally PUT ON NOTICE for firing a ballistic missile.Should have been thankful for the terrible deal the U.S. made with them!,f,f,Twitter for Android,87758,20952,2017-02-02 11:34:36+00:00,f,1
827115768202534913,Attending Chief Ryan Owens' Dignified Transfer yesterday with my daughter Ivanka was my great honor. To a great and brave man - thank you!,f,f,Twitter for Android,106859,13570,2017-02-02 11:25:40+00:00,f,1
827113926517194757,Congratulations to Rex Tillerson on being sworn in as our new Secretary of State. He will be a star!,f,f,Twitter for Android,98775,13398,2017-02-02 11:18:21+00:00,f,1
827112633224544256,If U.C. Berkeley does not allow free speech and practices violence on innocent people with a different point of view - NO FEDERAL FUNDS?,f,f,Twitter for Android,181033,49634,2017-02-02 11:13:13+00:00,f,1
827002559122567168,Do you believe it? The Obama Administration agreed to take thousands of illegal immigrants from Australia. Why? I will study this dumb deal!,f,f,Twitter for Android,128107,30148,2017-02-02 03:55:49+00:00,f,1
826990079738540033,Iran is rapidly taking over more and more of Iraq even after the U.S. has squandered three trillion dollars there. Obvious long ago!,f,f,Twitter for Android,79125,16794,2017-02-02 03:06:14+00:00,f,1
826774668245946368,"Everybody is arguing whether or not it is a BAN. Call it what you want, it is about keeping bad people (with bad intentions) out of country!",f,f,Twitter for Android,216118,49405,2017-02-01 12:50:16+00:00,f,1
826637556787838976,"Hope you like my nomination of Judge Neil Gorsuch for the United States Supreme Court. He is a good and brilliant man, respected by all.",f,f,Twitter for Android,216668,27775,2017-02-01 03:45:26+00:00,f,1
826596187453153281,Join me live from the @WhiteHouse.https://t.co/LHOs4nAaGl,f,f,Twitter for iPhone,45453,5330,2017-02-01 01:01:03+00:00,f,1
826588658304217088,Getting ready to deliver a VERY IMPORTANT DECISION!  8:00 P.M.,f,f,Twitter for Android,87874,13263,2017-02-01 00:31:08+00:00,f,1
826391334248407040,When will the Democrats give us our Attorney General and rest of Cabinet! They should be ashamed of themselves! No wonder D.C. doesn't work!,f,f,Twitter for Android,153210,31672,2017-01-31 11:27:02+00:00,f,1
826390034693623809,Nancy Pelosi and Fake Tears Chuck Schumer held a rally  at the steps of The Supreme Court and mic did not work (a mess)-just like Dem party!,f,f,Twitter for Android,128521,24628,2017-01-31 11:21:52+00:00,f,1
826229971584708608,The Democrats are delaying my cabinet picks for purely political reasons. They have nothing going but to obstruct. Now have an Obama A.G.,f,f,Twitter for Android,108024,22525,2017-01-31 00:45:50+00:00,f,1
826175120238604288,"The American dream is back. We’re going to create an environment for small business like we haven’t had in many, ma... https://t.co/Bh7SrNEgz1",f,f,Twitter for iPhone,151794,28022,2017-01-30 21:07:52+00:00,f,1
826073437735100418,Where was all the outrage from Democrats and the opposition party (the media) when our jobs were fleeing our country?,f,f,Twitter for iPhone,139172,26262,2017-01-30 14:23:49+00:00,f,1
826063267760046080,I have made my decision on who I will nominate for The United States Supreme Court. It will be announced live on Tuesday at 8:00 P.M. (W.H.),f,f,Twitter for Android,108133,20253,2017-01-30 13:43:25+00:00,f,1
826060143825666051,"""If the ban were announced with a one week notice, the """"bad"""" would rush into our country during that week. A lot of bad """"dudes"""" out there!""",f,f,Twitter for Android,146188,28676,2017-01-30 13:31:00+00:00,f,1
826044059647107073,There is nothing nice about searching for terrorists before they can enter our country. This was a big part of my campaign. Study the world!,f,f,Twitter for Android,147410,28310,2017-01-30 12:27:05+00:00,f,1
826042483155013632,protesters and the tears of Senator Schumer. Secretary Kelly said that all is going well with very few problems. MAKE AMERICA SAFE AGAIN!,f,f,Twitter for Android,113910,19336,2017-01-30 12:20:49+00:00,f,1
826041397232943104,"Only 109 people out of 325,000 were detained and held for questioning. Big problems at airports were caused by Delta computer outage,.....",f,f,Twitter for Android,112088,25485,2017-01-30 12:16:30+00:00,f,1
825850987348914184,I will be interviewed by @TheBrodyFile on @CBNNews tonight at 11pm. Enjoy!,f,f,Twitter for iPhone,57496,9025,2017-01-29 23:39:53+00:00,f,1
825848204633731074,Statement Regarding Recent Executive Order Concerning Extreme Vetting: https://t.co/f6JO60I0Ul,f,f,Twitter for iPhone,58392,13654,2017-01-29 23:28:50+00:00,f,1
825823217025691648,"...Senators should focus their energies on ISIS, illegal immigration and border security instead of always looking to start World War III.",f,f,Twitter for Android,143438,33797,2017-01-29 21:49:32+00:00,f,1
825822320128303110,"The joint statement of former presidential candidates John McCain &amp, Lindsey Graham is wrong - they are sadly weak on immigration. The two...",f,f,Twitter for Android,90310,18997,2017-01-29 21:45:58+00:00,f,1
825721153142521858,Christians in the Middle-East have been executed in large numbers. We cannot allow this horror to continue!,f,f,Twitter for Android,190081,48092,2017-01-29 15:03:58+00:00,f,1
825692045532618753,"Our country needs strong borders and extreme vetting, NOW. Look what is happening all over Europe and, indeed, the world - a horrible mess!",f,f,Twitter for Android,185622,40460,2017-01-29 13:08:18+00:00,f,1
825690087857995776,Somebody with aptitude and conviction should buy the FAKE NEWS and failing @nytimes and either run it correctly or let it fold with dignity!,f,f,Twitter for Android,94487,17756,2017-01-29 13:00:32+00:00,f,1
825476070946328584,I will be interviewed by @TheBrodyFile on @CBNNews tonight at 11pm. Enjoy!,f,t,Twitter for iPhone,1300,305,2017-01-28 10:50:06+00:00,f,1
825368580325773312,"Today, we remember the crew of the Space Shuttle Challenger, 31 years later. #NeverForget https://t.co/OhshQsFRfl",f,f,Twitter for iPhone,146967,27034,2017-01-28 15:42:58+00:00,f,1
825331665509691393,"...dwindling subscribers and readers.They got me wrong right from the beginning and still have not changed course, and never will. DISHONEST",f,f,Twitter for Android,89588,12929,2017-01-28 13:16:17+00:00,f,1
825329757646618624,Thr coverage about me in the @nytimes and the @washingtonpost gas been so false and angry that the times actually apologized to its.....,f,f,Twitter for Android,67065,11024,2017-01-28 13:08:42+00:00,f,1
825328817833123840,"The failing @nytimes has been wrong about me from the very beginning. Said I would lose the primaries, then the general election. FAKE NEWS!",f,f,Twitter for Android,92086,16530,2017-01-28 13:04:58+00:00,f,1
825127844066054144,I promise that our administration will ALWAYS have your back. We will ALWAYS be with you! https://t.co/D0aOWhOH4X,f,f,Twitter for iPhone,128414,23661,2017-01-27 23:46:22+00:00,f,1
825101272982355968,Congratulations Secretary Mattis! https://t.co/mkuhbegzqS,f,f,Twitter for iPhone,95739,15368,2017-01-27 22:00:47+00:00,f,1
825018149397463040,.@VP Mike Pence will be speaking at today's #MarchForLife -- You have our full support! https://t.co/1jb53SEGV4,f,f,Twitter for iPhone,76103,13053,2017-01-27 16:30:29+00:00,f,1
825017279209410561,The #MarchForLife is so important. To all of you marching --- you have my full support!,f,f,Twitter for iPhone,158250,36569,2017-01-27 16:27:02+00:00,f,1
824970003153842176,"Mexico has taken advantage of the U.S. for long enough. Massive trade deficits &amp, little help on the very weak border must change, NOW!",f,f,Twitter for Android,137167,24666,2017-01-27 13:19:10+00:00,f,1
824968416486387713,"Look forward to seeing final results of VoteStand. Gregg Phillips and crew say at least 3,000,000 votes were illegal. We must do better!",f,f,Twitter for Android,75060,13964,2017-01-27 13:12:52+00:00,f,1
824767281146245120,Miami-Dade Mayor drops sanctuary policy. Right decision. Strong! https://t.co/MtPvaDC4jM,f,f,Twitter for iPhone,95427,20037,2017-01-26 23:53:37+00:00,f,1
824765229527605248,Will be interviewed by @SeanHannity on @FoxNews at 10:00pm tonight. Enjoy!,f,f,Twitter for iPhone,62883,8631,2017-01-26 23:45:28+00:00,f,1
824698743630995457,"Spoke at the Congressional @GOP Retreat in Philadelphia, PA. this afternoon w/ @VP, @SenateMajLdr, @SpeakerRyan. Th... https://t.co/ALSADGrwoe",f,f,Twitter for iPhone,62387,9208,2017-01-26 19:21:17+00:00,f,1
824697349335293952,"Spoke at the Congressional @GOP Retreat in Philadelphia, PA. this afternoon w/ @VP, @SenMajLeader, @SpeakerRyan. Th... https://t.co/s4sTbSyBSR",f,t,Twitter for iPhone,9,9,2017-01-26 07:15:44+00:00,f,1
824616644370714627,"of jobs and companies lost. If Mexico is unwilling to pay for the badly needed wall, then it would be better to cancel the upcoming meeting.",f,f,Twitter for Android,98159,23132,2017-01-26 13:55:03+00:00,f,1
824615820391305216,The U.S. has a 60 billion dollar trade deficit with Mexico. It has been a one-sided deal from the beginning of NAFTA with massive numbers...,f,f,Twitter for Android,90530,21100,2017-01-26 13:51:46+00:00,f,1
824573698774601729,"Ungrateful TRAITOR Chelsea Manning, who should never have been released from prison, is now calling President Obama a weak leader. Terrible!",f,f,Twitter for Android,109362,22775,2017-01-26 11:04:24+00:00,f,1
824448880993509376,Interview with David Muir of @ABC News in 10 minutes. Enjoy!,f,f,Twitter for Android,45940,5313,2017-01-26 02:48:25+00:00,f,1
824448156935081984,"""""""@romoabcnews: .@DavidMuir first @POTUS interview since taking office.  Tonight on @ABCWorldNews @ABC2020 tonight. https://t.co/I4Vz1mRdBK""""""",f,f,Twitter for Android,38299,5265,2017-01-26 02:45:32+00:00,f,1
824440456813707265,"As your President, I have no higher duty than to protect the lives of the American people. https://t.co/o7YNUNwb8f",f,f,Twitter for iPhone,130655,23750,2017-01-26 02:14:56+00:00,f,1
824407390674157568,"Beginning today, the United States of America gets back control of its borders. Full speech from today @DHSgov:... https://t.co/8aDaHsAhg9",f,f,Twitter Web Client,93740,18721,2017-01-26 00:03:33+00:00,f,1
824377804590563339,I will be interviewed by @DavidMuir tonight at 10 o'clock on @ABC. Will be my first interview from the White House.... https://t.co/4zuOrRdcoc,f,f,Twitter for iPhone,65423,10191,2017-01-25 22:05:59+00:00,f,1
824229586091307008,I will be making my Supreme Court pick on Thursday of next week.Thank you!,f,f,Twitter for Android,112639,17504,2017-01-25 12:17:01+00:00,f,1
824228768227217408,"even, those registered to vote who are dead (and many for a long time). Depending on results, we will strengthen up voting procedures!",f,f,Twitter for Android,91096,15235,2017-01-25 12:13:46+00:00,f,1
824227824903090176,"I will be asking for a major investigation into VOTER FRAUD, including those registered to vote in two states, those who are illegal and....",f,f,Twitter for Android,110259,21194,2017-01-25 12:10:01+00:00,f,1
824083821889015809,"Big day planned on NATIONAL SECURITY tomorrow. Among many other things, we will build the wall!",f,f,Twitter for Android,164228,43057,2017-01-25 02:37:48+00:00,f,1
824080766288228352,"""If Chicago doesn't fix the horrible """"carnage"""" going on, 228 shootings in 2017 with 42 killings (up 24% from 2016), I will send in the Feds!""",f,f,Twitter for Android,178849,45752,2017-01-25 02:25:40+00:00,f,1
824078417213747200,Congratulations to @FoxNews for being number one in inauguration ratings. They were many times higher than FAKE NEWS @CNN - public is smart!,f,f,Twitter for Android,138745,25660,2017-01-25 02:16:19+00:00,f,1
824055927200423936,Great meeting with Ford CEO Mark Fields and General Motors CEO Mary Barra at the @WhiteHouse today. https://t.co/T0eIgO6LP8,f,f,Twitter for iPhone,87038,15297,2017-01-25 00:46:57+00:00,f,1
823950814163140609,Signing orders to move forward with the construction of the Keystone XL and Dakota Access pipelines in the Oval Off... https://t.co/aOxmfO0vOK,f,f,Twitter for iPhone,113152,20935,2017-01-24 17:49:17+00:00,f,1
823939422743830528,"Great meeting with automobile industry leaders at the @WhiteHouse this morning. Together, we will #MAGA! https://t.co/OXdiLOkGsZ",f,f,Twitter for iPhone,85882,13257,2017-01-24 17:04:01+00:00,f,1
823937936056008704,A photo delivered yesterday that will be displayed in the upper/lower press hall. Thank you Abbas! https://t.co/Uzp0ivvRp0,f,f,Twitter for iPhone,94364,17237,2017-01-24 16:58:06+00:00,f,1
823850781946343427,Will be meeting at 9:00 with top automobile executives concerning jobs in America. I want new plants to be built here for cars sold here!,f,f,Twitter for Android,133949,19443,2017-01-24 11:11:47+00:00,f,1
823495059010109440,Busy week planned with a heavy focus on jobs and national security. Top executives coming in at 9:00 A.M. to talk manufacturing in America.,f,f,Twitter for Android,153674,21919,2017-01-23 11:38:16+00:00,f,1
823174199036542980,"Peaceful protests are a hallmark of our democracy. Even if I don't always agree, I recognize the rights of people to express their views.",f,f,Twitter for Android,346049,73987,2017-01-22 14:23:17+00:00,f,1
823151124815507460,"Wow, television ratings just out: 31 million people watched the Inauguration, 11 million more than the very good ratings from 4 years ago!",f,f,Twitter for Android,187784,32582,2017-01-22 12:51:36+00:00,f,1
823150055418920960,Watched protests yesterday but was under the impression that we just had an election! Why didn't these people vote? Celebs hurt cause badly.,f,f,Twitter for Android,182320,36870,2017-01-22 12:47:21+00:00,f,1
823146987117772800,"Had a great meeting at CIA Headquarters yesterday, packed house, paid great respect to Wall, long standing ovations, amazing people. WIN!",f,f,Twitter for Android,110252,13651,2017-01-22 12:35:09+00:00,f,1
822955565949272065,"""RT @WhiteHouse: """"Do not allow anyone to tell you that it cannot be done. No challenge can match the HEART and FIGHT and SPIRIT of America.""""...""",t,f,Twitter for iPhone,0,23055,2017-01-21 23:54:31+00:00,f,1
822774162011910144,A fantastic day and evening in Washington D.C.Thank you to @FoxNews and so many other news outlets for the GREAT reviews of the speech!,f,f,Twitter for Android,154815,19176,2017-01-21 11:53:41+00:00,f,1
822669114237943808,"THANK YOU for another wonderful evening in Washington, D.C. TOGETHER, we will MAKE AMERICA GREAT AGAIN🇺🇸 https://t.co/V3aoj9RUh4",f,f,Twitter for iPhone,252690,43325,2017-01-21 04:56:15+00:00,f,1
822507434396753921,TO ALL AMERICANS🇺🇸https://t.co/D7Es6ie4fY,f,f,Twitter for iPhone,78850,13373,2017-01-20 18:13:48+00:00,f,1
822504142178500608,"So to all Americans, in every city near and far, small and large, from mountain to mountain...https://t.co/cZKkrGXLSi",f,f,Twitter for iPhone,74676,11530,2017-01-20 18:00:43+00:00,f,1
822503558369181697,It is time to remember that...https://t.co/ZKyOiOor62,f,f,Twitter for iPhone,50324,7299,2017-01-20 17:58:24+00:00,f,1
822502887477673984,"We will follow two simple rules: BUY AMERICAN &amp, HIRE AMERICAN!#InaugurationDay #MAGA🇺🇸",f,f,Twitter for iPhone,139154,31067,2017-01-20 17:55:44+00:00,f,1
822502601304526848,We will bring back our jobs. We will bring back our borders. We will bring back our wealth - and we will bring back our dreams!,f,f,Twitter for iPhone,150159,30455,2017-01-20 17:54:36+00:00,f,1
822502450007515137,"The forgotten men and women of our country will be forgotten no longer. From this moment on, it’s going to be #AmericaFirst🇺🇸",f,f,Twitter for iPhone,127766,28442,2017-01-20 17:54:00+00:00,f,1
822502270503972872,"January 20th 2017, will be remembered as the day the people became the rulers of this nation again.",f,f,Twitter for iPhone,197191,54888,2017-01-20 17:53:17+00:00,f,1
822502135233384448,"What truly matters is not which party controls our government, but whether our government is controlled by the people.",f,f,Twitter for iPhone,157266,35758,2017-01-20 17:52:45+00:00,f,1
822501939267141634,"power from Washington, D.C. and giving it back to you, the American People. #InaugurationDay",f,f,Twitter for iPhone,78281,14880,2017-01-20 17:51:58+00:00,f,1
822501803615014918,"Today we are not merely transferring power from one Administration to another, or from one party to another – but we are transferring...",f,f,Twitter for iPhone,94860,16452,2017-01-20 17:51:25+00:00,f,1
822421390125043713,It all begins today! I will see you at 11:00 A.M. for the swearing-in. THE MOVEMENT CONTINUES - THE WORK BEGINS!,f,f,Twitter for Android,232628,57772,2017-01-20 12:31:53+00:00,f,1
822298747421986828,"Thank you for a wonderful evening in Washington, D.C. #Inauguration https://t.co/a6xpFQTHj5",f,f,Twitter for iPhone,97187,17030,2017-01-20 04:24:33+00:00,f,1
822242449053614081,"Thank you for joining us at the Lincoln Memorial tonight- a very special evening! Together, we are going to MAKE AM... https://t.co/OSxa3BamHs",f,f,Twitter for iPhone,144912,28556,2017-01-20 00:40:51+00:00,f,1
995085901079433219,Big week next week when the American Embassy in Israel will be moved to Jerusalem. Congratulations to all!,f,f,Twitter for iPhone,124149,24725,2018-05-11 23:39:01+00:00,f,1
993476979893723137,"Good luck to Ric Grenell, our new Ambassador to Germany. A great and talented guy, he will represent our Country well!",f,f,Twitter for iPhone,55387,9326,2018-05-07 13:05:44+00:00,f,1
992395376039727104,"JUST OUT: 3.9% Unemployment. 4% is Broken! In the meantime, WITCH HUNT!",f,f,Twitter for iPhone,116635,24294,2018-05-04 13:27:50+00:00,f,1
992357529362583552,Going to Dallas (the GREAT State of Texas) today. Leaving soon!,f,f,Twitter for iPhone,71198,9735,2018-05-04 10:57:26+00:00,f,1
987820963038449664,“At least two Memos Comey shared with a friend contained Classified Information.”  Wall Street Journal,f,f,Twitter for iPhone,74953,17332,2018-04-21 22:30:45+00:00,f,1
987820268402946049,"""RT @dmartosko: The same can be said of the """"collusion"""" stuff. https://t.co/xMCVuH3OTs""",t,t,Twitter for iPhone,0,7608,2018-04-21 10:27:59+00:00,f,1
981521901079146499,"When you’re already $500 Billion DOWN, you can’t lose!",f,f,Twitter for iPhone,73960,14274,2018-04-04 13:20:31+00:00,f,1
995088584221839360,"Why doesn’t the Fake News Media state that the Trump Administration’s Anti-Trust Division has been, and is, opposed to the AT&amp,T purchase of Time Warner in a currently ongoing Trial. Such a disgrace in reporting!",f,f,Twitter for iPhone,79748,17996,2018-05-11 23:49:40+00:00,f,1
995044981768425477,"The American people deserve a healthcare system that takes care of them – not one that takes advantage of them. We will work every day to ensure all Americans have access to the quality, affordable medication they need and deserve. We will not rest until the job is done! https://t.co/9BzevAniNx",f,f,Twitter for iPhone,74574,16081,2018-05-11 20:56:25+00:00,f,1
995023303906652160,"Today, my Administration is launching the most sweeping action in history to lower the price of prescription drugs for the American People. We will have tougher negotiation, more competition, and much lower prices at the pharmacy counter! https://t.co/xdakX43a4d",f,f,Twitter for iPhone,79119,17955,2018-05-11 19:30:16+00:00,f,1
994741305908649985,Thank you Indiana! #MAGA🇺🇸https://t.co/fCv76VyUax,f,f,Twitter for iPhone,70319,14155,2018-05-11 00:49:43+00:00,f,1
994587349718847489,The highly anticipated meeting between Kim Jong Un and myself will take place in Singapore on June 12th. We will both try to make it a very special moment for World Peace!,f,f,Twitter for iPhone,204552,50866,2018-05-10 14:37:57+00:00,f,1
994586105822564353,Five Most Wanted leaders of ISIS just captured!,f,f,Twitter for iPhone,259781,54771,2018-05-10 14:33:00+00:00,f,1
994585463380987904,"Senator Cryin’ Chuck Schumer fought hard against the Bad Iran Deal, even going at it with President Obama, &amp, then Voted AGAINST it! Now he says I should not have terminated the deal - but he doesn’t really believe that! Same with Comey. Thought he was terrible until I fired him!",f,f,Twitter for iPhone,90131,21124,2018-05-10 14:30:27+00:00,f,1
994517833357946882,"On behalf of the American people, WELCOME HOME! https://t.co/hISaCI95CB",f,f,Twitter for iPhone,164691,40284,2018-05-10 10:01:43+00:00,f,1
994401394441453569,Gina Haspel did a spectacular job today. There is nobody even close to run the CIA!,f,f,Twitter for iPhone,81906,15046,2018-05-10 02:19:02+00:00,f,1
994346538028675072,Looking forward to greeting the Hostages (no longer) at 2:00 A.M.,f,f,Twitter for iPhone,92881,14302,2018-05-09 22:41:03+00:00,f,1
994345813064192012,"The Failing New York Times criticized Secretary of State Pompeo for being AWOL (missing), when in fact he was flying to North Korea. Fake News, so bad!",f,f,Twitter for iPhone,89118,20799,2018-05-09 22:38:10+00:00,f,1
994194233111273472,Secretary Pompeo and his “guests” will be landing at Andrews Air Force Base at 2:00 A.M. in the morning. I will be there to greet them. Very exciting!,f,f,Twitter for iPhone,103157,22134,2018-05-09 12:35:51+00:00,f,1
994192995737096192,"I am pleased to inform you that Secretary of State Mike Pompeo is in the air and on his way back from North Korea with the 3 wonderful gentlemen that everyone is looking so forward to meeting. They seem to be in good health. Also, good meeting with Kim Jong Un. Date &amp, Place set.",f,f,Twitter for iPhone,144279,36476,2018-05-09 12:30:56+00:00,f,1
994185337504137216,"Congratulations to Mike Dewine on his big win in the Great State of Ohio. He will be a great Governor with a heavy focus on HealthCare and Jobs.  His Socialist opponent in November should not do well, a big failure in last job!",f,f,Twitter for iPhone,56337,10783,2018-05-09 12:00:30+00:00,f,1
994182263960162304,"Candace Owens of Turning Point USA is having a big impact on politics in our Country. She represents an ever expanding group of very smart “thinkers,” and it is wonderful to watch and hear the dialogue going on...so good for our Country!",f,f,Twitter for iPhone,115650,26606,2018-05-09 11:48:17+00:00,f,1
982214297160839173,"Despite the Aluminum Tariffs, Aluminum prices are DOWN 4%. People are surprised, I’m not! Lots of money coming into U.S. coffers and Jobs, Jobs, Jobs!",f,f,Twitter for iPhone,68237,14869,2018-04-06 11:11:51+00:00,f,1
994179864436596736,"The Fake News is working overtime. Just reported that, despite the tremendous success we are having with the economy &amp, all things else, 91% of the Network News about me is negative (Fake). Why do we work so hard in working with the media when it is corrupt? Take away credentials?",f,f,Twitter for iPhone,101612,21904,2018-05-09 11:38:45+00:00,f,1
994176238846664706,"The Republican Party had a great night. Tremendous voter energy and excitement, and all candidates are those who have a great chance of winning in November. The Economy is sooo strong, and with Nancy Pelosi wanting to end the big Tax Cuts and Raise Taxes, why wouldn’t we win?",f,f,Twitter for iPhone,70523,15231,2018-05-09 11:24:20+00:00,f,1
993976643898281984,"The Iran Deal is defective at its core. If we do nothing, we know what will happen. In just a short time, the world’s leading state sponsor of terror will be on the cusp of acquiring the world’s most dangerous weapons.... https://t.co/58qwBLzxIH",f,f,Twitter for iPhone,81024,19299,2018-05-08 22:11:13+00:00,f,1
993952097610731521,"""RT @WhiteHouse: """"Finally, I want to deliver a message to the long-suffering people of Iran. The people of America stand with you."""" https://...""",t,f,Twitter for iPhone,0,11450,2018-05-08 20:33:41+00:00,f,1
993952088123170817,"""RT @WhiteHouse: """"At the heart of the Iran deal was a giant fiction: that a murderous regime desired only a peaceful nuclear energy program....""",t,f,Twitter for iPhone,0,11228,2018-05-08 20:33:39+00:00,f,1
993926510003277825,Statement on the Iran Nuclear Deal: https://t.co/O3SpryCKkc,f,f,Twitter for iPhone,76306,21938,2018-05-08 18:52:00+00:00,f,1
993815373190492160,"John Kerry can’t get over the fact that he had his chance and blew it! Stay away from negotiations John, you are hurting your country!",f,f,Twitter for iPhone,116324,26625,2018-05-08 11:30:23+00:00,f,1
993813485745295360,"I will be speaking to my friend, President Xi of China, this morning at 8:30. The primary topics will be Trade, where good things will happen, and North Korea, where relationships and trust are building.",f,f,Twitter for iPhone,73719,13568,2018-05-08 11:22:53+00:00,f,1
993810085540491264,"Gina Haspel, my highly respected nominee to lead the CIA, is being praised for the fact that she has been, and alway will be, TOUGH ON TERROR! This is a woman who has been a leader wherever she has gone. The CIA wants her to lead them into America’s  bright and glorious future!",f,f,Twitter for iPhone,78038,16566,2018-05-08 11:09:23+00:00,f,1
993562242124865536,I will be announcing my decision on the Iran Deal tomorrow from the White House at 2:00pm.,f,f,Twitter for iPhone,94050,21341,2018-05-07 18:44:32+00:00,f,1
993541175511527425,"National Prescription Drug #TakeBackDay numbers are in! Another record broken: nearly 1 MILLION pounds of Rx pills disposed! Let’s keep fighting this opioid epidemic, America!",f,f,Twitter for iPhone,56709,10821,2018-05-07 17:20:50+00:00,f,1
993492804985872385,The United States does not need John Kerry’s possibly illegal Shadow Diplomacy on the very badly negotiated Iran Deal.  He was the one that created this MESS in the first place!,f,f,Twitter for iPhone,100976,27203,2018-05-07 14:08:37+00:00,f,1
993484478633922560,"Is this Phony Witch Hunt going to go on even longer so it wrongfully impacts the Mid-Term Elections, which is what the Democrats always intended? Republicans better get tough and smart before it is too late!",f,f,Twitter for iPhone,80595,18504,2018-05-07 13:35:32+00:00,f,1
993483042177118208,"Lisa Page, who may hold the record for the most Emails in the shortest period of time (to her Lover, Peter S), and attorney Baker, are out at the FBI as part of the Probers getting caught? Why is Peter S still there? What a total mess. Our Country has to get back to Business!",f,f,Twitter for iPhone,74184,17044,2018-05-07 13:29:49+00:00,f,1
993475610377932801,"“The Great Revolt” by Salena Zito and Brad Todd does much to tell the story of our great Election victory. The Forgotten Men &amp, Women are forgotten no longer!",f,f,Twitter for iPhone,49746,9750,2018-05-07 13:00:18+00:00,f,1
993455375755173892,The 13 Angry Democrats in charge of the Russian Witch Hunt are starting to find out that there is a Court System in place that actually protects people from injustice...and just wait ‘till the Courts get to see your unrevealed Conflicts of Interest!,f,f,Twitter for iPhone,92963,23743,2018-05-07 11:39:53+00:00,f,1
993452275648679938,"The Russia Witch Hunt is rapidly losing credibility. House Intelligence Committee found No Collusion, Coordination or anything else with Russia. So now the Probe says OK, what else is there? How about Obstruction for a made up, phony crime.There is no O, it’s called Fighting Back",f,f,Twitter for iPhone,76609,17016,2018-05-07 11:27:34+00:00,f,1
993446539988217857,"My highly respected nominee for CIA Director, Gina Haspel, has come under fire because she was too tough on Terrorists. Think of that, in these very dangerous times, we have the most qualified person, a woman, who Democrats want OUT because she is too tough on terror. Win Gina!",f,f,Twitter for iPhone,78615,19757,2018-05-07 11:04:47+00:00,f,1
993443781281271808,"To the great people of West Virginia we have, together, a really great chance to keep making a big difference. Problem is, Don Blankenship, currently running for Senate, can’t win the General Election in your State...No way! Remember Alabama. Vote Rep. Jenkins or A.G. Morrisey!",f,f,Twitter for iPhone,50457,11703,2018-05-07 10:53:49+00:00,f,1
992880573025865729,"Thank you Cleveland, Ohio! https://t.co/ROEFRLY7jP",f,f,Twitter for iPhone,66051,12837,2018-05-05 21:35:50+00:00,f,1
992562394051293186,"Our high level delegation is on the way back from China where they had long meetings with Chinese leaders and business representatives. We will be meeting tomorrow to determine the results, but it is hard for China in that they have become very spoiled with U.S. trade wins!",f,f,Twitter for iPhone,68794,13799,2018-05-05 00:31:30+00:00,f,1
992558888212946949,"Just returned home to the beautiful White House, from Dallas, where the Arena was packed to the rafters with the great fans and supporters of the @NRA. It was so wonderful to be there!",f,f,Twitter for iPhone,82612,14375,2018-05-05 00:17:34+00:00,f,1
992556495182155776,"Great book just out by very successful businessman @AndyPuzder. Always known as somebody who knows how to win, “Capitalist Comeback” will be a big hit!",f,f,Twitter for iPhone,43112,7619,2018-05-05 00:08:03+00:00,f,1
992538416196804608,"I want to thank all of our friends and patriots at the @NRA. We will never fail, and we will always protect your Second Amendment! God Bless you, and God Bless America! https://t.co/3PoNPV24p4",f,f,Twitter for iPad,63398,14381,2018-05-04 22:56:13+00:00,f,1
992524132884664321,We are going to demand Congress secure the border in the upcoming CR. Illegal immigration must end!,f,f,Twitter for iPhone,98379,19559,2018-05-04 21:59:28+00:00,f,1
992523949698412544,Democrats and liberals in Congress want to disarm law-abiding Americans at the same time they are releasing dangerous criminal aliens and savage gang members onto our streets. Politicians who put criminal aliens before American Citizens should be voted out of office!,f,f,Twitter for iPhone,111684,29030,2018-05-04 21:58:44+00:00,f,1
992503576852393985,"All of us here today are united by the same timeless values. We believe that our liberty is a gift from our creator, and that no Government can ever take it away. We believe in the rule of law - and we support the men and women of law enforcement. We have pride in our history... https://t.co/eONj1Y8oju",f,f,Twitter for iPhone,62094,14669,2018-05-04 20:37:47+00:00,f,1
992354530510721025,"NBC NEWS is wrong again! They cite “sources” which are constantly wrong. Problem is, like so many others, the sources probably don’t exist, they are fabricated, fiction! NBC, my former home with the Apprentice, is now as bad as Fake News CNN. Sad!",f,f,Twitter for iPhone,73725,16489,2018-05-04 10:45:31+00:00,f,1
992352585863651329,"Andy McCarthy will be on  @LouDobbs tonight. 7:00 P.M. , @FoxBusiness.",f,f,Twitter for iPhone,27874,4746,2018-05-04 10:37:48+00:00,f,1
992350362450518016,"Because Jobs in the U.S. are doing so well, Americans receiving unemployment aid is the lowest since 1973. Great!",f,f,Twitter for iPhone,94960,18049,2018-05-04 10:28:58+00:00,f,1
992348740529815552,"Our Southern Border is under siege. Congress must act now to change our weak and ineffective immigration laws. Must build a Wall. Mexico, which has a massive crime problem, is doing little to help!",f,f,Twitter for iPhone,69013,15464,2018-05-04 10:22:31+00:00,f,1
992106689330663424,#NationalDayOfPrayer https://t.co/nFUc3uyQL8,f,f,Twitter for iPhone,59031,12582,2018-05-03 18:20:41+00:00,f,1
992083738531192833,"This spring marks 4yrs since the Phoenix VA crisis. We won't forget what happened to our GREAT VETS. Choice is vital, but the program needs work &amp, is running out of $. Congress must fix Choice Program by Memorial Day so VETS can get the care they deserve. I will sign immediately!",f,f,Twitter for iPhone,65253,14018,2018-05-03 16:49:29+00:00,f,1
992078098974703616,"Today, it was my great honor to celebrate the #NationalDayOfPrayer at the @WhiteHouse, in the Rose Garden! Proclamation: https://t.co/4jAxJnBJoq https://t.co/AsWTfpu290",f,f,Twitter Media Studio,52869,10737,2018-05-03 16:27:05+00:00,f,1
991995845120753664,"...despite already having signed a detailed letter admitting that there was no affair. Prior to its violation by Ms. Clifford and her attorney, this was a private agreement. Money from the campaign, or campaign contributions, played no roll in this transaction.",f,f,Twitter for iPhone,71543,13820,2018-05-03 11:00:14+00:00,f,1
991994433750142976,"...very common among celebrities and people of wealth. In this case it is in full force and effect and will be used in Arbitration for damages against Ms. Clifford (Daniels). The agreement was used to stop the false and extortionist accusations made by her about an affair,......",f,f,Twitter for iPhone,64827,13138,2018-05-03 10:54:38+00:00,f,1
991992302267785216,"Mr. Cohen, an attorney, received a monthly retainer, not from the campaign and having nothing to do with the campaign, from which he entered into, through reimbursement, a private contract between two parties, known as a non-disclosure agreement, or NDA. These agreements are.....",f,f,Twitter for iPhone,63049,13154,2018-05-03 10:46:09+00:00,f,1
991886413686861824,Our great financial team is in China trying to negotiate a level playing field on trade! I look forward to being with President Xi in the not too distant future. We will always have a good (great) relationship!,f,f,Twitter for iPhone,66702,12529,2018-05-03 03:45:24+00:00,f,1
991884309400342529,"Ainsley Earnhardt, a truly great person, just wrote a wonderful book, “The Light Within Me,” which is doing really well. She is very special and so is her new book...bring it to number one!",f,f,Twitter for iPhone,73488,13565,2018-05-03 03:37:02+00:00,f,1
991843153953964033,"As everybody is aware, the past Administration has long been asking for three hostages to be released from a North Korean Labor camp, but to no avail. Stay tuned!",f,f,Twitter for iPhone,90239,18215,2018-05-03 00:53:30+00:00,f,1
991809653980966913,"“This isn’t some game. You are screwing with the work of the president of the United States.”  John Dowd, March 2018.  With North Korea, China, the Middle East and so much more, there is not much time to be thinking about this, especially since there was no Russian “Collusion.”",f,f,Twitter for iPhone,77677,18299,2018-05-02 22:40:23+00:00,f,1
991776286489169920,"I have been briefed on the U.S. C-130 “Hercules” cargo plane from the Puerto Rico National Guard that crashed near Savannah Hilton Head International Airport. Please join me in thoughts and prayers for the victims, their families and the great men and women of the National Guard.",f,f,Twitter for iPhone,80863,15866,2018-05-02 20:27:47+00:00,f,1
991743358312861696,Congratulations @SecPompeo! https://t.co/ECrMGkXMQF,f,f,Twitter for iPhone,54246,10902,2018-05-02 18:16:56+00:00,f,1
991690248399794176,A Rigged System - They don’t want to turn over Documents to Congress. What are they afraid of? Why so much redacting? Why such unequal “justice?” At some point I will have no choice but to use the powers granted to the Presidency and get involved!,f,f,Twitter for iPhone,97753,25269,2018-05-02 14:45:54+00:00,f,1
991672075491438594,NEW BOOK - A MUST READ! “The Russia Hoax - The Illicit Scheme to Clear Hillary Clinton and Frame Donald Trump” by the brilliant Fox News Legal Analyst Gregg Jarrett. A sad chapter for law enforcement. A rigged system!,f,f,Twitter for iPhone,75227,19724,2018-05-02 13:33:41+00:00,f,1
991669454823141376,"“The questions are an intrusion into the President’s Article 2  powers under the Constitution to fire any Executive Branch Employee...what the President was thinking is an outrageous.....as to the President’s unfettered power to fire anyone...” Joe Digenova, former US Attorney",f,f,Twitter for iPhone,57347,13753,2018-05-02 13:23:17+00:00,f,1
991644756995444736,"There was no Collusion (it is a Hoax) and there is no Obstruction of Justice (that is a setup &amp, trap). What there is is Negotiations going on with North Korea over Nuclear War, Negotiations going on with China over Trade Deficits, Negotiations on NAFTA, and much more. Witch Hunt!",f,f,Twitter for iPhone,92050,21316,2018-05-02 11:45:08+00:00,f,1
991402619552845825,"Today, it was my great honor to thank and welcome heroic crew members and passengers of Southwest Airlines Flight 1380 at the @WhiteHouse! https://t.co/fYYgWToddi",f,f,Twitter for iPhone,73227,12356,2018-05-01 19:42:58+00:00,f,1
991380274452803586,Congratulations @ArmyWP_Football! https://t.co/rmaLoZMWtK,f,f,Twitter for iPhone,47056,8648,2018-05-01 18:14:11+00:00,f,1
991360908868931585,"Today I had the great honor of awarding the Commander-in-Chief’s Trophy, for the first time in 21 years, to the @ArmyWP_Football Black Knights at the @WhiteHouse. Congratulations!https://t.co/KRQXR3xEES",f,f,Twitter for iPhone,54457,10538,2018-05-01 16:57:13+00:00,f,1
991337381654654976,"Yesterday, it was my great honor to welcome President @MBuhari of the Federal Republic of Nigeria to the @WhiteHouse!🇺🇸🇳🇬 https://t.co/ApOC3CUSjV",f,f,Twitter for iPhone,48452,10648,2018-05-01 15:23:44+00:00,f,1
991279620044591105,It would seem very hard to obstruct justice for a crime that never happened! Witch Hunt!,f,f,Twitter for iPhone,106843,21292,2018-05-01 11:34:13+00:00,f,1
991271009570484224,"Delegation heading to China to begin talks on the Massive Trade Deficit that has been created with our Country. Very much like North Korea, this should have been fixed years ago, not now. Same with other countries and NAFTA...but it will all get done. Great Potential for USA!",f,f,Twitter for iPhone,70878,14554,2018-05-01 11:00:00+00:00,f,1
991267863674675200,"So disgraceful that the questions concerning the Russian Witch Hunt were “leaked” to the media. No questions on Collusion. Oh, I see...you have a made up, phony crime, Collusion, that never existed, and an investigation begun with illegally leaked classified information. Nice!",f,f,Twitter for iPhone,93482,20772,2018-05-01 10:47:30+00:00,f,1
991090373417152515,"The White House is running very smoothly despite phony Witch Hunts etc. There is great Energy and unending Stamina, both necessary to get things done. We are accomplishing the unthinkable and setting positive records while doing so! Fake News is going “bonkers!”",f,f,Twitter for iPhone,81364,17183,2018-04-30 23:02:13+00:00,f,1
991087278515769345,"The Fake News is going crazy making up false stories and using only unnamed sources (who don’t exist). They are totally unhinged, and the great success of this Administration is making them do and say things that even they can’t believe they are saying. Truly bad people!",f,f,Twitter for iPhone,93403,20710,2018-04-30 22:49:55+00:00,f,1
991084673697812481,"During Small Business Week, we celebrate the great, hard-working entrepreneurs across our country who have started and operate a small business!",f,f,Twitter for iPhone,75628,13092,2018-04-30 22:39:34+00:00,f,1
991084424992296962,"The migrant ‘caravan’ that is openly defying our border shows how weak &amp, ineffective U.S. immigration laws are. Yet Democrats like Jon Tester continue to support the open borders agenda – Tester even voted to protect Sanctuary Cities. We need lawmakers who will put America First.",f,f,Twitter for iPhone,83320,19407,2018-04-30 22:38:35+00:00,f,1
991028027785138177,I recently had a terrific meeting with a bipartisan group of freshman lawmakers who feel very strongly in favor of Congressional term limits. I gave them my full support and endorsement for their efforts. #DrainTheSwamp,f,f,Twitter for iPhone,98251,21797,2018-04-30 18:54:28+00:00,f,1
990928644100034561,"Numerous countries are being considered for the MEETING, but would Peace House/Freedom House, on the Border of North &amp, South Korea, be a more Representative, Important and Lasting site than a third party country? Just asking!",f,f,Twitter for iPhone,79615,16089,2018-04-30 12:19:33+00:00,f,1
990926480329859073,The White House Correspondents’ Dinner is DEAD as we know it. This was a total disaster and an embarrassment to our great Country and all that it stands for. FAKE NEWS is alive and well and beautifully represented on Saturday night!,f,f,Twitter for iPhone,91561,18489,2018-04-30 12:10:58+00:00,f,1
990787671281819648,"Headline: “Kim Prepared to Cede Nuclear Weapons if U.S. Pledges Not to Invade” - from the Failing New York Times. Also, will shut down Nuclear Test Site in May.",f,f,Twitter for iPhone,78035,15560,2018-04-30 02:59:23+00:00,f,1
990782291667488768,"The White House Correspondents’ Dinner was a failure last year, but this year was an embarrassment to everyone associated with it. The filthy “comedian” totally bombed (couldn’t even deliver her lines-much like the Seth Meyers weak performance). Put Dinner to rest, or start over!",f,f,Twitter for iPhone,90510,17909,2018-04-30 02:38:00+00:00,f,1
990764965282893827,"“Trump’s Triumphs are driving his critics Crazy!” Thank you Steve Hilton @NextRevFNC, just want to do what is right for our wonderful U.S.A.",f,f,Twitter for iPhone,63471,11819,2018-04-30 01:29:09+00:00,f,1
990559834020962304,"Just got recent Poll - much higher than President O at same time....Well, much more has been accomplished!",f,f,Twitter for iPhone,123824,21158,2018-04-29 11:54:02+00:00,f,1
990557728752926725,"While Washington, Michigan, was a big success, Washington, D.C., just didn’t work. Everyone is talking about the fact that the White House Correspondents Dinner was a very big, boring bust...the so-called comedian really “bombed.” @greggutfeld should host next year! @PeteHegseth",f,f,Twitter for iPhone,72526,14832,2018-04-29 11:45:40+00:00,f,1
990551654952067073,"Great evening last night in Washington, Michigan. The enthusiasm, knowledge and love in that room was unreal. To the many thousands of people who couldn’t get in, I cherish you....and will be back!",f,f,Twitter for iPhone,93191,16874,2018-04-29 11:21:32+00:00,f,1
990361469802905600,"Join me LIVE in Washington, Michigan at 7:00pmE on @FoxNews! #MAGA",f,f,Twitter for iPhone,43972,6645,2018-04-28 22:45:49+00:00,f,1
990307626784362496,"Secret Service has just informed me that Senator Jon Tester’s statements on Admiral Jackson are not true. There were no such findings. A horrible thing that we in D.C. must live with, just like phony Russian Collusion. Tester should lose race in Montana. Very dishonest and sick!",f,f,Twitter for iPhone,115256,31085,2018-04-28 19:11:51+00:00,f,1
990227703575056384,"Look forward to being in the Great State of Michigan tonight. Major business expansion and jobs pouring into your State. Auto companies expanding at record pace. Big crowd tonight, will be live on T.V.",f,f,Twitter for iPhone,82953,14850,2018-04-28 13:54:16+00:00,f,1
990225456233316354,"Just had a long and very good talk with President Moon of South Korea. Things are going very well, time and location of meeting with North Korea is being set. Also spoke to Prime Minister Abe of Japan to inform him of the ongoing negotiations.",f,f,Twitter for iPhone,85865,19078,2018-04-28 13:45:20+00:00,f,1
990213619190202369,“Clapper lied about (fraudulent) Dossier leaks to CNN” @foxandfriends FoxNews  He is a lying machine who now works for Fake News CNN.,f,f,Twitter for iPhone,67221,16566,2018-04-28 12:58:18+00:00,f,1
990202926114189312,"....great people of Montana will not stand for this kind of slander when talking of a great human being. Admiral Jackson is the kind of man that those in Montana would most respect and admire, and now, for no reason whatsoever, his reputation has been shattered. Not fair, Tester!",f,f,Twitter for iPhone,80383,17348,2018-04-28 12:15:49+00:00,f,1
990200773232529413,Allegations made by Senator Jon Tester against Admiral/Doctor Ron Jackson are proving false. The Secret Service is unable to confirm (in fact they deny) any of the phony Democrat charges which have absolutely devastated the wonderful Jackson family. Tester should resign. The.....,f,f,Twitter for iPhone,79225,20518,2018-04-28 12:07:16+00:00,f,1
990049088375836672,"House Intelligence Committee rules that there was NO COLLUSION between the Trump Campaign and Russia. As I have been saying all along, it is all a big Hoax by the Democrats based on payments and lies. There should never have been a Special Counsel appointed. Witch Hunt!",f,f,Twitter for iPhone,96515,21734,2018-04-28 02:04:31+00:00,f,1
990037854884696064,"House Intelligence Committee rules that there was NO COLLUSION between the Trump Campaign and Russia. As I have been saying all along, it is all a big Hoax by the Democrats based on payments and lies. There should never have been a Special Councel appointed. Witch Hunt!",f,t,Twitter for iPhone,26462,7240,2018-04-28 01:19:53+00:00,f,1
989958625522278401,"""RT @WhiteHouse: """"So today, on behalf of the United States, I want to thank every Olympian and Paralympian... To every member of @TeamUSA, I...""",t,f,Twitter for iPhone,0,7732,2018-04-27 20:05:03+00:00,f,1
989948140814991360,I urge all Americans to participate in #takebackday tomorrow! Let’s come together and BEAT last October’s record of disposed prescription pills! Visit https://t.co/QCG7bHvvxd to learn more on how to participate Saturday and every day. https://t.co/W00YxL1RwK,f,f,Twitter for iPhone,42014,9271,2018-04-27 19:23:23+00:00,f,1
989947800900329477,"""RT @WhiteHouse: """"Today I am honored to welcome Chancellor Angela Merkel back to the White House... We are also pleased to have our newly co...""",t,f,Twitter for iPhone,0,5763,2018-04-27 19:22:02+00:00,f,1
981992052786425856,Thank you @WVGovernor Jim Justice. It was my great honor to be with the amazing people of West Virginia today! #MAGA https://t.co/IwPuQNadMM,f,f,Twitter for iPhone,42514,8242,2018-04-05 20:28:44+00:00,f,1
989870523042680832,"Just Out: House Intelligence Committee Report released. “No evidence” that the Trump Campaign “colluded, coordinated or conspired with Russia.” Clinton Campaign paid for Opposition Research obtained from Russia- Wow! A total Witch Hunt! MUST END NOW!",f,f,Twitter for iPhone,101627,26464,2018-04-27 14:14:58+00:00,f,1
989858791687671808,"Look forward to meeting with Chancellor Angela Merkel of Germany today. So much to discuss, so little time! It will be good for both of our great countries!",f,f,Twitter for iPhone,62330,9095,2018-04-27 13:28:21+00:00,f,1
989854486310113282,"Kanye West has performed a great service to the Black Community - Big things are happening and eyes are being opened for the first time in Decades - Legacy Stuff! Thank you also to Chance and Dr. Darrell Scott, they really get it (lowest Black &amp, Hispanic unemployment in history).",f,f,Twitter for iPhone,122913,26468,2018-04-27 13:11:14+00:00,f,1
989834048796266498,"Please do not forget the great help that my good friend, President Xi of China, has given to the United States, particularly at the Border of North Korea. Without him it would have been a much longer, tougher, process!",f,f,Twitter for iPhone,94832,19706,2018-04-27 11:50:02+00:00,f,1
989827358961086465,So great to have Staff Sgt. Dan Nevins and the incredible WOUNDED WARRIORS with me in the White House yesterday. These are truly brave and special people! @foxandfriends,f,f,Twitter for iPhone,55108,9420,2018-04-27 11:23:27+00:00,f,1
989820401596366849,"KOREAN WAR TO END! The United States, and all of its GREAT people, should be very proud of what is now taking place in Korea!",f,f,Twitter for iPhone,113258,30677,2018-04-27 10:55:48+00:00,f,1
989816772713906177,"After a furious year of missile launches and Nuclear testing, a historic meeting between North and South Korea is now taking place. Good things are happening, but only time will tell!",f,f,Twitter for iPhone,102185,20035,2018-04-27 10:41:23+00:00,f,1
989813047773614080,Is everybody believing what is going on. James Comey can’t define what a leak is. He illegally leaked CLASSIFIED INFORMATION but doesn’t understand what he did or how serious it is. He lied all over the place to cover it up. He’s either very sick or very dumb. Remember sailor!,f,f,Twitter for iPhone,91150,19585,2018-04-27 10:26:35+00:00,f,1
989650212380692480,"The U.S. has put together a STRONG bid w/ Canada &amp, Mexico for the 2026 World Cup. It would be a shame if countries that we always support were to lobby against the U.S. bid. Why should we be supporting these countries when they don’t support us (including at the United Nations)?",f,f,Twitter for iPhone,84406,18171,2018-04-26 23:39:32+00:00,f,1
989629633376194561,Loved being on @foxandfriends this morning. Great show!,f,f,Twitter for iPhone,70227,8898,2018-04-26 22:17:45+00:00,f,1
989318406204809216,I will be interviewed on @foxandfriends at 8:00 A.M. Enjoy!,f,t,Twitter for iPhone,76531,14082,2018-04-26 01:41:03+00:00,f,1
989252420294336512,MAGA! https://t.co/jFf5ONASlv,f,f,Twitter for iPhone,198027,45818,2018-04-25 21:18:51+00:00,f,1
989225812166696960,"Thank you Kanye, very cool! https://t.co/vRIC87M21X",f,f,Twitter for iPhone,318782,88098,2018-04-25 19:33:07+00:00,f,1
989218146069504001,RT @realDonaldTrump: Democrats are obstructing good (hopefully great) people wanting to give up a big portion of their life to work for our...,t,f,Twitter for iPhone,0,21108,2018-04-25 19:02:39+00:00,f,1
989144989690187776,"Looking forward to my meeting with Tim Cook of Apple. We will be talking about many things, including how the U.S. has been treated unfairly for many years, by many countries, on trade.",f,f,Twitter for iPhone,73743,12528,2018-04-25 14:11:57+00:00,f,1
989144622684409856,".@FLOTUS did a spectacular job hosting the President of France @EmmanuelMacron and his wife Brigitte. Every detail was done to perfection. The State Dining Room never looked more beautiful, and Washington is abuzz over what an incredible job Melania did.",f,f,Twitter for iPhone,77920,13771,2018-04-25 14:10:30+00:00,f,1
989134248010502146,Busy day planned.  Looking forward to watching President Macron of France address a Joint Session of Congress today. This is a great honor and seldom allowed to be done...he will be GREAT!,f,f,Twitter for iPhone,63359,10208,2018-04-25 13:29:16+00:00,f,1
989110172495810560,Congratulations to Republican Debbie Lesko on her big win in the Special Election for Arizona House seat. Debbie will do a Great Job! Press is so silent.,f,f,Twitter for iPhone,95620,18394,2018-04-25 11:53:36+00:00,f,1
988874988169121792,"RT @realDonaldTrump: Our two great republics are linked together by the timeless bonds of history, culture, and destiny. We are people who...",t,t,Twitter for iPhone,0,1503,2018-04-24 08:19:04+00:00,f,1
988874883990999040,"Our two great republics are linked together by the timeless bonds of history, culture, and destiny. We are people who cherish our values, protect our civilization, and recognize the image of God in every human soul. https://t.co/01c8iSGDB3",f,f,Twitter Media Studio,81107,16298,2018-04-24 20:18:39+00:00,f,1
988859727219187713,"Today, @FLOTUS Melania and I were honored to welcome French President @EmmanuelMacron and Mrs. Brigitte Macron to the @WhiteHouse. We look forward to hosting them at tonight's State Dinner, in their honor. https://t.co/wGJcWqSzyP",f,f,Twitter Media Studio,41957,7343,2018-04-24 19:18:25+00:00,f,1
988856839893897222,".@JimRenacci has worked so hard on Tax Reductions, Illegal Immigration, the Border and Crime. I need Jim very badly to help our agenda and to keep MAKING AMERICA GREAT AGAIN! He will be a fantastic Senator for the Great State of Ohio, and has my full endorsement!",f,f,Twitter for iPhone,50754,11719,2018-04-24 19:06:57+00:00,f,1
988856517674889222,".@JimRenacci has worked so hard on Tax Reductions, Illegal Immigration, the Border and Crime. I need Jim very badly to help our agenda and to keep MAKING AMERICA GREAT AGAIN! He will be a fantastic  Senator for the Great State of Ohio, and has my full endorsement!",f,t,Twitter for iPhone,10,8,2018-04-24 07:05:40+00:00,f,1
988850347031584768,“President Trump Calls the U.S.-France Relationship ‘Unbreakable.’ History Shows He’s Right.” https://t.co/L0gT4rvaJO,f,f,Twitter for iPhone,47216,8563,2018-04-24 18:41:09+00:00,f,1
988840512571441152,"Arizona, please get out today and vote @DebbieLesko for Congress in #AZ08. Strong on Border, Immigration and Crime. Great on the Military. Time is ticking down - get out and VOTE today. We need Debbie in Congress!",f,f,Twitter for iPhone,51212,13064,2018-04-24 18:02:04+00:00,f,1
988839027209097217,"Americans stand with you and all of Canada, Prime Minister @JustinTrudeau. Our thoughts and prayers are with you all. #TorontoStrong https://t.co/Xo3Cn962z8",f,f,Twitter for iPhone,34032,5592,2018-04-24 17:56:10+00:00,f,1
988820755164139521,"Having great meetings and discussions with my friend, President @EmmanuelMacron of France. We are in the midst of meetings on Iran, Syria and Trade. We will be holding a joint press conference shortly, here at the @WhiteHouse. 🇺🇸🇫🇷 https://t.co/ju1FXhgjaD",f,f,Twitter for iPhone,44241,8301,2018-04-24 16:43:34+00:00,f,1
988729961300230144,RT @mike_pence: PROUD to support our friend @VoteMarsha for US Senate representing Tennessee. Marsha Blackburn is a rock-ribbed conservativ...,t,f,Twitter for iPhone,0,7350,2018-04-24 10:42:47+00:00,f,1
988509958089166848,"Here’s a great stat - since January 2017, the number of people forced to use food stamps is down 1.9 million. The American people are finally back to work!",f,f,Twitter for iPhone,131338,25846,2018-04-23 20:08:34+00:00,f,1
988415011382091776,"Mexico, whose laws on immigration are very tough, must stop people from going through Mexico and into the U.S. We may make this a condition of the new NAFTA Agreement. Our Country cannot accept what is happening! Also, we must get Wall funding fast.",f,f,Twitter for iPhone,89906,20058,2018-04-23 13:51:17+00:00,f,1
988413372298416128,"Despite the Democrat inspired laws on Sanctuary Cities and the Border being so bad and one sided, I have instructed the Secretary of Homeland Security not to let these large Caravans of people into our Country. It is a disgrace. We are the only Country in the World so naive! WALL",f,f,Twitter for iPhone,87869,20260,2018-04-23 13:44:46+00:00,f,1
988405962624118785,"Hard to believe Obstructionists May vote against Mike Pompeo for Secretary of State. The Dems will not approve hundreds of good people, including the Ambassador to Germany. They are maxing out the time on approval process for all, never happened before. Need more Republicans!",f,f,Twitter for iPhone,76260,18219,2018-04-23 13:15:19+00:00,f,1
988148545545895937,Thank you to the incredible Law Enforcement Officers from the Palm Beach County Sheriff’s Office. They keep us safe and are very cool about it! https://t.co/NlhxpPwmzT,f,f,Twitter for iPhone,80707,13700,2018-04-22 20:12:26+00:00,f,1
988146462625181696,"Kim Strassel of the WSJ just said, after reviewing the dumb Comey Memos, “you got to ask, what was the purpose of the Special Counsel? There’s no there there.” Dan Henninger of the WSJ said Memos would show that this would be one of the weakest obstruction cases ever brought!",f,f,Twitter for iPhone,80551,19332,2018-04-22 20:04:10+00:00,f,1
988126197619068928,Funny how all of the Pundits that couldn’t come close to making a deal on North Korea are now all over the place telling me how to make a deal!,f,f,Twitter for iPhone,101948,22279,2018-04-22 18:43:38+00:00,f,1
988056354567917568,"“I can die happy now with Trump Job performance,” stated Mary Matalin. “A great overall President, stunning!” Thank you Mary.",f,f,Twitter for iPhone,77027,13263,2018-04-22 14:06:06+00:00,f,1
988040227167064064,"....We are a long way from conclusion on North Korea, maybe things will work out, and maybe they won’t - only time will tell....But the work I am doing now should have been done a long time ago!",f,f,Twitter for iPhone,89768,17455,2018-04-22 13:02:01+00:00,f,1
988037292932653056,"Sleepy Eyes Chuck Todd of Fake News NBC just stated that we have given up so much in our negotiations with North Korea, and they have given up nothing. Wow, we haven’t given up anything &amp, they have agreed to denuclearization (so great for World), site closure, &amp, no more testing!",f,f,Twitter for iPhone,86343,20435,2018-04-22 12:50:22+00:00,f,1
988030312088260608,“GOP Lawmakers asking Sessions to Investigate Comey and Hillary Clinton.” @FoxNews   Good luck with that request!,f,f,Twitter for iPhone,75205,16290,2018-04-22 12:22:37+00:00,f,1
987786331995672576,"The Washington Post said I refer to Jeff Sessions as “Mr. Magoo” and Rod Rosenstein as “Mr. Peepers.” This is “according to people with whom the president has spoken.” There are no such people and don’t know these characters...just more Fake &amp, Disgusting News to create ill will!",f,f,Twitter for iPhone,57824,13909,2018-04-21 20:13:08+00:00,f,1
987774054651301888,"James Comey’s Memos are Classified, I did not Declassify them. They belong to our Government! Therefore, he broke the law! Additionally, he totally made up many of the things he said I said, and he is already a proven liar and leaker. Where are Memos on Clinton, Lynch &amp, others?",f,f,Twitter for iPhone,64163,16332,2018-04-21 19:24:21+00:00,f,1
987768453338673152,"Sylvester Stallone called me with the story of heavyweight boxing champion Jack Johnson. His trials and tribulations were great, his life complex and controversial. Others have looked at this over the years, most thought it would be done, but yes, I am considering a Full Pardon!",f,f,Twitter for iPhone,84375,16433,2018-04-21 19:02:05+00:00,f,1
987766033862873091,"So funny, the Democrats have sued the Republicans for Winning. Now he R’s counter and force them to turn over a treasure trove of material, including Servers and Emails!",f,f,Twitter for iPhone,80883,18496,2018-04-21 18:52:28+00:00,f,1
987719560282476546,Heading to the Southern White House to watch the Funeral Service of Barbara Bush. First Lady Melania has arrived in Houston to pay our respects. Will be a beautiful day!,f,f,Twitter for iPhone,67249,9507,2018-04-21 15:47:48+00:00,f,1
987718953886679047,"Today, my thoughts and prayers are with the entire Bush family. In memory of First Lady Barbara Bush, there is a remembrance display located at her portrait in the Center Hall of the @WhiteHouse. https://t.co/AuJ3RLZyax",f,f,Twitter for iPhone,68408,10445,2018-04-21 15:45:24+00:00,f,1
987718832096768001,"Fantastic crowd and great people yesterday in Key West, Florida. Thank you! https://t.co/HqOUFgmbQS",f,f,Twitter for iPhone,58155,11123,2018-04-21 15:44:55+00:00,f,1
987682105269391360,"Join me in Washington, Michigan on Saturday, April 28, 2018 at 7:00pm! #MAGA Tickets: https://t.co/DISosdqBuu https://t.co/gHdTgHw5FU",f,f,Twitter for iPhone,34646,8454,2018-04-21 13:18:58+00:00,f,1
987679852345135105,"....it means lying or making up stories. Sorry, I don’t see Michael doing that despite the horrible Witch Hunt and the dishonest media!",f,f,Twitter for iPhone,45205,9246,2018-04-21 13:10:01+00:00,f,1
987679850545778689,"....non-existent “sources” and a drunk/drugged up loser who hates Michael, a fine person with a wonderful family. Michael is a businessman for his own account/lawyer who I have always liked &amp, respected. Most people will flip if the Government lets them out of trouble, even if....",f,f,Twitter for iPhone,41980,8860,2018-04-21 13:10:01+00:00,f,1
987679848284999680,"The New York Times and a third rate reporter named Maggie Haberman, known as a Crooked H flunkie who I don’t speak to and have nothing to do with, are going out of their way to destroy Michael Cohen and his relationship with me in the hope that he will “flip.” They use....",f,f,Twitter for iPhone,50915,12045,2018-04-21 13:10:00+00:00,f,1
987666603516063744,"....it means lying or making up stories. Sorry, I don’t see Michael doing that despite the horrible Witch Hunt and the dishonest media!",f,t,Twitter for iPhone,11432,2802,2018-04-21 12:17:22+00:00,f,1
987666601808924672,"....non-existent “sources” and a drunk/drugged up loser who hates Michael, a fine person with a wonderful family. Michael is a businessman for his own account/lawyer who I have always liked &amp, respected. Most people will flip if the Government lets them out of trouble, even if....",f,t,Twitter for iPhone,10374,2671,2018-04-21 12:17:22+00:00,f,1
987666600194183168,"The New York Times and a third rate reporter named Maggie Habberman, known as a Crooked H flunkie who I don’t speak to and have nothing to do with, are going out of their way to destroy Michael Cohen and his relationship with me in the hope that he will “flip.” They use....",f,t,Twitter for iPhone,12690,3574,2018-04-21 12:17:22+00:00,f,1
987532088302886913,A message from Kim Jong Un: “North Korea will stop nuclear tests and launches of intercontinental ballistic missiles.”Also will “Shut down a nuclear test site in the country’s Northern Side to prove the vow to suspend nuclear tests.” Progress being made for all!,f,f,Twitter for iPhone,121413,25357,2018-04-21 03:22:51+00:00,f,1
987529636656697345,"James Comey illegally leaked classified documents to the press in order to generate a Special Council? Therefore, the Special Council was established based on an illegal act? Really, does everybody know what that means?",f,f,Twitter for iPhone,89727,22779,2018-04-21 03:13:07+00:00,f,1
987470932989050881,"Just heard the Campaign was sued by the Obstructionist Democrats. This can be good news in that we will now counter for the DNC Server that they refused to give to the FBI, the Debbie Wasserman Schultz Servers and Documents held by the Pakistani mystery man and Clinton Emails.",f,f,Twitter for iPhone,93612,24971,2018-04-20 23:19:51+00:00,f,1
987463564305797126,North Korea has agreed to suspend all Nuclear Tests and close up a major test site. This is very good news for North Korea and the World - big progress! Look forward to our Summit.,f,f,Twitter for iPhone,158810,37192,2018-04-20 22:50:34+00:00,f,1
987459505855369221,"Just heard the Campaign was sued by the Obstructionist Democrats. This can be good news in that we will now counter for the DNC Server that they refused to give to the FBI, the Wendy Wasserman Schultz Servers and Documents held by the Pakistani mystery man and Clinton Emails.",f,t,Twitter for iPhone,27084,8794,2018-04-20 10:34:26+00:00,f,1
987426984195174405,"Can you believe that despite 93% bad stories from the Fake News Media (should be getting good stories), today we had just about our highest Poll Numbers, including those on Election Day? The American public is wise to the phony an dishonest press. Make America Great Again!",f,f,Twitter for iPhone,111797,25310,2018-04-20 20:25:13+00:00,f,1
987284041304100864,"Looks like OPEC is at it again. With record amounts of Oil all over the place, including the fully loaded ships at sea, Oil prices are artificially Very High! No good and will not be accepted!",f,f,Twitter for iPhone,83872,19091,2018-04-20 10:57:12+00:00,f,1
987282387196436480,Nancy Pelosi is going absolutely crazy about the big Tax Cuts given to the American People by the Republicans...got not one Democrat Vote! Here’s a choice. They want to end them and raise your taxes substantially. Republicans are working on making them permanent and more cuts!,f,f,Twitter for iPhone,93690,23106,2018-04-20 10:50:38+00:00,f,1
987280537348866048,"So exciting! I have agreed to be the Commencement Speaker at our GREAT Naval Academy on May 25th in Annapolis, Maryland. Looking forward to being there.",f,f,Twitter for iPhone,99530,15785,2018-04-20 10:43:17+00:00,f,1
987278269765517312,So General Michael Flynn’s life can be totally destroyed while Shadey James Comey can Leak and Lie and make lots of money from a third rate book (that should never have been written). Is that really the way life in America is supposed to work? I don’t think so!,f,f,Twitter for iPhone,93569,25259,2018-04-20 10:34:16+00:00,f,1
987173366401585155,"James Comey Memos just out and show clearly that there was NO COLLUSION and NO OBSTRUCTION. Also, he leaked classified information. WOW! Will the Witch Hunt continue?",f,f,Twitter for iPhone,86041,19978,2018-04-20 03:37:26+00:00,f,1
987100052710674433,James Comey just threw Andrew McCabe “under the bus.” Inspector General’s Report on McCabe is a disaster for both of them! Getting a little (lot) of their own medicine?,f,f,Twitter for iPhone,71524,16983,2018-04-19 22:46:06+00:00,f,1
987096152892944389,"Sanctuary Cities released at least 142 Gang Members across the United States, making it easy for them to commit all forms of violent crimes where none would have existed. We are doing a great job of law enforcement, but things such as this make safety in America difficult!",f,f,Twitter for iPhone,62645,16081,2018-04-19 22:30:36+00:00,f,1
987096105841315841,"My thoughts, prayers and condolences are with the families, friends and colleagues of the two @GCSOFlorida deputies (HEROES) who lost their lives in the line of duty today.",f,f,Twitter for iPhone,56011,11392,2018-04-19 22:30:25+00:00,f,1
987066289855303681,Mike Pompeo is outstanding. First in his class at West Point. A top student at Harvard Law School. A success at whatever he has done. We need the Senate to approve Mike ASAP. He will be a great Secretary of State!,f,f,Twitter for iPhone,77384,17989,2018-04-19 20:31:56+00:00,f,1
987065049566138375,"...Hopefully the Senate will not leave Washington until our Ambassadors, Judges and the people who make Washington work are approved. The Democrats are Obstructing the process and we need these people approved for the good of our Country!",f,f,Twitter for iPhone,62690,15151,2018-04-19 20:27:01+00:00,f,1
987063604691259393,"Democrats are obstructing good (hopefully great) people wanting to give up a big portion of their life to work for our Government, hence, the American People. They are “slow walking” all of my nominations - hundreds of people. At this rate it would take 9 years for all approvals!",f,f,Twitter for iPhone,82344,21108,2018-04-19 20:21:16+00:00,f,1
987038167730552832,".@MarshaBlackburn is a wonderful woman who has always been there when we have needed her. Great on the Military, Border Security and Crime. Loves and works hard for the people of Tennessee. She has my full endorsement and I will be there to campaign with her!",f,f,Twitter for iPhone,51032,11815,2018-04-19 18:40:12+00:00,f,1
987036458648199168,"THANK YOU #JIATFSouth, @Norad_Northcom, @southcomwatch and @DHSgov. Keep up the GREAT work! https://t.co/3v2uG6Jp1T",f,f,Twitter for iPhone,26835,5184,2018-04-19 18:33:24+00:00,f,1
987003860882526208,"Just arrived @NASKeyWest! Heading to a briefing with the Joint Interagency Task Force South, NORTHCOM and SOUTHCOM. https://t.co/r906IXnBcG",f,f,Twitter for iPhone,37865,7137,2018-04-19 16:23:52+00:00,f,1
986994992177561600,"Governor Jerry Brown announced he will deploy “up to 400 National Guard Troops” to do nothing. The crime rate in California is high enough, and the Federal Government will not be paying for Governor Brown’s charade. We need border security and action, not words!",f,f,Twitter for iPhone,71458,15918,2018-04-19 15:48:38+00:00,f,1
986988633822412800,"Thank you San Diego County for defending the rule of law and supporting our lawsuit against California's illegal and unconstitutional 'Sanctuary' policies. California's dangerous policies release violent criminals back into our communities, putting all Americans at risk.",f,f,Twitter for iPhone,72790,15711,2018-04-19 15:23:22+00:00,f,1
986979039670931458,"Great meeting with Prime Minister Abe of Japan, who has just left Florida. Talked in depth about North Korea, Military and Trade. Good things will happen!",f,f,Twitter for iPhone,60523,11195,2018-04-19 14:45:14+00:00,f,1
986801143014621185,"It was my great honor to host my friend @JPN_PMO @AbeShinzo and his delegation at Mar-a-Lago for the past two days. Lots accomplished, thank you! #Success🇺🇸🇯🇵 https://t.co/2NnItfwfBl",f,f,Twitter for iPhone,55481,11684,2018-04-19 02:58:21+00:00,f,1
986789533172760576,"RT @StateDept: .@POTUS Trump thanks Prime Minister @AbeShinzo for his support, discusses U.S.-Japan cooperation on #NorthKorea, defense, an...",t,f,Twitter for iPhone,0,6912,2018-04-19 02:12:13+00:00,f,1
986719240240746497,Great working luncheon with U.S. and Japanese Delegations this afternoon! https://t.co/ywU2CEih8b,f,f,Twitter for iPhone,55354,9965,2018-04-18 21:32:53+00:00,f,1
986711015630036992,Prime Minister @AbeShinzo of Japan and myself this morning building an even deeper and better relationship while playing a quick round of golf at Trump International Golf Club. https://t.co/YqU7pHiFoU,f,f,Twitter for iPhone,64456,12115,2018-04-18 21:00:12+00:00,f,1
986643179452747776,Best wishes to Prime Minister @Netanyahu and all of the people of Israel on the 70th Anniversary of your Great Independence. We have no better friends anywhere. Looking forward to moving our Embassy to Jerusalem next month!,f,f,Twitter for iPhone,87135,19104,2018-04-18 16:30:39+00:00,f,1
986576502358671361,"Slippery James Comey, the worst FBI Director in history, was not fired because of the phony Russia investigation where, by the way, there was NO COLLUSION (except by the Dems)!",f,f,Twitter for iPhone,81343,17756,2018-04-18 12:05:42+00:00,f,1
986555533535731712,"Mike Pompeo met with Kim Jong Un in North Korea last week. Meeting went very smoothly and a good relationship was formed. Details of Summit are being worked out now. Denuclearization will be a great thing for World, but also for North Korea!",f,f,Twitter for iPhone,85396,20451,2018-04-18 10:42:23+00:00,f,1
986547093610299392,"A sketch years later about a nonexistent man. A total con job, playing the Fake News Media for Fools (but they know it)! https://t.co/9Is7mHBFda",f,f,Twitter for iPhone,51729,13870,2018-04-18 10:08:50+00:00,f,1
986544648477868032,"There is a Revolution going on in California. Soooo many Sanctuary areas want OUT of this ridiculous, crime infested &amp, breeding concept. Jerry Brown is trying to back out of the National Guard at the Border, but the people of the State are not happy. Want Security &amp, Safety NOW!",f,f,Twitter for iPhone,97410,22876,2018-04-18 09:59:07+00:00,f,1
986541247237181441,RT @AbeShinzo: フロリダに到着し、早速トランプ大統領との首脳会談に臨みました。今日は、大半を北朝鮮問題に費やし、非常に重要な点で認識を一致させることができました。「日本のために最善となるようベストを尽くす」トランプ大統領は、来る米朝首脳会談で拉致問題を取り上げ...,t,f,Twitter for iPhone,0,16845,2018-04-18 09:45:37+00:00,f,1
986540705538506752,"RT @IvankaTrump: This year’s #TaxDay is the last time you’ll have to file your taxes through an outdated, broken system. #BYE-BYE https://t...",t,f,Twitter for iPhone,0,6789,2018-04-18 09:43:27+00:00,f,1
986540502064484354,RT @realDonaldTrump: States and Cities throughout our Country are being cheated and treated so badly by online retailers. Very unfair to tr...,t,f,Twitter for iPhone,0,10991,2018-04-18 09:42:39+00:00,f,1
986540431436640256,"RT @realDonaldTrump: Today’s Court decision means that Congress must close loopholes that block the removal of dangerous criminal aliens, i...",t,f,Twitter for iPhone,0,12426,2018-04-18 09:42:22+00:00,f,1
986540409903042560,RT @realDonaldTrump: ....Congress – House and Senate must quickly pass a legislative fix to ensure violent criminal aliens can be removed f...,t,f,Twitter for iPhone,0,10251,2018-04-18 09:42:17+00:00,f,1
986436520444866560,"While Japan and South Korea would like us to go back into TPP, I don’t like the deal for the United States. Too many contingencies and no way to get out if it doesn’t work. Bilateral deals are far more efficient, profitable and better for OUR workers. Look how bad WTO is to U.S.",f,f,Twitter for iPhone,65887,14211,2018-04-18 02:49:28+00:00,f,1
986432143189512192,"Pastor Andrew Brunson, a fine gentleman and Christian leader in the United States, is on trial and being persecuted in Turkey for no reason. They call him a Spy, but I am more a Spy than he is. Hopefully he will be allowed to come home to his beautiful family where he belongs!",f,f,Twitter for iPhone,72203,16414,2018-04-18 02:32:04+00:00,f,1
986430856750395392,It is my great honor to host @JPN_PMO @AbeShinzo! https://t.co/QxMpCGRycF,f,f,Twitter for iPhone,36243,7811,2018-04-18 02:26:57+00:00,f,1
986430103075868672,.@FLOTUS Melania and I join the Nation in celebrating the life of Barbara Bush: https://t.co/4OW72iddQx,f,f,Twitter for iPhone,38970,7037,2018-04-18 02:23:58+00:00,f,1
986395361815166981,.@FLOTUS Melania and I join the Nation in celebrating the life of Barbara Bush: https://t.co/4NzyjxqAFM,f,t,Twitter for iPhone,39641,10206,2018-04-18 12:05:55+00:00,f,1
986378606606737408,States and Cities throughout our Country are being cheated and treated so badly by online retailers. Very unfair to traditional tax paying stores!,f,f,Twitter for iPhone,59147,10991,2018-04-17 22:59:20+00:00,f,1
986362521417371648,"RT @IvankaTrump: Great to be with Secretary Mnuchin &amp, former Governor Sununu in Derry, NH on #TaxDay to highlight the tremendous benefits o...",t,f,Twitter for iPhone,0,4372,2018-04-17 21:55:25+00:00,f,1
986362433479610370,RT @FoxBusiness: WATCH LIVE: @IvankaTrump and @stevenmnuchin1 host tax event on Tax Day in New Hampshire. (Courtesy: WBZ) https://t.co/C3zr...,t,f,Twitter for iPhone,0,3670,2018-04-17 21:55:04+00:00,f,1
986357230219022342,....Congress – House and Senate must quickly pass a legislative fix to ensure violent criminal aliens can be removed from our society. Keep America Safe!,f,f,Twitter for iPhone,47130,10251,2018-04-17 21:34:23+00:00,f,1
986357228306354178,"Today’s Court decision means that Congress must close loopholes that block the removal of dangerous criminal aliens, including aggravated felons. This is a public safety crisis that can only be fixed by....",f,f,Twitter for iPhone,56749,12426,2018-04-17 21:34:23+00:00,f,1
986344953134673922,Welcome Prime Minister Abe! https://t.co/538EYyfWDq,f,f,Twitter for iPhone,49861,11790,2018-04-17 20:45:36+00:00,f,1
986303188587425794,"Rasmussen just came out at 51% Approval despite the Fake News Media. They were one of the three most accurate on Election Day. Just about the most inaccurate were CNN and ABC News/Washington Post, and they haven’t changed (get new pollsters). Much of the media is a Scam!",f,f,Twitter for iPhone,65807,14531,2018-04-17 17:59:39+00:00,f,1
986301228337508354,"Getting ready to meet Prime Minister Abe of Japan, a truly fine gentleman!",f,f,Twitter for iPhone,57484,8150,2018-04-17 17:51:52+00:00,f,1
986294947841232896,RT @NFIB: Our Optimism Index reached its 16th consecutive month in the top 5% of 45 years of survey readings – and it was the 1st time in 3...,t,f,Twitter for iPhone,0,3450,2018-04-17 17:26:54+00:00,f,1
986294728810487808,"RT @VP: Thanks to the historic TRUMP TAX CUTS, today marks the last time the American people will file taxes under a complicated &amp, outdated...",t,f,Twitter for iPhone,0,9017,2018-04-17 17:26:02+00:00,f,1
986294577157033984,"RT @RepKevinBrady: Starting next year, you will be able to file under the new tax law, which means MORE money in your pocket – all without...",t,f,Twitter for iPhone,0,4141,2018-04-17 17:25:26+00:00,f,1
986294490074832896,"RT @WhiteHouse: Syrian President Bashar al-Assad’s April 7 attack on innocent civilians violated international law, the Chemical Weapons Co...",t,f,Twitter for iPhone,0,3219,2018-04-17 17:25:05+00:00,f,1
986294410483822592,"RT @WhiteHouse: Out with the old, in with the new: tax cuts and reforms that look out for hardworking taxpayers ⬇️https://t.co/eEHFWkG8xm",t,f,Twitter for iPhone,0,4089,2018-04-17 17:24:46+00:00,f,1
986284798468673536,RT @WhiteHouse: President Trump's tax cuts will generate greater economic opportunities for all. https://t.co/kcTsLNN1Uu,t,f,Twitter for iPhone,0,3610,2018-04-17 16:46:34+00:00,f,1
986218871991492608,"So many people are seeing the benefits of the Tax Cut Bill. Everyone is talking, really nice to see!",f,f,Twitter for iPhone,72702,12163,2018-04-17 12:24:36+00:00,f,1
981987882712883200,"Thanks to our historic TAX CUTS, America is open for business, and millions of American workers are seeing more take-home pay through higher wages, salaries and bonuses! https://t.co/0u3dpLJiV2",f,f,Twitter for iPhone,59896,12232,2018-04-05 20:12:10+00:00,f,1
986218870506754048,Looks like Jerry Brown and California are not looking for safety and security along their very porous Border. He cannot come to terms for the National Guard to patrol and protect the Border. The high crime rate will only get higher. Much wanted Wall in San Diego already started!,f,f,Twitter for iPhone,55081,12050,2018-04-17 12:24:36+00:00,f,1
986218867780448261,I am in Florida and looking forward to my meeting with Prime Minister Abe of Japan. Working on Trade and Military Security.,f,f,Twitter for iPhone,54245,9326,2018-04-17 12:24:35+00:00,f,1
986218862625648640,"Employment is up, Taxes are DOWN. Enjoy!",f,f,Twitter for iPhone,106514,19661,2018-04-17 12:24:34+00:00,f,1
986047601047896064,RT @GOPChairwoman: Crumbs are still coming. #MAGAhttps://t.co/JFZL6czboZ,t,f,Twitter for iPhone,0,7172,2018-04-17 01:04:02+00:00,f,1
986046062745063425,"RT @WaysandMeansGOP: Tomorrow is #TaxDay and the good news is this is the last year you will have to file using the old, broken code. Check...",t,f,Twitter for iPhone,0,4565,2018-04-17 00:57:55+00:00,f,1
986046000518303745,"RT @IvankaTrump: Looking forward to traveling to Manchester, NH tomorrow with Sec @stevenmnuchin1 to celebrate the last #TaxDay under the o...",t,f,Twitter for iPhone,0,5261,2018-04-17 00:57:41+00:00,f,1
986045762227396610,RT @GOP: Our entire RNC family offers prayers of comfort and peace for Barbara Bush and the entire Bush family.,t,f,Twitter for iPhone,0,3975,2018-04-17 00:56:44+00:00,f,1
986045749489172480,RT @GOPChairwoman: Comey’s misconduct once led both Republicans and Democrats to call for his firing. His reputation rehabilitation book to...,t,f,Twitter for iPhone,0,5859,2018-04-17 00:56:41+00:00,f,1
986044788163084288,RT @GOPChairwoman: We’re in a prime position to defend our majorities in 2018. Let’s defy history. #MAGA #LeadRighthttps://t.co/fo8g0pSjWQ,t,f,Twitter for iPhone,0,5410,2018-04-17 00:52:51+00:00,f,1
985858100149309441,Russia and China are playing the Currency Devaluation game as the U.S. keeps raising interest rates. Not acceptable!,f,f,Twitter for iPhone,83114,16922,2018-04-16 12:31:02+00:00,f,1
985856662866202624,"Comey drafted the Crooked Hillary exoneration long before he talked to her (lied in Congress to Senator G), then based his decisions on her poll numbers. Disgruntled, he, McCabe, and the others, committed many crimes!",f,f,Twitter for iPhone,95544,22795,2018-04-16 12:25:19+00:00,f,1
953360619834691585,"Today, it was my honor to welcome President Nursultan Nazarbayev of Kazakhstan to the @WhiteHouse! https://t.co/TerYFZViax",f,f,Twitter for iPhone,47163,7739,2018-01-16 20:17:39+00:00,f,1
985529299905187840,"Just hit 50% in the Rasmussen Poll, much higher than President Obama at same point. With all of the phony stories and Fake News, it’s hard to believe! Thank you America, we are doing Great Things.",f,f,Twitter for iPhone,120370,23456,2018-04-15 14:44:30+00:00,f,1
985504808646971392,"Slippery James Comey, a man who always ends up badly and out of whack (he is not smart!), will go down as the WORST FBI Director in history, by far!",f,f,Twitter for iPhone,83448,17392,2018-04-15 13:07:10+00:00,f,1
985502053345751040,"Attorney Client privilege is now a thing of the past. I have many (too many!) lawyers and they are probably wondering when their offices, and even homes, are going to be raided with everything, including their phones and computers, taken. All lawyers are deflated and concerned!",f,f,Twitter for iPhone,87627,18969,2018-04-15 12:56:13+00:00,f,1
985496023555608576,I never asked Comey for Personal Loyalty. I hardly even knew this guy. Just another of his many lies. His “memos” are self serving and FAKE!,f,f,Twitter for iPhone,86615,17494,2018-04-15 12:32:16+00:00,f,1
985492862958698497,"The Syrian raid was so perfectly carried out, with such precision, that the only way the Fake News Media could demean was by my use of the term “Mission Accomplished.” I knew they would seize on this but felt it is such a great Military term, it should be brought back. Use often!",f,f,Twitter for iPhone,98800,18974,2018-04-15 12:19:42+00:00,f,1
985489930343321600,"Comey throws AG Lynch “under the bus!” Why can’t we all find out what happened on the tarmac in the back of the plane with Wild Bill and Lynch? Was she promised a Supreme Court seat, or AG, in order to lay off Hillary. No golf and grandkids talk (give us all a break)!",f,f,Twitter for iPhone,86667,21044,2018-04-15 12:08:03+00:00,f,1
985487209510948864,"The big questions in Comey’s badly reviewed book aren’t answered like, how come he gave up Classified Information (jail), why did he lie to Congress (jail), why did the DNC refuse to give Server to the FBI (why didn’t they TAKE it), why the phony memos, McCabe’s $700,000 &amp, more?",f,f,Twitter for iPhone,85680,21741,2018-04-15 11:57:14+00:00,f,1
985483513704124416,"Unbelievably, James Comey states that Polls, where Crooked Hillary was leading, were a factor in the handling (stupidly) of the Clinton Email probe. In other words, he was making decisions based on the fact that he thought she was going to win, and he wanted a job. Slimeball!",f,f,Twitter for iPhone,90232,21803,2018-04-15 11:42:33+00:00,f,1
985479145504337920,"RT @realDonaldTrump: So proud of our great Military which will soon be, after the spending of billions of fully approved dollars, the fines...",t,f,Twitter for iPhone,0,24217,2018-04-15 11:25:12+00:00,f,1
985279804177027072,RT @nikkihaley: https://t.co/oO3wIKolMy,t,f,Twitter for iPhone,0,14797,2018-04-14 22:13:05+00:00,f,1
985133017256660995,"So proud of our great Military which will soon be, after the spending of billions of fully approved dollars, the finest that our Country has ever had. There won’t be anything, or anyone, even close!",f,f,Twitter for iPhone,138072,24217,2018-04-14 12:29:48+00:00,f,1
985130802668294144,A perfectly executed strike last night. Thank you to France and the United Kingdom for their wisdom and the power of their fine Military. Could not have had a better result. Mission Accomplished!,f,f,Twitter for iPhone,172030,34639,2018-04-14 12:21:00+00:00,f,1
984967457315139586,https://t.co/6VLQYAlcto,f,f,Twitter for iPhone,88812,29412,2018-04-14 01:31:56+00:00,f,1
984877999718895616,"DOJ just issued the McCabe report - which is a total disaster. He LIED! LIED! LIED! McCabe was totally controlled by Comey - McCabe is Comey!! No collusion, all made up by this den of thieves and lowlifes!",f,f,Twitter for iPhone,106387,28625,2018-04-13 19:36:27+00:00,f,1
984828878060335109,"We are bringing back our factories, we are bringing back our jobs, and we are bringing back those four beautiful words: MADE IN THE USA! https://t.co/grABSrYUBX",f,f,Twitter Media Studio,95136,20207,2018-04-13 16:21:16+00:00,f,1
984767560494313472,"....untruthful slime ball who was, as time has proven, a terrible Director of the FBI. His handling of the Crooked Hillary Clinton case, and the events surrounding it, will go down as one of the worst “botch jobs” of history. It was my great honor to fire James Comey!",f,f,Twitter for iPhone,119966,27374,2018-04-13 12:17:37+00:00,f,1
984763579210633216,"James Comey is a proven LEAKER &amp, LIAR. Virtually everyone in Washington thought he should be fired for the terrible job he did-until he was, in fact, fired. He leaked CLASSIFIED information, for which he should be prosecuted. He lied to Congress under OATH. He is a weak and.....",f,f,Twitter for iPhone,107085,26058,2018-04-13 12:01:47+00:00,f,1
984759315046322177,"Tremendous pressure is building, like never before, for the Border Wall and an end to crime cradling Sanctuary Cities. Started the Wall in San Diego, where the people were pushing really hard to get it. They will soon be protected!",f,f,Twitter for iPhone,92291,18105,2018-04-13 11:44:51+00:00,f,1
984631073865953280,"Would only join TPP if the deal were substantially better than the deal offered to Pres. Obama. We already have BILATERAL deals with six of the eleven nations in TPP, and are working to make a deal with the biggest of those  nations, Japan, who has hit us hard on trade for years!",f,f,Twitter for iPhone,66880,13173,2018-04-13 03:15:16+00:00,f,1
984507430909308929,"America’s greatest treasure is our people – and my Administration HEARS YOUR VOICE and HAS YOUR BACK. We are fighting to give every American a future of dignity, purpose and pride. AMERICAN SPIRIT is back! #TaxCuts https://t.co/oSGZe0irBf",f,f,Twitter Web Client,69197,15920,2018-04-12 19:03:57+00:00,f,1
984499517805486082,"Thank you to all of the American workers who travelled here today! This event is dedicated to YOU: the hardworking Americans who make this nation run. You love your country, you provide for your family, you have PRIDE in your work and you cherish our GREAT AMERICAN FLAG! #TaxCuts https://t.co/RwaLpCRPh5",f,f,Twitter Web Client,55809,11233,2018-04-12 18:32:30+00:00,f,1
984479558765350912,Just had an Agricultural Roundtable with memembers of Congress and Governors.I will be making remarks on the large scale TAX CUTS given to American families and workers at 1:45 P.M. from the Rose Garden. Join me live: https://t.co/XAchZ3zUSe https://t.co/Dqe8QhpDAZ,f,t,Twitter for iPhone,30968,7045,2018-04-12 05:13:12+00:00,f,1
984472778035417088,"I have agreed with the historically cooperative, disciplined approach that we have engaged in with Robert Mueller (Unlike the Clintons!). I have full confidence in Ty Cobb, my Special Counsel, and have been fully advised throughout each phase of this process.",f,f,Twitter for iPhone,70577,13161,2018-04-12 16:46:15+00:00,f,1
984471933050937344,"On Yom HaShoah we remember the six million Jews slaughtered in the Holocaust. With each passing year, our duty to remember this atrocity increases as we pledge #NeverAgain. #HolocaustRemembranceDay https://t.co/tyga4VtjLT",f,f,Twitter for iPhone,56303,13370,2018-04-12 16:42:54+00:00,f,1
984379918682394624,Good luck to Mike Pompeo during his Confirmation Hearing today. He will be a great Secretary of State!,f,f,Twitter for iPhone,52633,9626,2018-04-12 10:37:16+00:00,f,1
953352036309000194,"“President Donald J. Trump Proclaims January 16, 2018, as Religious Freedom Day” https://t.co/bD3R2dJfyp",f,f,Twitter for iPhone,62280,15478,2018-01-16 19:43:32+00:00,f,1
984374422587965440,"Never said when an attack on Syria would take place. Could be very soon or not so soon at all! In any event, the United States, under my Administration, has done a great job of ridding the region of ISIS. Where is our “Thank you America?”",f,f,Twitter for iPhone,96723,20099,2018-04-12 10:15:25+00:00,f,1
984372760230154241,"California Governor Jerry Brown is doing the right thing and sending the National Guard to the Border. Thank you Jerry, good move for the safety of our Country!",f,f,Twitter for iPhone,73394,11603,2018-04-12 10:08:49+00:00,f,1
984371491277099010,"If I wanted to fire Robert Mueller in December, as reported by the Failing New York Times, I would have fired him. Just more Fake News from a biased newspaper!",f,f,Twitter for iPhone,73617,14955,2018-04-12 10:03:46+00:00,f,1
984231791103012864,Big show tonight on @seanhannity! 9:00 P.M. on @FoxNews,f,f,Twitter for iPhone,47035,8656,2018-04-12 00:48:39+00:00,f,1
984204373105442816,Honored to have Republican Congressional Leadership join me at the @WhiteHouse this evening. Lots to discuss as we continue MAKING AMERICA GREAT AGAIN! https://t.co/b9z5Nfdkcl,f,f,Twitter for iPhone,49654,8770,2018-04-11 22:59:42+00:00,f,1
984155907251687424,“Trump just took a giant step towards actual welfare reform” https://t.co/LQlACDDLug,f,f,Twitter for iPhone,58954,12818,2018-04-11 19:47:07+00:00,f,1
984107320211886080,RT @StateDept: .@POTUS Trump at Signing of #FOSTA #SESTA bill: We are going to do everything in our power to make sure traffickers are brou...,t,f,Twitter for iPhone,0,11885,2018-04-11 16:34:03+00:00,f,1
984095671262367744,"The @WhiteHouse is partnering with @Interior and @NatlParkService to bring the @NSCsafety's “Prescribed to Death” Opioid Memorial to the Ellipse - beginning tomorrow, April 12th to April 18th. More information: https://t.co/z4FPQxt4Bl https://t.co/XvScPqvAkQ",f,f,Twitter for iPhone,30267,6681,2018-04-11 15:47:46+00:00,f,1
984066131303583746,"Speaker Paul Ryan is a truly good man, and while he will not be seeking re-election, he will leave a legacy of achievement that nobody can question. We are with you Paul!",f,f,Twitter for iPhone,54136,8306,2018-04-11 13:50:23+00:00,f,1
984053549742067712,"Much of the bad blood with Russia is caused by the Fake &amp, Corrupt Russia Investigation, headed up by the all Democrat loyalists, or people that worked for Obama. Mueller is most conflicted of all (except Rosenstein who signed FISA &amp, Comey letter). No Collusion, so they go crazy!",f,f,Twitter for iPhone,82341,20976,2018-04-11 13:00:23+00:00,f,1
984032798821568513,"Our relationship with Russia is worse now than it has ever been, and that includes the Cold War. There is no reason for this. Russia needs us to help with their economy, something that would be very easy to do, and we need all nations to work together. Stop the arms race?",f,f,Twitter for iPhone,106400,25458,2018-04-11 11:37:56+00:00,f,1
984022625440747520,"Russia vows to shoot down any and all missiles fired at Syria. Get ready Russia,  because they will be coming, nice and new and “smart!” You shouldn’t be partners with a Gas Killing Animal who kills his people and enjoys it!",f,f,Twitter for iPhone,147156,52316,2018-04-11 10:57:30+00:00,f,1
984020136255541248,"....doing things that nobody thought possible, despite the never ending and corrupt Russia Investigation, which takes tremendous time and focus. No Collusion or Obstruction (other than I fight back), so now they do the Unthinkable, and RAID a lawyers office for information! BAD!",f,f,Twitter for iPhone,64551,14005,2018-04-11 10:47:37+00:00,f,1
984017894240604161,"So much Fake News about what is going on in the White House. Very calm and calculated with a big focus on open and fair trade with China, the coming North Korea meeting and, of course, the vicious gas attack in Syria. Feels great to have Bolton &amp, Larry K on board. I (we) are",f,f,Twitter for iPhone,58653,12588,2018-04-11 10:38:42+00:00,f,1
984015782521835521,"The Failing New York Times wrote another phony story. It was political pundit Doug Schoen, not a Ukrainian businessman, who asked me to do a short speech by phone (Skype), hosted by Doug, in Ukraine. I was very positive about Ukraine-another negative to the Fake Russia  C story!",f,f,Twitter for iPhone,56687,13309,2018-04-11 10:30:19+00:00,f,1
983824424532144128,"Today, it was my great honor to welcome the 2017 NCAA Football National Champion, Alabama Crimson Tide - to the White House. Congratulations! #RollTidehttps://t.co/hF5EZHlSVS https://t.co/JfGue4IIs1",f,f,Twitter for iPhone,68948,13329,2018-04-10 21:49:56+00:00,f,1
983774270886236161,"Very thankful for President Xi of China’s kind words on tariffs and automobile barriers...also, his enlightenment on intellectual property and technology transfers. We will make great progress together!",f,f,Twitter for iPhone,90527,17851,2018-04-10 18:30:38+00:00,f,1
983764328443797504,"Very thankful for President Xi of China’s kind words on tarrifs and automobile barriers...also, his enlightenment on intellectual property and technology transfers. We will make great progress together!",f,t,Twitter for iPhone,24427,5869,2018-04-10 05:51:08+00:00,f,1
983698762760704000,"Last night, it was my great honor to host America’s senior defense and military leaders for dinner at the White House. America’s military is the GREATEST fighting force in the history of the world. They all have my pledge of unwavering commitment to our men and women in uniform! https://t.co/BjWKcMX0iL",f,f,Twitter for iPhone,75033,15483,2018-04-10 13:30:35+00:00,f,1
983662953894436864,A TOTAL WITCH HUNT!!!,f,f,Twitter for iPhone,102963,24056,2018-04-10 11:08:18+00:00,f,1
983662868540346371,Attorney–client privilege is dead!,f,f,Twitter for iPhone,87878,20979,2018-04-10 11:07:58+00:00,f,1
983427438691708929,Great @Cabinet meeting at the @WhiteHouse this morning! https://t.co/kzmfovwUeb https://t.co/7AgbwbFNuw,f,f,Twitter for iPhone,45213,8184,2018-04-09 19:32:27+00:00,f,1
983423715332558848,The Democrats are not doing what’s right for our country. I will not rest until we have secured our borders and restored the rule of law! https://t.co/zKGgPlaadS,f,f,Twitter Media Studio,89320,21754,2018-04-09 19:17:39+00:00,f,1
983387989136084993,RT @StateDept: .@POTUS Trump condemns the heinous attack on innocent Syrians with banned chemical weapons. #Syria https://t.co/qiEahlL3Ah,t,f,Twitter for iPhone,0,8615,2018-04-09 16:55:41+00:00,f,1
983284198046826496,"When a car is sent to the United States from China, there is a Tariff to be paid of 2 1/2%. When a car is sent to China from the United States, there is a Tariff to be paid of 25%. Does that sound like free or fair trade.  No, it sounds like STUPID TRADE -  going on for years!",f,f,Twitter for iPhone,150891,37499,2018-04-09 10:03:16+00:00,f,1
983143317889323008,"Congratulations to Patrick Reed on his great and courageous MASTERS win! When Patrick had his amazing win at Doral 5 years ago, people saw his great talent, and a bright future ahead. Now he is the Masters Champion!",f,f,Twitter for iPhone,79374,10122,2018-04-09 00:43:27+00:00,f,1
982969547283161090,"If President Obama had crossed his stated Red Line In The Sand, the Syrian disaster would have ended long ago! Animal Assad would have been history!",f,f,Twitter for iPhone,76820,19171,2018-04-08 13:12:57+00:00,f,1
982967389028569088,....to pay. Open area immediately for medical help and verification. Another humanitarian disaster for no reason whatsoever. SICK!,f,f,Twitter for iPhone,57404,12044,2018-04-08 13:04:22+00:00,f,1
982966315467116544,"Many dead, including women and children, in mindless CHEMICAL attack in Syria. Area of atrocity is in lockdown and encircled by Syrian Army, making it completely inaccessible to outside world. President Putin, Russia and Iran are responsible for backing Animal Assad. Big price...",f,f,Twitter for iPhone,86039,25948,2018-04-08 13:00:06+00:00,f,1
982954355509907457,"President Xi and I will always be friends, no matter what happens with our dispute on trade. China will take down its Trade Barriers because it is the right thing to do. Taxes will become Reciprocal &amp, a deal will be made on Intellectual Property. Great future for both countries!",f,f,Twitter for iPhone,91626,19052,2018-04-08 12:12:35+00:00,f,1
982950739441004544,"The Washington Post is far more fiction than fact. Story after story is made up garbage - more like a poorly written novel than good reporting. Always quoting sources (not names), many of which don’t exist. Story on John Kelly isn’t true, just another hit job!",f,f,Twitter for iPhone,68106,15995,2018-04-08 11:58:13+00:00,f,1
982947260005781505,"The Washington Post is far more fiction than fact. Story after story is made up made garbage - more like a poorly written novel than good reporting. Always quoting sources (not names), many of which don’t exist. Story on John Kelly isn’t true...just another hit job!",f,t,Twitter for iPhone,2174,696,2018-04-08 11:44:23+00:00,f,1
982943088330108928,"“The FBI closed the case on Hillary, which was a rigged investigation. They exonerated her even before they ever interviewed her, they never even put her under oath.....” and much more. So true Jesse! @WattersWorld",f,f,Twitter for iPhone,65938,16421,2018-04-08 11:27:49+00:00,f,1
982770847046922240,"While Security spending was somewhat more than his predecessor, Scott Pruitt has received death threats because of his bold actions at EPA. Record clean Air &amp, Water while saving USA Billions of Dollars. Rent was about market rate, travel expenses OK. Scott is doing a great job!",f,f,Twitter for iPhone,63640,14283,2018-04-08 00:03:23+00:00,f,1
982750459877380096,Fire at Trump Tower is out. Very confined (well built building). Firemen (and women) did a great job. THANK YOU!,f,f,Twitter for iPhone,114954,18953,2018-04-07 22:42:22+00:00,f,1
982724858743328777,"What does the Department of Justice and FBI have to hide? Why aren’t they giving the strongly requested documents (unredacted) to the HOUSE JUDICIARY COMMITTEE? Stalling, but for what reason? Not looking good!",f,f,Twitter for iPhone,79311,20908,2018-04-07 21:00:39+00:00,f,1
982722926305832960,"Lawmakers of the House Judiciary Committee are angrily accusing the Department of Justice of missing the Thursday Deadline for turning over UNREDACTED Documents relating to FISA abuse, FBI, Comey, Lynch, McCabe, Clinton Emails and much more. Slow walking - what is going on? BAD!",f,f,Twitter for iPhone,66944,17474,2018-04-07 20:52:58+00:00,f,1
982682227581636608,We are sealing up our Southern Border. The people of our great country want Safety and Security. The Dems have been a disaster on this very important issue!,f,f,Twitter for iPhone,90354,19257,2018-04-07 18:11:15+00:00,f,1
982680387116781568,"The United States hasn’t had a Trade Surplus with China in 40 years. They must end unfair trade, take down barriers and charge only Reciprocal Tariffs. The U.S. is losing $500 Billion a year, and has been losing Billions of Dollars for decades. Cannot continue!",f,f,Twitter for iPhone,76530,17471,2018-04-07 18:03:56+00:00,f,1
982673223719489536,Just spoke to @JustinTrudeau to pay my highest respect and condolences to the families of the terrible Humboldt Team tragedy. May God be with them all!,f,f,Twitter for iPhone,80349,14381,2018-04-07 17:35:28+00:00,f,1
982353975595929600,Congratulations to @bernieandsid on their new @77wabcradio morning radio show in New York City. It was an honor to join you two – good luck! https://t.co/sulTcRp3IC,f,f,Twitter for iPhone,34529,6779,2018-04-06 20:26:53+00:00,f,1
982353242196766720,“BET founder: Trump's economy is bringing black workers back into the labor force” https://t.co/TtMDfi4bv0,f,f,Twitter for iPhone,82014,23538,2018-04-06 20:23:58+00:00,f,1
982292963492413442,AMERICA IS OPEN FOR BUSINESS! https://t.co/5jxdojPZmN,f,f,Twitter for iPhone,58148,12831,2018-04-06 16:24:27+00:00,f,1
982268230306709509,"Do you believe that the Fake News Media is pushing hard on a story that I am going to replace A.G. Jeff Sessions with EPA Chief Scott Pruitt, who is doing a great job but is TOTALLY under siege? Do people really believe this stuff? So much of the media is dishonest and corrupt!",f,f,Twitter for iPhone,76204,17745,2018-04-06 14:46:10+00:00,f,1
982264844136017921,"China, which is a great economic power, is considered a Developing Nation within the World Trade Organization. They therefore get tremendous perks and advantages, especially over the U.S. Does anybody think this is fair. We were badly represented. The WTO is unfair to U.S.",f,f,Twitter for iPhone,81223,19153,2018-04-06 14:32:43+00:00,f,1
982218660788883457,"RT @realDonaldTrump: We are not in a trade war with China, that war was lost many years ago by the foolish, or incompetent, people who repr...",t,f,Twitter for iPhone,0,29367,2018-04-06 11:29:12+00:00,f,1
981881669593559040,"The Fake News Washington Post, Amazon’s “chief lobbyist,” has another (of many) phony headlines, “Trump Defiant As China Adds Trade Penalties.” WRONG! Should read, “Trump Defiant as U.S. Adds Trade Penalties, Will End Barriers And Massive  I.P. Theft.” Typically bad reporting!",f,f,Twitter for iPhone,78137,19186,2018-04-05 13:10:07+00:00,f,1
981859214380462081,"The Caravan is largely broken up thanks to the strong immigration laws of Mexico and their willingness to use them so as not to cause a giant scene at our Border. Because of the Trump Administrations actions, Border crossings are at a still UNACCEPTABLE 46 year low. Stop drugs!",f,f,Twitter for iPhone,78708,16259,2018-04-05 11:40:53+00:00,f,1
981669823221559302,“Still Rising: Rasmussen Poll Shows Donald Trump Approval Ratings Now at 51 Percent” https://t.co/q80PaE0gQo,f,f,Twitter for iPhone,84726,19109,2018-04-04 23:08:19+00:00,f,1
981548354088898560,"Today we honor Dr. Martin Luther King, Jr. on the 50th anniversary of his assassination. Earlier this year I spoke about Dr. King’s legacy of justice and peace, and his impact on uniting Americans. #MLK50 Proclamation: https://t.co/XXtPO0VX5A https://t.co/SH0esMSyMT",f,f,Twitter Media Studio,62858,14756,2018-04-04 15:05:38+00:00,f,1
981544432762802176,"Our thoughts and prayers are with the four U.S. Marines from the 3rd Marine Aircraft Wing who lost their lives in yesterday’s Southern California helicopter crash. We pray for their families, and our great @USMC.",f,f,Twitter for iPhone,74049,14153,2018-04-04 14:50:03+00:00,f,1
981492087328792577,"We are not in a trade war with China, that war was lost many years ago by the foolish, or incompetent, people who represented the U.S. Now we have a Trade Deficit of $500 Billion a year, with Intellectual Property Theft of another $300 Billion. We cannot let this continue!",f,f,Twitter for iPhone,121639,29367,2018-04-04 11:22:03+00:00,f,1
981491439233355776,"Our Border Laws are very weak while those of Mexico &amp, Canada are very strong. Congress must change these Obama era, and other, laws NOW! The Democrats stand in our way - they want people to pour into our country unchecked....CRIME! We will be taking strong action today.",f,f,Twitter for iPhone,84020,19176,2018-04-04 11:19:28+00:00,f,1
981287536520847360,"Was just briefed on the shooting at YouTube’s HQ in San Bruno, California. Our thoughts and prayers are with everybody involved. Thank you to our phenomenal Law Enforcement Officers and First Responders that are currently on the scene.",f,f,Twitter for iPhone,92679,15414,2018-04-03 21:49:14+00:00,f,1
981259962717388801,WE WILL PROTECT OUR SOUTHERN BORDER! https://t.co/Z7fqQKcnez,f,f,Twitter Media Studio,71047,16476,2018-04-03 19:59:40+00:00,f,1
981248899166932994,"Today, it was my honor to welcome Estonia President @KerstiKaljulaid, Lithuania President @Grybauskaite_LT, and Latvia President @Vejonis to the @WhiteHouse. Congratulations on your 100th anniversaries of independence! #BalticSummit: https://t.co/XAchZ3zUSe https://t.co/RRftyTGEvb",f,f,Twitter Media Studio,38524,7368,2018-04-03 19:15:42+00:00,f,1
981168344924536832,I am right about Amazon costing the United States Post Office massive amounts of money for being their Delivery Boy. Amazon should pay these costs (plus) and not have them bourne by the American Taxpayer. Many billions of dollars. P.O. leaders don’t have a clue (or do they?)!,f,f,Twitter for iPhone,71134,16039,2018-04-03 13:55:37+00:00,f,1
981126375716409344,"Thank you to Rasmussen for the honest polling. Just hit 50%, which is higher than Cheatin’ Obama at the same time in his Administration.",f,f,Twitter for iPhone,83333,17312,2018-04-03 11:08:51+00:00,f,1
981123772169191424,"Check out the fact that you can’t get a job at ratings challenged @CNN unless you state that you are totally anti-Trump? Little Jeff Zuker, whose job is in jeopardy, is not having much fun lately. They should clean up and strengthen CNN and get back to honest reporting!",f,f,Twitter for iPhone,59203,12950,2018-04-03 10:58:30+00:00,f,1
981121409807155200,"The big Caravan of People from Honduras, now coming across Mexico and heading to our “Weak Laws” Border, had better be stopped before it gets there. Cash cow NAFTA is in play, as is foreign aid to Honduras and the countries that allow this to happen. Congress MUST ACT NOW!",f,f,Twitter for iPhone,83801,20108,2018-04-03 10:49:07+00:00,f,1
981117684489379840,"The Fake News Networks, those that knowingly have a sick and biased AGENDA, are worried about the competition and quality of Sinclair Broadcast. The “Fakers” at CNN, NBC, ABC &amp, CBS have done so much dishonest reporting that they should only be allowed to get awards for fiction!",f,f,Twitter for iPhone,72939,16566,2018-04-03 10:34:18+00:00,f,1
980989085631225857,#AutismAwarenessDay #LightItUpBlue https://t.co/JAzSE6yEes,f,f,Twitter for iPhone,78162,14328,2018-04-03 02:03:18+00:00,f,1
980966813843509249,"“President Trump's approval rate among likely U.S. voters hit 50 percent on Monday, which puts him higher than former President Barack Obama's score at the same point into his first term, according to a new poll.” Via: @Anna_Giaritelli @DCExaminer https://t.co/ZzycNoDCQJ",f,f,Twitter for iPhone,62968,15016,2018-04-03 00:34:48+00:00,f,1
980964100502118400,"39% of my nominations, including Diplomats to foreign lands, have not been confirmed due to Democrat obstruction and delay. At this rate, it would take more than 7 years before I am allowed to have these great people start working. Never happened before. Disgraceful!",f,f,Twitter for iPhone,87507,24505,2018-04-03 00:24:01+00:00,f,1
980961086546632705,"Honduras, Mexico and many other countries that the U.S. is very generous to, sends many of their people to our country through our WEAK IMMIGRATION POLICIES. Caravans are heading here. Must pass tough laws and build the WALL. Democrats allow open borders, drugs and crime!",f,f,Twitter for iPhone,67007,16193,2018-04-03 00:12:03+00:00,f,1
980958298445885446,"As ridiculous as it sounds, the laws of our country do not easily allow us to send those crossing our Southern Border back where they came from. A whole big wasted procedure must take place. Mexico &amp, Canada have tough immigration laws, whereas ours are an Obama joke. ACT CONGRESS",f,f,Twitter for iPhone,75608,19299,2018-04-03 00:00:58+00:00,f,1
980846943130746881,"“President Donald J. Trump Proclaims April 2, 2018, World Autism Awareness Day” https://t.co/ECBCHfll0p",f,f,Twitter for iPhone,47667,10677,2018-04-02 16:38:29+00:00,f,1
980832496005844993,An honor to host the Annual @WhiteHouse Easter Egg Roll! https://t.co/bOMJRK8FyK,f,f,Twitter for iPhone,43587,7514,2018-04-02 15:41:04+00:00,f,1
980806557846863872,"So sad that the Department of “Justice” and the FBI are slow walking, or even not giving, the unredacted documents requested by Congress. An embarrassment to our country!",f,f,Twitter for iPhone,67181,16496,2018-04-02 13:58:00+00:00,f,1
980800783313702918,"Only fools, or worse, are saying that our money losing Post Office makes money with Amazon. THEY LOSE A FORTUNE, and this will be changed. Also, our fully tax paying retailers are closing stores all over the country...not a level playing field!",f,f,Twitter for iPhone,65042,14299,2018-04-02 13:35:03+00:00,f,1
980799183425802240,"So funny to watch Fake News Networks, among the most dishonest groups of people I have ever dealt with, criticize Sinclair Broadcasting for being biased. Sinclair is far superior to CNN and even more Fake NBC, which is a total joke.",f,f,Twitter for iPhone,68798,14587,2018-04-02 13:28:42+00:00,f,1
980794173279342592,"Mexico is making a fortune on NAFTA...They have very strong border laws - ours are pathetic. With all of the money they make from the U.S., hopefully they will stop people from coming through their country and into ours, at least until Congress changes our immigration laws!",f,f,Twitter for iPhone,65011,15262,2018-04-02 13:08:47+00:00,f,1
980766121983987712,"DACA is dead because the Democrats didn’t care or act, and now everyone wants to get onto the DACA bandwagon... No longer works. Must build Wall and secure our borders with proper Border legislation. Democrats want No Borders, hence drugs and crime!",f,f,Twitter for iPhone,76133,17990,2018-04-02 11:17:19+00:00,f,1
980764358530789380,"...Congress must immediately pass Border Legislation, use Nuclear Option if necessary, to stop the massive inflow of Drugs and People. Border Patrol Agents (and ICE) are GREAT, but the weak Dem laws don’t allow them to do their job. Act now Congress, our country is being stolen!",f,f,Twitter for iPhone,75849,18621,2018-04-02 11:10:19+00:00,f,1
980762392303980544,"Mexico has the absolute power not to let these large “Caravans” of people enter their country. They must stop them at their Northern Border, which they can do because their border laws work, not allow them to pass through into our country, which has no effective border laws.....",f,f,Twitter for iPhone,64212,15462,2018-04-02 11:02:30+00:00,f,1
980451798606602241,These big flows of people are all trying to take advantage of DACA. They want in on the act!,f,f,Twitter for iPhone,70851,15300,2018-04-01 14:28:19+00:00,f,1
980451155548491777,"Mexico is doing very little, if not NOTHING, at stopping people from flowing into Mexico through their Southern Border, and then into the U.S. They laugh at our dumb immigration laws. They must stop the big drug and people flows, or I will stop their cash cow, NAFTA. NEED WALL!",f,f,Twitter for iPhone,106162,25821,2018-04-01 14:25:46+00:00,f,1
980443810529533952,"Border Patrol Agents are not allowed to properly do their job at the Border because of ridiculous liberal (Democrat) laws like Catch &amp, Release. Getting more dangerous. “Caravans” coming. Republicans must go to Nuclear Option to pass tough laws NOW. NO MORE DACA DEAL!",f,f,Twitter for iPhone,110651,29037,2018-04-01 13:56:34+00:00,f,1
980421275326865409,HAPPY EASTER!,f,f,Twitter for iPhone,178033,32023,2018-04-01 12:27:02+00:00,f,1
980065427375128576,Governor Jerry “Moonbeam” Brown pardoned 5 criminal illegal aliens whose crimes include (1) Kidnapping and Robbery (2) Badly beating wife and threatening a crime with intent to terrorize (3) Dealing drugs. Is this really what the great people of California want? @FoxNews,f,f,Twitter for iPhone,82125,25513,2018-03-31 12:53:01+00:00,f,1
980065419632566272,"...does not include the Fake Washington Post, which is used as a “lobbyist” and should so  REGISTER. If the P.O. “increased its parcel rates, Amazon’s shipping costs would rise by $2.6 Billion.” This Post Office scam must stop. Amazon must pay real costs (and taxes) now!",f,f,Twitter for iPhone,75521,17633,2018-03-31 12:52:59+00:00,f,1
980063581592047617,"While we are on the subject, it is reported that the U.S. Post Office will lose $1.50 on average for each package it delivers for Amazon. That amounts to Billions of Dollars. The Failing N.Y. Times reports that “the size of the company’s lobbying staff has ballooned,” and that...",f,f,Twitter for iPhone,69373,17011,2018-03-31 12:45:41+00:00,f,1
979816766904954880,https://t.co/UM3YJ6lUiD,f,f,Twitter for iPhone,75011,20331,2018-03-30 20:24:56+00:00,f,1
979449770640015361,"Washington spent trillions building up foreign countries while allowing OUR OWN infrastructure to fall into a state of total disrepair. No more! It's time to REBUILD, and we will do it with American WORKERS, American GRIT, and American PRIDE! https://t.co/Q9rPZi2D2s",f,f,Twitter for iPhone,89827,21441,2018-03-29 20:06:37+00:00,f,1
979447750529110017,"JOBS, JOBS, JOBS! Unemployment claims have fallen to a 45-year low. Together, we are making the economy great again! https://t.co/pN2TE5HDQm",f,f,Twitter for iPhone,63483,14472,2018-03-29 19:58:35+00:00,f,1
979444104923840513,"We are going to REBUILD our crumbling infrastructure, and there is no better place to begin this campaign than in the Great State of Ohio. A tremendous honor to be here today at a state-of-the-art training site, where the skills of the American Worker are forged and refined! https://t.co/bU3KS62c0x",f,f,Twitter for iPhone,63582,13204,2018-03-29 19:44:06+00:00,f,1
979326715272065024,"I have stated my concerns with Amazon long before the Election. Unlike others, they pay little or no taxes to state &amp, local governments, use our Postal System as their Delivery Boy (causing tremendous loss to the U.S.), and are putting many thousands of retailers out of business!",f,f,Twitter for iPhone,110494,26406,2018-03-29 11:57:38+00:00,f,1
979108846408003584,"....In the interim, Hon. Robert Wilkie of DOD will serve as Acting Secretary. I am thankful for Dr. David Shulkin’s service to our country and to our GREAT VETERANS!",f,f,Twitter for iPhone,40802,7656,2018-03-28 21:31:54+00:00,f,1
979108653377703936,"I am pleased to announce that I intend to nominate highly respected Admiral Ronny L. Jackson, MD, as the new Secretary of Veterans Affairs....",f,f,Twitter for iPhone,66173,13399,2018-03-28 21:31:08+00:00,f,1
979082457340407808,Great briefing this afternoon on the start of our Southern Border WALL! https://t.co/pmCNoxxlkH,f,f,Twitter for iPhone,100827,24926,2018-03-28 19:47:02+00:00,f,1
979030109104562176,....release known dangerous criminals into communities across the State. All citizens have the right to be protected by Federal law and strong borders.,f,f,Twitter for iPhone,56640,11660,2018-03-28 16:19:02+00:00,f,1
979030033149972480,My Administration stands in solidarity with the brave citizens in Orange County defending their rights against California's illegal and unconstitutional Sanctuary policies. California's Sanctuary laws....,f,f,Twitter for iPhone,93527,20774,2018-03-28 16:18:44+00:00,f,1
979028987858112512,.@USTradeRep just announced an agreement in principle with South Korea on KORUS! A great deal for American and Korean workers. Let’s now focus on our important security relationship.,f,f,Twitter for iPhone,46680,9550,2018-03-28 16:14:34+00:00,f,1
978938860582440960,"Received message last night from XI JINPING of China that his meeting with KIM JONG UN went very well and that KIM looks forward to his meeting with me. In the meantime, and unfortunately, maximum sanctions and pressure must be maintained at all cost!",f,f,Twitter for iPhone,87684,19144,2018-03-28 10:16:26+00:00,f,1
978936058795757568,"For years and through many administrations, everyone said that peace and the denuclearization of the Korean Peninsula was not even a small possibility. Now there is a good chance that Kim Jong Un will do what is right for his people and for humanity. Look forward to our meeting!",f,f,Twitter for iPhone,96600,21006,2018-03-28 10:05:18+00:00,f,1
978932860307505153,"THE SECOND AMENDMENT WILL NEVER BE REPEALED! As much as Democrats would like to see this happen, and despite the words yesterday of former Supreme Court Justice Stevens, NO WAY. We need more Republicans in 2018 and must ALWAYS hold the Supreme Court!",f,f,Twitter for iPhone,164024,46484,2018-03-28 09:52:36+00:00,f,1
978701966456082433,I am very pleased to welcome the opioid memorial to the President's Park in April. I encourage all to visit and remember those who we have lost to this deadly epidemic. We will keep fighting until we defeat the opioid crisis! https://t.co/ZM7AYJyECr,f,f,Twitter for iPad,57776,12247,2018-03-27 18:35:06+00:00,f,1
978461130829058048,"RT @realDonaldTrump: Because of the $700 &amp, $716 Billion Dollars gotten to rebuild our Military, many jobs are created and our Military is a...",t,f,Twitter for iPhone,0,24586,2018-03-27 02:38:07+00:00,f,1
978432632273948674,"Trade talks going on with numerous countries that, for many years, have not treated the United States fairly. In the end, all will be happy!",f,f,Twitter for iPhone,88952,16592,2018-03-27 00:44:52+00:00,f,1
978368319542702080,Great news! #MAGA https://t.co/mRQGRJkozC,f,f,Twitter for iPhone,58516,12403,2018-03-26 20:29:19+00:00,f,1
978249938743234560,"So much Fake News. Never been more voluminous or more inaccurate. But through it all, our country is doing great!",f,f,Twitter for iPhone,113328,21445,2018-03-26 12:38:55+00:00,f,1
978226474485534720,The economy is looking really good. It has been many years that we have seen these kind of numbers. The underlying strength of companies has perhaps never been better.,f,f,Twitter for iPhone,83814,15619,2018-03-26 11:05:40+00:00,f,1
978110975428657153,".@HowieCarrShow just wrote a book which everyone is talking about. He was a great help. He is a veteran journalist who had a great influence in NH and beyond. He calls it the most amazing political campaign of modern times. The book is called, “What Really Happened.” Enjoy! #MAGA https://t.co/jYhjpoJKHe",f,f,Twitter for iPhone,63379,16204,2018-03-26 03:26:43+00:00,f,1
977904367524372481,"“President Donald J. Trump Proclaims March 25, 2018, as Greek Independence Day: A National Day of Celebration of Greek and American Democracy” https://t.co/GwSJ2UK2xD https://t.co/GltMwxINA2",f,f,Twitter for iPhone,43721,8917,2018-03-25 13:45:44+00:00,f,1
977894983083708416,Happy National #MedalOfHonorDay to our HEROES. We love you! https://t.co/6euI31R4Gz,f,f,Twitter for iPhone,55136,11848,2018-03-25 13:08:27+00:00,f,1
977875057572745216,"....lawyer or law firm will take months to get up to speed (if for no other reason than they can bill more), which is unfair to our great country - and I am very happy with my existing team. Besides, there was NO COLLUSION with Russia, except by Crooked Hillary and the Dems!",f,f,Twitter for iPhone,69945,14158,2018-03-25 11:49:16+00:00,f,1
977872899792089088,"Many lawyers and top law firms want to represent me in the Russia case...don’t believe the Fake News narrative that it is hard to find a lawyer who wants to take this on. Fame &amp, fortune will NEVER be turned down by a lawyer, though some are conflicted. Problem is that a new......",f,f,Twitter for iPhone,56598,11296,2018-03-25 11:40:41+00:00,f,1
977858212635594752,"Much can be done with the $1.6 Billion given to building and fixing the border wall. It is just a down payment. Work will start immediately. The rest of the money will come - and remember DACA, the Democrats abandoned you (but we will not)!",f,f,Twitter for iPhone,67999,15487,2018-03-25 10:42:20+00:00,f,1
977855968364171264,"Because of the $700 &amp, $716 Billion Dollars gotten to rebuild our Military, many jobs are created and our Military is again rich. Building a great Border Wall, with drugs (poison) and enemy combatants pouring into our Country, is all about National Defense. Build WALL through M!",f,f,Twitter for iPhone,99472,24586,2018-03-25 10:33:25+00:00,f,1
977850135697911808,"France honors a great hero. Officer died after bravely swapping places with hostage in ISIS related terror attack. So much bravery around the world constantly fighting radical Islamic terrorism. Even stronger measures needed, especially at borders!",f,f,Twitter for iPhone,69984,15297,2018-03-25 10:10:14+00:00,f,1
977585879651966980,"Our thoughts and prayers are with the victims of the horrible attack in France yesterday, and we grieve the nation’s loss. We also condemn the violent actions of the attacker and anyone who would provide him support. We are with you @EmmanuelMacron!",f,f,Twitter for iPhone,70504,12410,2018-03-24 16:40:11+00:00,f,1
977319371277156352,"As a matter of National Security I've signed the Omnibus Spending Bill. I say to Congress: I will NEVER sign another bill like this again. To prevent this omnibus situation from ever happening again, I'm calling on Congress to give me a line-item veto for all govt spending bills! https://t.co/kYwMk5AE5k",f,f,Twitter for iPhone,60280,15299,2018-03-23 23:01:10+00:00,f,1
977286489410240514,"Obama Administration legalized bump stocks. BAD IDEA. As I promised, today the Department of Justice will issue the rule banning BUMP STOCKS with a mandated comment period. We will BAN all devices that turn legal weapons into illegal machine guns.",f,f,Twitter for iPhone,70220,13519,2018-03-23 20:50:30+00:00,f,1
977221676697079808,News conference at the White House concerning the Omnibus Spending Bill.  1:00 P.M.,f,f,Twitter for iPhone,40210,7477,2018-03-23 16:32:58+00:00,f,1
977166887493799936,"I am considering a VETO of the Omnibus Spending Bill based on the fact that the 800,000 plus DACA recipients have been totally abandoned by the Democrats (not even mentioned in Bill) and the BORDER WALL, which is desperately needed for our National Defense, is not fully funded.",f,f,Twitter for iPhone,131419,29523,2018-03-23 12:55:15+00:00,f,1
977159683151712258,DACA was abandoned by the Democrats. Very unfair to them! Would have been tied to desperately needed Wall.,f,f,Twitter for iPhone,61779,12974,2018-03-23 12:26:37+00:00,f,1
977124622285066240,"House Intelligence Committee votes to release final report. FINDINGS: (1) No evidence provided of Collusion between Trump Campaign &amp, Russia. (2)  The Obama Administrations Post election response was insufficient. (3) Clapper provided inconsistent testimony on media contacts.",f,f,Twitter for iPhone,65384,16536,2018-03-23 10:07:18+00:00,f,1
976948306927607810,"I am pleased to announce that, effective 4/9/18, @AmbJohnBolton will be my new National Security Advisor. I am very thankful for the service of General H.R. McMaster who has done an outstanding job &amp, will always remain my friend. There will be an official contact handover on 4/9.",f,f,Twitter for iPhone,81400,19259,2018-03-22 22:26:41+00:00,f,1
976914287217258497,My honor Charlie - thank you! #MAGA https://t.co/ZbXFxNVMLP,f,f,Twitter for iPhone,41982,8492,2018-03-22 20:11:30+00:00,f,1
976891486510907393,"As a candidate, I pledged that if elected I would use every lawful tool to combat unfair trade, protect American workers, and defend our national security.  Today, we took another critical step to fulfill that commitment. https://t.co/7NBI0Dibmx https://t.co/nmzqos3BUA",f,f,Twitter Media Studio,57447,12377,2018-03-22 18:40:54+00:00,f,1
976869330020458500,RT @FLOTUS: Greetings from @WhiteHouse https://t.co/mjuHFqglYz,t,f,Twitter for iPhone,0,17894,2018-03-22 17:12:52+00:00,f,1
976770619424563200,"Remember when they were saying, during the campaign, that Donald Trump is giving great speeches and drawing big crowds, but he is spending much less money and not using social media as well as Crooked Hillary’s large and highly sophisticated staff. Well, not saying that anymore!",f,f,Twitter for iPhone,79576,15715,2018-03-22 10:40:37+00:00,f,1
976765417908776963,"Crazy Joe Biden is trying to act like a tough guy. Actually, he is weak, both mentally and physically, and yet he threatens me, for the second time, with physical assault. He doesn’t know me, but he would go down fast and hard, crying all the way. Don’t threaten people Joe!",f,f,Twitter for iPhone,219236,59405,2018-03-22 10:19:57+00:00,f,1
976655903729610752,"Democrats refused to take care of DACA. Would have been so easy, but they just didn’t care. I had to fight for Military and start of Wall.",f,f,Twitter for iPhone,69740,14332,2018-03-22 03:04:47+00:00,f,1
976654851684945920,"Got $1.6 Billion to start Wall on Southern Border, rest will be forthcoming. Most importantly, got $700 Billion to rebuild our Military, $716 Billion next year...most ever. Had to waste money on Dem giveaways in order to take care of military pay increase and new equipment.",f,f,Twitter for iPhone,93032,19495,2018-03-22 03:00:36+00:00,f,1
976535330835836929,".....They can help solve problems with North Korea, Syria, Ukraine, ISIS, Iran and even the coming Arms Race. Bush tried to get along, but didn’t have the “smarts.” Obama and Clinton tried, but didn’t have the energy or chemistry (remember RESET). PEACE THROUGH STRENGTH!",f,f,Twitter for iPhone,71659,15592,2018-03-21 19:05:40+00:00,f,1
976532956557737984,"I called President Putin of Russia to congratulate him on his election victory (in past, Obama called him also). The Fake News Media is crazed because they wanted me to excoriate him. They are wrong! Getting along with Russia (and others) is a good thing, not a bad thing.......",f,f,Twitter for iPhone,110100,23155,2018-03-21 18:56:14+00:00,f,1
965935035328155649,Matt Schlapp and CPAC are getting ready for another exciting event. Big difference from those days when President Obama held the White House. You’ve come a long way Matt!,f,f,Twitter for iPhone,43690,7910,2018-02-20 13:03:53+00:00,f,1
976420417090015232,"“Special Council is told to find crimes, whether a crime exists or not. I was opposed to the selection of Mueller to be Special Council. I am still opposed to it. I think President Trump was right when he said there never should have been a Special Council appointed because.....",f,f,Twitter for iPhone,66190,14698,2018-03-21 11:29:03+00:00,f,1
976415945714556928,"...there was no probable cause for believing that there was any crime, collusion or otherwise, or obstruction of justice!”  So stated by Harvard Law Professor Alan Dershowitz.",f,f,Twitter for iPhone,70394,15613,2018-03-21 11:11:17+00:00,f,1
976413956293226496,"“Special Council is told to find crimes, wether crimes exist or not. I was opposed the the selection of Mueller to be Special Council, I still am opposed to it. I think President Trump was right when he said there never should have been a Special Council appointed because.....",f,t,Twitter for iPhone,7213,1967,2018-03-21 11:03:22+00:00,f,1
976411208717950976,Department of Justice should have urged the Supreme Court to at least hear the Drivers License case on illegal immigrants in Arizona. I agree with @LouDobbs. Should have sought review.,f,f,Twitter for iPhone,50471,11596,2018-03-21 10:52:27+00:00,f,1
976405122757558272,AUSTIN BOMBING SUSPECT IS DEAD. Great job by law enforcement and all concerned!,f,f,Twitter for iPhone,115408,20581,2018-03-21 10:28:16+00:00,f,1
976120272435793920,"Our Nation was founded by farmers. Our independence was won by farmers. And our continent was tamed by farmers. Our farmers always lead the way -- we are PROUD of them, and we are DELIVERING for them! #NationalAgricultureDay",f,f,Twitter for iPhone,120314,27417,2018-03-20 15:36:23+00:00,f,1
975891861863829504,The Democrats do not want to help DACA. Would be so easy to make a deal!,f,f,Twitter for iPhone,83701,17309,2018-03-20 00:28:45+00:00,f,1
975864052017659904,"RT @WhiteHouse: The opioid crisis has created stories of despair of shock, but also stories of recovery &amp, hope. President Trump is asking e...",t,f,Twitter for iPhone,0,9507,2018-03-19 22:38:15+00:00,f,1
975720503997620224,A total WITCH HUNT with massive conflicts of interest!,f,f,Twitter for iPhone,92752,19028,2018-03-19 13:07:50+00:00,f,1
975707627182219266,.@seanhannity on @foxandfriends now! Great! 8:18 A.M.,f,f,Twitter for iPhone,42191,6163,2018-03-19 12:16:40+00:00,f,1
975350027169206273,"Why does the Mueller team have 13 hardened Democrats, some big Crooked Hillary supporters, and Zero Republicans? Another Dem recently added...does anyone think this is fair? And yet, there is NO COLLUSION!",f,f,Twitter for iPhone,105929,25964,2018-03-18 12:35:42+00:00,f,1
975346628113596417,"Spent very little time with Andrew McCabe, but he never took notes when he was with me. I don’t believe he made memos except to help his own agenda, probably at a later date. Same with lying James Comey. Can we call them Fake Memos?",f,f,Twitter for iPhone,109367,24696,2018-03-18 12:22:11+00:00,f,1
975341676297445377,"Wow, watch Comey lie under oath to Senator G when asked “have you ever been an anonymous source...or known someone else to be an anonymous source...?” He said strongly “never, no.” He lied as shown clearly on @foxandfriends.",f,f,Twitter for iPhone,85993,21435,2018-03-18 12:02:31+00:00,f,1
975163071361683456,"The Mueller probe should never have been started in that there was no collusion and there was no crime. It was based on fraudulent activities and a Fake Dossier paid for by Crooked Hillary and the DNC, and improperly used in FISA COURT for surveillance of my campaign. WITCH HUNT!",f,f,Twitter for iPhone,87437,23136,2018-03-18 00:12:48+00:00,f,1
975062797162811394,"The Fake News is beside themselves that McCabe was caught, called out and fired. How many hundreds of thousands of dollars was given to wife’s campaign by Crooked H friend, Terry M, who was also under investigation? How many lies? How many leaks? Comey knew it all, and much more!",f,f,Twitter for iPhone,120276,30670,2018-03-17 17:34:21+00:00,f,1
975057131136274432,"As the House Intelligence Committee has concluded, there was no collusion between Russia and the Trump Campaign. As many are now finding out, however, there was tremendous leaking, lying and corruption at the highest levels of the FBI, Justice &amp, State. #DrainTheSwamp",f,f,Twitter for iPhone,97915,24981,2018-03-17 17:11:50+00:00,f,1
975024181061541888,Happy #StPatricksDay https://t.co/4vVsW2smhB,f,f,Twitter for iPhone,80127,13385,2018-03-17 15:00:54+00:00,f,1
974859881827258369,"Andrew McCabe FIRED, a great day for the hard working men and women of the FBI - A great day for Democracy. Sanctimonious James Comey was his boss and made McCabe look like a choirboy. He knew all about the lies and corruption going on at the highest levels of the FBI!",f,f,Twitter for iPhone,138253,37442,2018-03-17 04:08:02+00:00,f,1
974702363763232768,“U.S. Consumer Confidence Hits 14-Year High” https://t.co/tXJsSRoM64,f,f,Twitter for iPhone,55961,12312,2018-03-16 17:42:07+00:00,f,1
974683485322596352,"It would be great for the Republican Party of Nevada, and it’s unity if good guy Danny Tarkanian would run for Congress and Dean Heller, who is doing a really good job, could run for Senate unopposed!",f,f,Twitter for iPhone,60719,12054,2018-03-16 16:27:06+00:00,f,1
974656757187440640,Our thoughts and prayers go out to the families and loved ones of the brave troops lost in the helicopter crash on the Iraq-Syria border yesterday. Their sacrifice in service to our country will never be forgotten.,f,f,Twitter for iPhone,97815,17333,2018-03-16 14:40:53+00:00,f,1
974462702264479744,“President Donald J. Trump Delivers Remarks at the Shamrock☘️Bowl Presentation by Prime Minister Varadkar in the East Room of the White House” 🇺🇸🇮🇪 https://t.co/ZbogpAE09g,f,f,Twitter for iPhone,49888,9694,2018-03-16 01:49:47+00:00,f,1
974422724419444737,Continuing to monitor the heartbreaking bridge collapse at FIU - so tragic. Many brave First Responders rushed in to save lives. Thank you for your courage. Praying this evening for all who are affected.,f,f,Twitter for iPhone,92976,15501,2018-03-15 23:10:56+00:00,f,1
974341417509249024,It was my honor to welcome Prime Minister Leo Varadkar of Ireland to the @WhiteHouse! https://t.co/ZT3WnIZR2L,f,f,Twitter for iPhone,52448,8317,2018-03-15 17:47:50+00:00,f,1
974341347363745792,"RT @WhiteHouse: Yesterday, five @Cabinet Secretaries testified on the Hill on the need to rebuild our Nation's crumbling infrastructure. Pr...",t,f,Twitter for iPhone,0,7085,2018-03-15 17:47:34+00:00,f,1
974276383051583488,"We do have a Trade Deficit with Canada, as we do with almost all countries (some of them massive). P.M. Justin Trudeau of Canada, a very good guy, doesn’t like saying that Canada has a Surplus vs. the U.S.(negotiating), but they do...they almost all do...and that’s how I know!",f,f,Twitter for iPhone,67235,13398,2018-03-15 13:29:25+00:00,f,1
974241711315709954,"Larry Kudlow will be my Chief Economic Advisor as Director of the National Economic Council. Our Country will have many years of Great Economic &amp, Financial Success, with low taxes, unparalleled innovation, fair trade and an ever expanding labor force leading the way! #MAGA",f,f,Twitter for iPhone,69370,13940,2018-03-15 11:11:39+00:00,f,1
974141083054690304,"Please join me with your thoughts and prayers for both aviators, their families and our incredible @USNavy. https://t.co/60bHhrp8Y1",f,f,Twitter for iPhone,56973,11829,2018-03-15 04:31:47+00:00,f,1
974069957905428481,It was wonderful to be back in Missouri where our push for historic TAX CUTS all began. Six months ago I promised that we would cut taxes to bring Main Street roaring back - and that is exactly what is happening! https://t.co/4kPofEii3i,f,f,Twitter for iPhone,56977,11544,2018-03-14 23:49:09+00:00,f,1
974051595834003457,"Together, we are MAKING AMERICA GREAT AGAIN! https://t.co/CUutL5SZxQ",f,f,Twitter for iPhone,58393,10986,2018-03-14 22:36:12+00:00,f,1
974033924493111296,Today the House took major steps toward securing our schools by passing the STOP School Violence Act. We must put the safety of America's children FIRST by improving training and by giving schools and law enforcement better tools. A tragedy like Parkland can't happen ever again!,f,f,Twitter for iPhone,80041,16077,2018-03-14 21:25:58+00:00,f,1
974032596563832832,Thank you for hosting! #MAGA https://t.co/9pHH60DVlX,f,f,Twitter for iPhone,32610,5727,2018-03-14 21:20:42+00:00,f,1
973931154796457984,We cannot keep a blind eye to the rampant unfair trade practices against our Country!,f,f,Twitter for iPhone,71303,12653,2018-03-14 14:37:36+00:00,f,1
973920392543793154,"Five of our incredible @Cabinet Secretaries are testifying on the Hill this morning on the need to rebuild our Nation’s crumbling infrastructure. We need to build FAST &amp, we need to build for our FUTURE. Thank you @SenateCommerce for hosting this hearing! #InfrastructureInAmerica",f,f,Twitter for iPhone,47691,9885,2018-03-14 13:54:50+00:00,f,1
973909651065528320,Perhaps at no time in history have the business fundamentals of U.S. companies been better than they are today!,f,f,Twitter for iPhone,62581,10778,2018-03-14 13:12:09+00:00,f,1
973907142649397251,"Hundreds of good people, including very important Ambassadors and Judges, are being blocked and/or slow walked by the Democrats in the Senate. Many important positions in Government are unfilled because of this obstruction. Worst in U.S. history!",f,f,Twitter for iPhone,77048,20795,2018-03-14 13:02:11+00:00,f,1
973719038982479872,"All across this nation, we pray for our country and we THANK GOD for our United States Marines! Thank you. God Bless You. And God Bless America! https://t.co/vKXBd0CGH1",f,f,Twitter for iPhone,72718,15628,2018-03-14 00:34:44+00:00,f,1
973716838889660416,"It was my great honor to deliver a message at the Marine Corps Air Station Miramar to our GREAT U.S. Military, straight from the heart of the American People: We support you, we thank you, we love you - and we will always have your back! https://t.co/oCt1nH3DON",f,f,Twitter for iPhone,62076,12348,2018-03-14 00:25:59+00:00,f,1
973709151510528000,"It was my great honor to deliver a message at the Marine Core Air Station Miramar to our GREAT U.S. Military, straight from the heart of the American People: We support you, we thank you, we love you - and we will always have your back! https://t.co/NEGCR6rM7Y",f,t,Twitter for iPhone,14594,3687,2018-03-13 11:55:27+00:00,f,1
973685997312491521,"If we don’t have a wall system, we’re not going to have a country. Congress must fund the BORDER WALL &amp, prohibit grants to sanctuary jurisdictions that threaten the security of our country &amp, the people of our country. We must enforce our laws &amp, protect our people! #BuildTheWall https://t.co/NGqNueukvj",f,f,Twitter for iPhone,80911,20651,2018-03-13 22:23:26+00:00,f,1
973581274215473153,"California’s sanctuary policies are illegal and unconstitutional and put the safety and security of our entire nation at risk. Thousands of dangerous &amp, violent criminal aliens are released as a result of sanctuary policies, set free to prey on innocent Americans. THIS MUST STOP!",f,f,Twitter for iPhone,106335,25799,2018-03-13 15:27:18+00:00,f,1
973580538358374402,"“According to the Center for Immigration Studies, the $18 billion wall will pay for itself by curbing the importation of crime, drugs and illegal immigrants who tend to go on the federal dole...” https://t.co/NdLC6jZwWE",f,f,Twitter for iPhone,58276,15734,2018-03-13 15:24:23+00:00,f,1
973568677189595136,Heading to see the BORDER WALL prototypes in California! https://t.co/fU6Ukc271l,f,f,Twitter for iPhone,73368,13015,2018-03-13 14:37:15+00:00,f,1
973540316656623616,"Mike Pompeo, Director of the CIA, will become our new Secretary of State. He will do a fantastic job! Thank you to Rex Tillerson for his service! Gina Haspel will become the new Director of the CIA, and the first woman so chosen. Congratulations to all!",f,f,Twitter for iPhone,104951,33391,2018-03-13 12:44:33+00:00,f,1
973536164044034048,"The Economy is raging, at an all time high, and is set to get even better. Jobs and wages up. Vote for Rick Saccone and keep it going!",f,f,Twitter for iPhone,64104,13411,2018-03-13 12:28:03+00:00,f,1
973360355790479361,"THE HOUSE INTELLIGENCE COMMITTEE HAS, AFTER A 14 MONTH LONG IN-DEPTH INVESTIGATION, FOUND NO EVIDENCE OF COLLUSION OR COORDINATION BETWEEN THE TRUMP CAMPAIGN AND RUSSIA TO INFLUENCE THE 2016 PRESIDENTIAL ELECTION.",f,f,Twitter for iPhone,136563,35296,2018-03-13 00:49:27+00:00,f,1
973305935685963776,It was my great honor to welcome the 2017 World Series Champion Houston @Astros to the @WhiteHouse! #HoustonStrong https://t.co/IO6B42jixA,f,f,Twitter for iPhone,65366,11911,2018-03-12 21:13:12+00:00,f,1
973207890084401152,"The Pittsburgh Post Gazette just endorsed Rick Saccone for Congress. He will be much better for steel and business. Very strong on experience and what our Country needs. Lamb will always vote for Pelosi and Dems....Will raise taxes, weak on Crime and Border.",f,f,Twitter for iPhone,42954,10170,2018-03-12 14:43:36+00:00,f,1
973199981292216320,"If schools are mandated to be gun free zones, violence and danger are given an open invitation to enter. Almost all school shootings are in gun free zones. Cowards will only go where there is no deterrent!",f,f,Twitter for iPhone,67503,14660,2018-03-12 14:12:11+00:00,f,1
973187513731944448,"....On 18 to 21 Age Limits, watching court cases and rulings before acting. States are making this decision. Things are moving rapidly on this, but not much political support (to put it mildly).",f,f,Twitter for iPhone,47510,8621,2018-03-12 13:22:38+00:00,f,1
973185831547670529,"Very strong improvement and strengthening of background checks will be fully backed by White House. Legislation moving forward. Bump Stocks will soon be out. Highly trained expert teachers will be allowed to conceal carry, subject to State Law. Armed guards OK, deterrent!.......",f,f,Twitter for iPhone,69703,13679,2018-03-12 13:15:57+00:00,f,1
973171763835228162,Secretary of Commerce Wilbur Ross will be speaking with representatives of the European Union about eliminating the large Tariffs and Barriers they use against the U.S.A. Not fair to our farmers and manufacturers.,f,f,Twitter for iPhone,57259,12212,2018-03-12 12:20:03+00:00,f,1
972853747750711296,"Rasmussen and others have my approval ratings at around 50%, which is higher than Obama, and yet the political pundits love saying my approval ratings are “somewhat low.” They know they are lying when they say it. Turn off the show - FAKE NEWS!",f,f,Twitter for iPhone,89993,19575,2018-03-11 15:16:22+00:00,f,1
972846978823610369,"The Democrats continue to Obstruct the confirmation of hundreds of good and talented people who are needed to run our government...A record in U.S. history. State Department, Ambassadors and many others are being slow walked. Senate must approve NOW!",f,f,Twitter for iPhone,78073,19905,2018-03-11 14:49:29+00:00,f,1
972835128056664066,"The Republicans are 5-0 in recent Congressional races, a point which the Fake News Media continuously fails to mention. I backed and campaigned for all of the winners. They give me credit for one. Hopefully, Rick Saccone will be another big win on Tuesday.",f,f,Twitter for iPhone,65975,14405,2018-03-11 14:02:23+00:00,f,1
972832210222043137,"...have shown conclusively that there was no Collusion with Russia..just excuse for losing. The only Collusion was that done by the DNC, the Democrats and Crooked Hillary. The writer of the story, Maggie Haberman, a Hillary flunky, knows nothing about me and is not given access.",f,f,Twitter for iPhone,72264,15532,2018-03-11 13:50:47+00:00,f,1
972829763067883523,"The Failing New York Times purposely wrote a false story stating that I am unhappy with my legal team on the Russia case and am going to add another lawyer to help out. Wrong. I am VERY happy with my lawyers, John Dowd, Ty Cobb and Jay Sekulow. They are doing a great job and.....",f,f,Twitter for iPhone,78069,16699,2018-03-11 13:41:04+00:00,f,1
972647673944780802,"Epic crowd in Moon Township, Pennsylvania tonight. Thank you! Get out on Tuesday and VOTE for Rick @Saccone4PA18. Together, we are MAKING AMERICA GREAT AGAIN! https://t.co/ckbCOsDQ2l",f,f,Twitter for iPhone,61499,14997,2018-03-11 01:37:31+00:00,f,1
972622325454659585,"Join me LIVE in Moon Township, Pennsylvania at 7:00pmE. Great crowd for a #MAGA rally!https://t.co/PYJNg0WGDL",f,f,Twitter for iPhone,36130,5912,2018-03-10 23:56:47+00:00,f,1
972585290857672704,"The European Union, wonderful countries who treat the U.S. very badly on trade, are complaining about the tariffs on Steel &amp, Aluminum. If they drop their horrific barriers &amp, tariffs on U.S. products going in, we will likewise drop ours. Big Deficit. If not, we Tax Cars etc. FAIR!",f,f,Twitter for iPhone,83989,18877,2018-03-10 21:29:37+00:00,f,1
972563247160274947,"In the first hours after hearing that North Korea’s leader wanted to meet with me to talk denuclearization and that missile launches will end, the press was startled &amp, amazed.They couldn’t believe it. But by the following morning the news became FAKE.They said so what, who cares!",f,f,Twitter for iPhone,75437,16940,2018-03-10 20:02:02+00:00,f,1
972542173030879233,"North Korea has not conducted a Missile Test since November 28, 2017 and has promised not to do so through our meetings. I believe they will honor that commitment!",f,f,Twitter for iPhone,76799,14185,2018-03-10 18:38:17+00:00,f,1
972538115901607937,"Heading to Moon Township, Pennsylvania, to be with a really good person, State Representative Rick Saccone, who is running for Congress. Big &amp, happy crowd (why not, some of the best economic numbers ever). Rick will help me a lot. Also, tough on crime &amp, border. Loves 2nd A &amp, VETS",f,f,Twitter for iPhone,54132,10856,2018-03-10 18:22:10+00:00,f,1
972523294233710593,"Spoke to Prime Minister Abe of Japan, who is very enthusiastic about talks with North Korea. Also discussing opening up Japan to much better trade with the U.S. Currently have a massive $100 Billion Trade Deficit. Not fair or sustainable. It will all work out!",f,f,Twitter for iPhone,61268,13320,2018-03-10 17:23:16+00:00,f,1
972506194978983937,Chinese President XI JINPING and I spoke at length about the meeting with KIM JONG UN of North Korea. President XI told me he appreciates that the U.S. is working to solve the problem diplomatically rather than going with the ominous alternative. China continues to be helpful!,f,f,Twitter for iPhone,78138,15262,2018-03-10 16:15:19+00:00,f,1
972500344197566465,"Congratulations to Kristian Saucier, a man who has served proudly in the Navy, on your newly found Freedom. Now you can go out and have the life you deserve!",f,f,Twitter for iPhone,72475,14460,2018-03-10 15:52:04+00:00,f,1
972492834073927680,Chinese President XI XINPING and I spoke at length about the meeting with KIM JONG UN of North Korea. President XI told me he appreciates that the U.S. is working to solve the problem diplomatically rather than going with the ominous alternative. China continues to be helpful!,f,t,Twitter for iPhone,26530,6386,2018-03-10 03:22:14+00:00,f,1
972466816114032640,We are deeply saddened by the tragic situation in Yountville and mourn the loss of three incredible women who cared for our Veterans.,f,f,Twitter for iPhone,63888,11018,2018-03-10 13:38:51+00:00,f,1
972271520847466498,"The deal with North Korea is very much in the making and will be, if completed, a very good one for the World. Time and place to be determined.",f,f,Twitter for iPhone,107032,21278,2018-03-10 00:42:49+00:00,f,1
972242845636669440,"Spoke to PM @TurnbullMalcolm of Australia. He is committed to having a very fair and reciprocal military and trade relationship. Working very quickly on a security agreement so we don’t have to impose steel or aluminum tariffs on our ally, the great nation of Australia!",f,f,Twitter for iPhone,66723,13672,2018-03-09 22:48:52+00:00,f,1
972210637018423301,"That’s right @RepBost! Thank you for your support in helping put America back to work. It’s about JOBS, JOBS, JOBS for our incredible workers and putting AMERICA FIRST! https://t.co/ChUQEa6rsC",f,f,Twitter for iPhone,46218,10349,2018-03-09 20:40:53+00:00,f,1
972209197935980544,Look forward to being in Pennsylvania tomorrow in support of Rick @Saccone4PA18. Big crowd expected in Moon Township. Vote Rick and see you there! #MAGA,f,f,Twitter for iPhone,45695,9727,2018-03-09 20:35:10+00:00,f,1
972151933782974464,"JOBS, JOBS, JOBS! #MAGA https://t.co/YAaqRcA7ZS",f,f,Twitter for iPhone,60476,14382,2018-03-09 16:47:37+00:00,f,1
971915531346436096,"Kim Jong Un talked about denuclearization with the South Korean Representatives, not just a freeze. Also, no missile testing by North Korea during this period of time. Great progress being made but sanctions will remain until an agreement is reached. Meeting being planned!",f,f,Twitter for iPhone,147143,35804,2018-03-09 01:08:14+00:00,f,1
971872457182326784,“Presidential Proclamation on Adjusting Imports of Aluminum into the United States”  Proclamation: https://t.co/aCaMtOUAl0Remarks: https://t.co/nypErcqFSU https://t.co/rcrkpvChkz,f,f,Twitter for iPhone,44614,9639,2018-03-08 22:17:04+00:00,f,1
971872339330781185,“Presidential Proclamation on Adjusting Imports of Steel into the United States” Proclamation: https://t.co/hxduwSoElzRemarks: https://t.co/nypErcqFSU https://t.co/q92FDYZeUl,f,f,Twitter for iPhone,36977,7454,2018-03-08 22:16:36+00:00,f,1
971822550757138433,Great meeting with @Cabinet at the @WhiteHouse today! #MAGA https://t.co/InWj0QTosz,f,f,Twitter for iPhone,40915,7209,2018-03-08 18:58:46+00:00,f,1
971812821955735552,Happy #InternationalWomensDay“First Lady Melania Trump to Present the 2018 International Women of Courage Award” https://t.co/EwYtFXGvn2,f,f,Twitter for iPhone,49868,9431,2018-03-08 18:20:06+00:00,f,1
971726862526361603,"Looking forward to 3:30 P.M. meeting today at the White House. We have to protect &amp, build our Steel and Aluminum Industries while at the same time showing great flexibility and cooperation toward those that are real friends  and treat us fairly on both trade and the military.",f,f,Twitter for iPhone,78900,15155,2018-03-08 12:38:32+00:00,f,1
971409845453762560,The U.S. is acting swiftly on Intellectual Property theft. We cannot allow this to happen as it has for many years!,f,f,Twitter for iPhone,80539,15220,2018-03-07 15:38:49+00:00,f,1
971402791930552322,"China has been asked to develop a plan for the year of a One Billion Dollar reduction in their massive Trade Deficit with the United States. Our relationship with China has been a very good one, and we look forward to seeing what ideas they come back with. We must act soon!",f,f,Twitter for iPhone,73468,14881,2018-03-07 15:10:48+00:00,f,1
971349864125788160,"From Bush 1 to present, our Country has lost more than 55,000 factories, 6,000,000 manufacturing jobs and accumulated Trade Deficits of more than 12 Trillion Dollars. Last year we had a Trade Deficit of almost 800 Billion Dollars. Bad Policies &amp, Leadership. Must WIN again!  #MAGA",f,f,Twitter for iPhone,108800,28135,2018-03-07 11:40:29+00:00,f,1
971345895223676929,"@MarkBurnettTV @RealRomaDowney From Bush 1 to present, our Country has lost more than 55,000 factories, 6,000,000 manufacturing jobs and accumulated Trade Deficits of more than 12 Trillion Dollars. Last year we had a Trade Deficit of almost 800 Billion Dollars. Bad policies &amp, leadership. Must win again!  #MAGA",f,f,Twitter for iPhone,2204,899,2018-03-07 11:24:42+00:00,f,1
971335759679709185,"Great couple, great book! https://t.co/cLDI79rin8",f,f,Twitter for iPhone,32172,5855,2018-03-07 10:44:26+00:00,f,1
971186041171439616,Will be making a decision soon on the appointment of new Chief Economic Advisor. Many people wanting the job - will choose wisely!,f,f,Twitter for iPhone,73755,12872,2018-03-07 00:49:30+00:00,f,1
971025582061424640,"Possible progress being made in talks with North Korea. For the first time in many years, a serious effort is being made by all parties concerned. The World is watching and waiting! May be false hope, but the U.S. is ready to go hard in either direction!",f,f,Twitter for iPhone,103777,21908,2018-03-06 14:11:54+00:00,f,1
971019306388611073,"Federal Judge in Maryland has just ruled that “President Trump has the right to end DACA.” President Obama had 8 years to fix this problem, and didn’t. I am waiting for the Dems, they are running for the hills!",f,f,Twitter for iPhone,71563,17565,2018-03-06 13:46:57+00:00,f,1
971013841395027968,"Lowest rated Oscars in HISTORY. Problem is, we don’t have Stars anymore - except your President (just kidding, of course)!",f,f,Twitter for iPhone,180220,45887,2018-03-06 13:25:15+00:00,f,1
971009285181276160,RT @EricTrump: Congratulations @FoxNews: Fox has 15 of the top 20 shows with @SeanHannity and @TuckerCarlson leading the pack at 1st and 2n...,t,f,Twitter for iPhone,0,14597,2018-03-06 13:07:08+00:00,f,1
971008238673068038,We are getting it done - jobs and security! https://t.co/Ui8bubj7Yr,f,f,Twitter for iPhone,44054,10018,2018-03-06 13:02:59+00:00,f,1
971007733313961984,Total inaction on DACA by Dems. Where are you? A deal can be made!,f,f,Twitter for iPhone,61106,11968,2018-03-06 13:00:58+00:00,f,1
971006379375972354,"The new Fake News narrative is that there is CHAOS in the White House. Wrong! People will always come &amp, go, and I want strong dialogue before making a final decision. I still have some people that I want to change (always seeking perfection). There is no Chaos, only great Energy!",f,f,Twitter for iPhone,83013,17863,2018-03-06 12:55:35+00:00,f,1
970760324126212096,"It’s March 5th and the Democrats are nowhere to be found on DACA. Gave them 6 months, they just don’t care. Where are they? We are ready to make a deal!",f,f,Twitter for iPhone,95923,23348,2018-03-05 20:37:51+00:00,f,1
970650759091163137,"Why did the Obama Administration start an investigation into the Trump Campaign (with zero proof of wrongdoing) long before the Election in November? Wanted to discredit so Crooked H would win. Unprecedented. Bigger than Watergate! Plus, Obama did NOTHING about Russian meddling.",f,f,Twitter for iPhone,110357,30858,2018-03-05 13:22:29+00:00,f,1
970644394591309824,To protect our Country we must protect American Steel! #AMERICA FIRST,f,f,Twitter for iPhone,70593,13376,2018-03-05 12:57:12+00:00,f,1
970628441115643904,...treat our farmers much better. Highly restrictive. Mexico must do much more on stopping drugs from pouring into the U.S. They have not done what needs to be done. Millions of people addicted and dying.,f,f,Twitter for iPhone,72697,14132,2018-03-05 11:53:48+00:00,f,1
970626966004162560,"We have large trade deficits with Mexico and Canada. NAFTA, which is under renegotiation right now, has been a bad deal for U.S.A. Massive relocation of companies &amp, jobs. Tariffs on Steel and Aluminum will only come off if new &amp, fair NAFTA agreement is signed. Also, Canada must..",f,f,Twitter for iPhone,69294,15050,2018-03-05 11:47:56+00:00,f,1
970451373681790978,"We are on the losing side of almost all trade deals. Our friends and enemies have taken advantage of the U.S. for many years. Our Steel and Aluminum industries are dead. Sorry, it’s time for a change! MAKE AMERICA GREAT AGAIN!",f,f,Twitter for iPhone,99333,20706,2018-03-05 00:10:12+00:00,f,1
970353692938469377,"The Gridiron Dinner last night was great fun. I am accomplishing a lot in Washington and have never had a better time doing something, and especially since this is for the American People!",f,f,Twitter for iPhone,86892,15659,2018-03-04 17:42:03+00:00,f,1
969994273121820672,"If the E.U. wants to further increase their already massive tariffs and barriers on U.S. companies doing business there, we will simply apply a Tax on their Cars which freely pour into the U.S. They make it impossible for our cars (and more) to sell there. Big trade imbalance!",f,f,Twitter for iPhone,105118,24158,2018-03-03 17:53:50+00:00,f,1
969991653393039361,The United States has an $800 Billion Dollar Yearly Trade Deficit because of our “very stupid” trade deals and policies. Our jobs and wealth are being given to other countries that have taken advantage of us for years. They laugh at what fools our leaders have been. No more!,f,f,Twitter for iPhone,110727,24496,2018-03-03 17:43:26+00:00,f,1
969989251537481730,Mainstream Media in U.S. is being mocked all over the world. They’ve gone CRAZY! https://t.co/4UGYuJpUA7,f,f,Twitter for iPhone,62098,15812,2018-03-03 17:33:53+00:00,f,1
969939200933056512,Happy National Anthem Day! https://t.co/cf1eugMbKU,f,f,Twitter for iPhone,80357,17190,2018-03-03 14:15:00+00:00,f,1
969671528991338498,Heading to Billy Graham Funeral. A Special Man!,f,t,Twitter for iPhone,8573,1432,2018-03-02 08:31:22+00:00,f,1
969660692419657728,REST IN PEACE BILLY GRAHAM! https://t.co/2qMoUccVC2,f,f,Twitter for iPhone,96525,17985,2018-03-02 19:48:19+00:00,f,1
969572374977839106,"When a country Taxes our products coming in at, say, 50%, and we Tax the same product coming into our country at ZERO, not fair or smart. We will soon be starting RECIPROCAL TAXES so that we will charge the same thing as they charge us. $800 Billion Trade Deficit-have no choice!",f,f,Twitter for iPhone,104760,24337,2018-03-02 13:57:22+00:00,f,1
969558431802806272,"We must protect our country and our workers. Our steel industry is in bad shape. IF YOU DON’T HAVE STEEL, YOU DON’T HAVE A COUNTRY!",f,f,Twitter for iPhone,87818,17123,2018-03-02 13:01:58+00:00,f,1
969532384285687808,"Eric, we are all with you and your family! Look forward to seeing you back on T.V. https://t.co/d6y3Q00BSy",f,f,Twitter for iPhone,46686,9798,2018-03-02 11:18:28+00:00,f,1
969529668234829825,"Alec Baldwin, whose dying mediocre career was saved by his terrible impersonation of me on SNL, now says playing me was agony. Alec, it was agony for those who were forced to watch. Bring back Darrell Hammond, funnier and a far greater talent!",f,f,Twitter for iPhone,118465,21962,2018-03-02 11:07:40+00:00,f,1
969525362580484098,"When a country (USA) is losing many billions of dollars on trade with virtually every country it does business with, trade wars are good, and easy to win. Example, when we are down $100 billion with a certain country and they get cute, don’t trade anymore-we win big. It’s easy!",f,f,Twitter for iPhone,85779,18137,2018-03-02 10:50:34+00:00,f,1
969523385016471552,"Alex Baldwin, whose dieing mediocre career was saved by his impersonation of me on SNL, now says playing DJT was agony for him. Alex, it was also agony for those who were forced to watch. You were terrible. Bring back Darrell Hammond, much funnier and a far greater talent!",f,t,Twitter for iPhone,5732,1566,2018-03-02 10:42:42+00:00,f,1
969408165308747777,Good (Great) meeting in the Oval Office tonight with the NRA!,f,f,Twitter for iPhone,79364,13572,2018-03-02 03:04:51+00:00,f,1
969406846602752000,RT @IvankaTrump: My OpEd on the importance of #YouthSports participation and how this Administration is seeking to lift barriers so all our...,t,f,Twitter for iPhone,0,4937,2018-03-02 02:59:37+00:00,f,1
969406584534257671,RT @Scavino45: “Trump Comes Through — Saves $1.4 Billion On New Air Force One” https://t.co/cN3TAQywpR,t,f,Twitter for iPhone,0,8127,2018-03-02 02:58:35+00:00,f,1
969374909209239552,Manufacturing growing at the fastest pace in almost two decades!,f,f,Twitter for iPhone,64146,11547,2018-03-02 00:52:43+00:00,f,1
969374597127778304,Jobless claims at a 49 year low!,f,f,Twitter for iPhone,64164,11732,2018-03-02 00:51:28+00:00,f,1
969324283036971009,"Together, we will face this challenge as a national family with conviction, with unity, and with a commitment to love and support our neighbors in times of dire need. Working together, we will defeat this #OpioidEpidemic.Full Opioid Summit: https://t.co/qqfeVr4BBf https://t.co/oFvr0DJMEf",f,f,Twitter Media Studio,44159,9284,2018-03-01 21:31:32+00:00,f,1
969311530733981698,“Consumer Confidence in February Highest Since November 2000” https://t.co/UgAJRawExx,f,f,Twitter for iPhone,39938,8312,2018-03-01 20:40:52+00:00,f,1
969277822920470530,“Manufacturing in U.S. Expands at Fastest Pace Since May 2004” https://t.co/XZkwS8tTml,f,f,Twitter for iPhone,41428,8911,2018-03-01 18:26:55+00:00,f,1
969272683061022721,"Unemployment filings are at their lowest level in over 48 years. Great news for workers and JOBS, JOBS, JOBS! #MAGA https://t.co/SzHTarzfrW",f,f,Twitter for iPhone,50403,11877,2018-03-01 18:06:30+00:00,f,1
969183644756660224,"Our Steel and Aluminum industries (and many others) have been decimated by decades of unfair trade and bad policy with countries from around the world. We must not let our country, companies and workers be taken advantage of any longer. We want free, fair and SMART TRADE!",f,f,Twitter for iPhone,88623,18055,2018-03-01 12:12:42+00:00,f,1
969178931369783296,"Many ideas, some good &amp, some not so good, emerged from our bipartisan meeting on school safety yesterday at the White House. Background Checks a big part of conversation. Gun free zones are proven targets of killers. After many years, a Bill should emerge. Respect 2nd Amendment!",f,f,Twitter for iPhone,67679,13695,2018-03-01 11:53:58+00:00,f,1
968962582374621185,"It was an honor to welcome bipartisan members of Congress for a discussion on SAFE schools and SAFE communities. As we continue to mourn the loss of so many precious young lives in Parkland, we are determined to turn our grief into action. Full meeting: https://t.co/tbl94sCM01 https://t.co/TmUMusoR9x",f,f,Twitter Media Studio,45768,9313,2018-02-28 21:34:16+00:00,f,1
968924154031497226,"Today we honor Billy Graham as only three private citizens before him have been honored. We say a prayer for our country: that all across this land, the Lord will raise up men and women like Billy Graham to spread a message of love and hope to every precious child of God. https://t.co/EM4lZUZpX9",f,f,Twitter for iPhone,62950,14065,2018-02-28 19:01:34+00:00,f,1
968917941671612416,"Starting at a small Bible School in Florida, Billy Graham soon led a nationwide revival. From a large tent in Los Angeles, to one hundred thousand people in a single day at Yankee Stadium, to more than two million people at Madison Square Garden over sixteen weeks in 1957... https://t.co/z1vvAemlBP",f,f,Twitter for iPhone,57423,11572,2018-02-28 18:36:53+00:00,f,1
968896168230051850,"Today, in the center of this great Chamber lies Billy Graham – an Ambassador for Christ who reminded the world of the power of prayer and the gift of God’s grace. https://t.co/5aMh8nFPJW",f,f,Twitter for iPhone,64945,14305,2018-02-28 17:10:22+00:00,f,1
968856971075051521,"Why is A.G. Jeff Sessions asking the Inspector General to investigate potentially massive FISA abuse. Will take forever, has no prosecutorial power and already late with reports on Comey etc. Isn’t the I.G. an Obama guy? Why not use Justice Department lawyers? DISGRACEFUL!",f,f,Twitter for iPhone,76301,20248,2018-02-28 14:34:37+00:00,f,1
968850364383596545,45 year low on illegal border crossings this year. Ice and Border Patrol Agents are doing a great job for our Country. MS-13 thugs being hit hard.,f,f,Twitter for iPhone,97013,17499,2018-02-28 14:08:21+00:00,f,1
968825596133478400,I have decided that sections of the Wall that California wants built NOW will not be built until the whole Wall is approved. Big victory yesterday with ruling from the courts that allows us to proceed. OUR COUNTRY MUST HAVE BORDER SECURITY!,f,f,Twitter for iPhone,86006,17614,2018-02-28 12:29:56+00:00,f,1
968818810005450752,"The Heritage Foundation has just stated that 64% of the Trump Agenda is already done, faster than even Ronald Reagan. “We’re blown away,” said Thomas Binion of Heritage, President Trump “is very active, very conservative and very effective. Huge volume &amp, spectrum of issues.”",f,f,Twitter for iPhone,80545,18823,2018-02-28 12:02:58+00:00,f,1
968704442110545923,Big legal win today. U.S. judge sided with the Trump Administration and rejected the attempt to stop the government from building a great Border Wall on the Southern Border. Now this important project can go forward!,f,f,Twitter for iPhone,84800,18431,2018-02-28 04:28:31+00:00,f,1
968702480753315840,"Such a beautiful map, thank you! https://t.co/FyQdgKvsRO",f,f,Twitter for iPhone,59188,13004,2018-02-28 04:20:43+00:00,f,1
968621347294318592,.@SenatorWicker of Mississippi has been a great supporter and incredible help in getting our massive Tax Cut Bill done and approved. Also big help on cutting regs. I am with him in his re-election all the way!,f,f,Twitter for iPhone,42654,9643,2018-02-27 22:58:19+00:00,f,1
968620661349470209,"Texas LC George P. Bush backed me when it wasn’t the politically correct thing to do, and I back him now. Also, AC Sid Miller has been with me from the beginning, he is “Trump’s Man in Texas.” Also support Comptroller Glenn Hegar, and Railroad Commissioner Christi Craddick.",f,f,Twitter for iPhone,55186,12253,2018-02-27 22:55:36+00:00,f,1
968550893015707649,“American consumers are the most confident they've been since 2000....A strong job market is boosting confidence. The unemployment rate has stayed at a 17-year low.” https://t.co/aL7aVoR7XC,f,f,Twitter for iPhone,49091,10614,2018-02-27 18:18:22+00:00,f,1
968549117625602054,"I want to encourage all of my many Texas friends to vote in the primary for Governor Greg Abbott, Senator Ted Cruz, Lt. Gov. Dan Patrick, and Attorney General Ken Paxton. They are helping me to Make America Great Again! Vote early or on March 6th.",f,f,Twitter for iPhone,89821,23217,2018-02-27 18:11:19+00:00,f,1
968467243192537088,"“We’ve seen NO EVIDENCE OF COLLUSION....I have seen nothing, the firing of James Comey and all of the aftermath, that suggests that the President has obstructed justice because he’s exercising his power as the President of the U.S. I just don’t see it.”  Judge Ken Starr",f,f,Twitter for iPhone,78321,18515,2018-02-27 12:45:58+00:00,f,1
968462966864609280,"“I’ve been skeptical about the collusion and obstruction claims for the last year. I just don’t see the evidence....in terms of the collusion, it’s all a bit implausible based on the evidence we have.”  Jonathan Turley on @FoxNews",f,f,Twitter for iPhone,55294,11608,2018-02-27 12:28:59+00:00,f,1
968455547094753281,"“He’s got a very good point. Somebody in the Justice Department has a treasure trove of evidence of Mrs. Clinton’s criminality at her own hands, or through others, that ought to be investigated. I fully agree with the President on that.” @judgenapolitano on @marthamaccallum Show",f,f,Twitter for iPhone,58176,15337,2018-02-27 11:59:30+00:00,f,1
967847560248426498,RT @WhiteHouse: Merit-based immigration reform will benefit American workers and relieve the strain imposed by our current system on Federa...,t,f,Twitter for iPhone,0,10965,2018-02-25 19:43:34+00:00,f,1
967609114238050304,RT @VollrathTammie: @realDonaldTrump @FoxNews https://t.co/sERi7Vyh5I,t,f,Twitter for iPhone,0,5869,2018-02-25 03:56:04+00:00,f,1
967597887545896961,"""RT @FoxNews: President @realDonaldTrump on Dem FISA memo: """"A lot of bad things happened on the other side, not on this side, but the other...""",t,f,Twitter for iPhone,0,11749,2018-02-25 03:11:28+00:00,f,1
967597639293382657,"""RT @FoxNews: President @realDonaldTrump on DACA: """"I'm the one that's pushing DACA and the Democrats are nowhere to be found."""" https://t.co/...""",t,f,Twitter for iPhone,0,10853,2018-02-25 03:10:28+00:00,f,1
967564998238142471,I will be interviewed by @JudgeJeanine on @FoxNews at 9:00 P.M. Enjoy!,f,f,Twitter for iPhone,42234,6707,2018-02-25 01:00:46+00:00,f,1
967563946063523840,"“Congressman Schiff omitted and distorted key facts” @FoxNews  So, what else is new. He is a total phony!",f,f,Twitter for iPhone,64138,15091,2018-02-25 00:56:35+00:00,f,1
967545724362739712,"“Russians had no compromising information on Donald Trump” @FoxNews  Of course not, because there is none, and never was. This whole Witch Hunt is an illegal disgrace...and Obama did nothing about Russia!",f,f,Twitter for iPhone,62130,15126,2018-02-24 23:44:11+00:00,f,1
967539664692350977,Dem Memo: FBI did not disclose who the clients were - the Clinton Campaign and the DNC. Wow!,f,f,Twitter for iPhone,67202,16898,2018-02-24 23:20:06+00:00,f,1
967538684789739520,The Democrat memo response on government surveillance abuses is a total political and legal BUST. Just confirms all of the terrible things that were done. SO ILLEGAL!,f,f,Twitter for iPhone,69677,16163,2018-02-24 23:16:13+00:00,f,1
967526110249537542,BIG CPAC STRAW POLL RESULTS: 93% APPROVE OF THE JOB PRESIDENT TRUMP IS DOING (Thank you!). 50% say President Trump should Tweet MORE or SAME (funny!). 79% say Republicans in Congress should do a better job of working with President Trump (starting to happen).,f,f,Twitter for iPhone,84550,20244,2018-02-24 22:26:15+00:00,f,1
967508938425069568,"Dems are no longer talking DACA! “Out of sight, out of mind,” they say. DACA beneficiaries should not be happy. Nancy Pelosi truly doesn’t care about them. Republicans stand ready to make a deal!",f,f,Twitter for iPhone,80107,17862,2018-02-24 21:18:01+00:00,f,1
967506350283599874,Unemployment claims are at the lowest level since 1973. Much of this has to do with the massive cutting of unnecessary and job killing Regulations!,f,f,Twitter for iPhone,63298,12648,2018-02-24 21:07:43+00:00,f,1
967493467046899712,Democrat judges have totally redrawn election lines in the great State of Pennsylvania. @FoxNews. This is very unfair to Republicans and to our country as a whole. Must be appealed to the United States Supreme Court ASAP!,f,f,Twitter for iPhone,67850,17863,2018-02-24 20:16:32+00:00,f,1
967472757025001472,"Armed Educators (and trusted people who work within a school) love our students and will protect them. Very smart people. Must be firearms adept &amp, have annual training. Should get yearly bonus. Shootings will not happen again - a big &amp, very inexpensive deterrent. Up to States.",f,f,Twitter for iPhone,73059,16350,2018-02-24 18:54:14+00:00,f,1
967389553362423808,RT @realDonaldTrump: I will be strongly pushing Comprehensive Background Checks with an emphasis on Mental Health. Raise age to 21 and end...,t,f,Twitter for iPhone,0,30750,2018-02-24 13:23:37+00:00,f,1
967168890232082433,Thank you to the great men and women of the United States @SecretService for a job well done!,f,f,Twitter for iPhone,73617,12115,2018-02-23 22:46:47+00:00,f,1
967146956094083073,"Today, @FLOTUS Melania and I were honored to welcome Prime Minister @TurnbullMalcolm and Mrs. Turnbull of Australia to the @WhiteHouse!🇺🇸🇦🇺Press Conference: https://t.co/rKokJGRsgu https://t.co/PkJUw8x9jb",f,f,Twitter for iPhone,40560,7062,2018-02-23 21:19:37+00:00,f,1
967084806726127616,"Our nation’s motto is IN GOD WE TRUST. This week, our nation lost an incredible leader who devoted his life to helping us understand what those words really mean. We will never forget the historic crowds, the voice, the energy, and the profound faith of Billy Graham! #CPAC2018 https://t.co/5GDh7Jonkv",f,f,Twitter for iPhone,73911,16825,2018-02-23 17:12:40+00:00,f,1
967083810981597185,"We salute our great American flag, we put our hands on our hearts for the pledge of Allegiance, and we all PROUDLY STAND for the National Anthem. #CPAC2018 https://t.co/qGKW2xGjP0",f,f,Twitter for iPhone,65920,14423,2018-02-23 17:08:42+00:00,f,1
967083281974951939,"After years of rebuilding OTHER nations, we are finally rebuilding OUR nation - and we are restoring our confidence and our pride! #CPAC2018 https://t.co/rD9oTU8iex",f,f,Twitter for iPhone,59317,12594,2018-02-23 17:06:36+00:00,f,1
967023714268319744,"For those of you who are still interested, the Democrats have totally forgotten about DACA. Not a lot of interest on this subject from them!",f,f,Twitter for iPhone,82118,19379,2018-02-23 13:09:54+00:00,f,1
967023015035797504,"My daughter, Ivanka, just arrived in South Korea. We cannot have a better, or smarter, person representing our country.",f,f,Twitter for iPhone,84357,11422,2018-02-23 13:07:07+00:00,f,1
967021512455802881,CPAC Today!,f,f,Twitter for iPhone,39249,5956,2018-02-23 13:01:09+00:00,f,1
966998215592677376,"MS-13 gang members are being removed by our Great ICE and Border Patrol Agents by the thousands, but these killers come back in from El Salvador, and through Mexico, like water. El Salvador just takes our money, and Mexico must help MORE with this problem. We need The Wall!",f,f,Twitter for iPhone,106615,22377,2018-02-23 11:28:35+00:00,f,1
966846679784837120,"“School shooting survivor says he quit @CNN Town Hall after refusing scripted question.” @TuckerCarlson. Just like so much of CNN, Fake News. That’s why their ratings are so bad! MSNBC may be worse.",f,f,Twitter for iPhone,93814,24450,2018-02-23 01:26:26+00:00,f,1
966766375292358659,"Today, it was my great honor to host a School Safety Roundtable at the @WhiteHouse with State and local leaders, law enforcement officers, and education officials.There is nothing more important than protecting our children. They deserve to be safe, and we will deliver! https://t.co/WhC2AxgWXO",f,f,Twitter for iPhone,71342,14844,2018-02-22 20:07:20+00:00,f,1
966711641378381826,"On behalf of an entire Nation, CONGRATULATIONS to the U.S. Women's Hockey Team on winning the GOLD! #GoTeamUSA #Olympics https://t.co/3cUZwLVGua",f,f,Twitter Media Studio,89018,14588,2018-02-22 16:29:50+00:00,f,1
966687491616059392,"Will be meeting with Lawmakers today at 11:30 A.M. to discuss School Safety.  Next week it will be with our Nation’s Governors. It’s been many years of all talk, no action. We’ll get it done!",f,f,Twitter for iPhone,90986,15635,2018-02-22 14:53:52+00:00,f,1
966681883206668289,"What many people don’t understand, or don’t want to understand, is that Wayne, Chris and the folks who work so hard at the @NRA are Great People and Great American Patriots. They love our Country and will do the right thing.                  MAKE AMERICA GREAT AGAIN!",f,f,Twitter for iPhone,77924,17720,2018-02-22 14:31:35+00:00,f,1
966662241977360384,I will be strongly pushing Comprehensive Background Checks with an emphasis on Mental Health. Raise age to 21 and end sale of Bump Stocks! Congress is in a mood to finally do something on this issue - I hope!,f,f,Twitter for iPhone,164789,30750,2018-02-22 13:13:32+00:00,f,1
966660169194229761,"....If a potential “sicko shooter” knows that a school has a large number of very weapons talented teachers (and others) who will be instantly shooting, the sicko will NEVER attack that school. Cowards won’t go there...problem solved. Must be offensive, defense alone won’t work!",f,f,Twitter for iPhone,90802,20276,2018-02-22 13:05:18+00:00,f,1
966657362789568512,"....History shows that a school shooting lasts, on average, 3 minutes. It takes police &amp, first responders approximately 5 to 8 minutes to get to site of crime. Highly trained, gun adept, teachers/coaches would solve the problem instantly, before police arrive. GREAT DETERRENT!",f,f,Twitter for iPhone,107469,23700,2018-02-22 12:54:09+00:00,f,1
966653833047887874,....immediately fire back if a savage sicko came to a school with bad intentions. Highly trained teachers would also serve as a deterrent to the cowards that do this. Far more assets at much less cost than guards. A “gun free” school is a magnet for bad people. ATTACKS WOULD END!,f,f,Twitter for iPhone,86976,17693,2018-02-22 12:40:08+00:00,f,1
966650397002813440,"I never said “give teachers guns” like was stated on Fake News @CNN &amp, @NBC. What I said was to look at the possibility of giving “concealed guns to gun adept teachers with military or special training experience - only the best. 20% of teachers, a lot, would now be able to",f,f,Twitter for iPhone,74878,17680,2018-02-22 12:26:28+00:00,f,1
966487844662456320,"I will always remember the time I spent today with courageous students, teachers and families. So much love in the midst of so much pain. We must not let them down. We must keep our children safe!!Full Listening Session: https://t.co/x5VenyQX5p https://t.co/CAPfX5odIp",f,f,Twitter for iPhone,90953,19113,2018-02-22 01:40:33+00:00,f,1
966420452070559749,".@FLOTUS Melania and I join millions of people around the world in mourning the passing of Billy Graham. Our prayers are with his children, grandchildren, great-grandchildren and all who worked closely with Reverend Graham in his lifelong ministry. https://t.co/e1697tcyaI",f,f,Twitter for iPhone,72239,14836,2018-02-21 21:12:45+00:00,f,1
966377081469882368,"Yesterday, it was my great honor to recognize extraordinary Law Enforcement Officers and First Responders, and to award them the the highest possible decoration for bravery by public safety officers, the Medal of Valor. #AmericanHeroes https://t.co/em0wBbvy5P",f,f,Twitter Media Studio,63820,12068,2018-02-21 18:20:25+00:00,f,1
966321700588711936,"Question: If all of the Russian meddling took place during the Obama Administration, right up to January 20th, why aren’t they the subject of the investigation? Why didn’t Obama do something about the meddling? Why aren’t Dem crimes under investigation? Ask Jeff Sessions!",f,f,Twitter for iPhone,98566,25833,2018-02-21 14:40:21+00:00,f,1
966317112565420033,The GREAT Billy Graham is dead. There was nobody like him! He will be missed by Christians and all religions. A very special man.,f,f,Twitter for iPhone,130083,24156,2018-02-21 14:22:07+00:00,f,1
966312434100326400,"Question: If all of the Russian meddling took place during the Obama Administration, right up to January 20th, why aren’t they the subject of the investigation? Why didn’t Obama do something about the meddling? Why aren’t Dem crimes under investigation? Ask Jeff Session!",f,t,Twitter for iPhone,21118,6336,2018-02-21 02:03:32+00:00,f,1
966119932793585664,"@CNN @MSNBC Whether we are Republican or Democrat, we must now focus on strengthening Background Checks!",f,f,Twitter for iPhone,69473,12735,2018-02-21 01:18:36+00:00,f,1
966117265426001920,"Bad ratings @CNN &amp, @MSNBC got scammed when they covered the anti-Trump Russia rally wall-to-wall. They probably knew it was Fake News but, because it was a rally against me, they pushed it hard anyway. Two really dishonest newscasters, but the public is wise!",f,f,Twitter for iPhone,80033,17438,2018-02-21 01:08:00+00:00,f,1
966006815745040384,"""Main Street is BOOMING thanks to our incredible TAX CUT and Reform law. """"This shows small-business owners are more than just optimistic, they are ready to grow their businesses."""" https://t.co/w9aw68UwOj""",f,f,Twitter for iPhone,63485,13788,2018-02-20 17:49:07+00:00,f,1
965971586913374208,....cameras running. Another False Accusation. Why doesn’t @washingtonpost report the story of the women taking money to make up stories about me? One had her home mortgage paid off. Only @FoxNews so reported...doesn’t fit the Mainstream Media narrative.,f,f,Twitter for iPhone,66547,15370,2018-02-20 15:29:07+00:00,f,1
965968309358333952,"A woman I don’t know and, to the best of my knowledge, never met, is on the FRONT PAGE of the Fake News Washington Post saying I kissed her (for two minutes yet) in the lobby of Trump Tower 12 years ago. Never happened! Who would do this in a public space with live security......",f,f,Twitter for iPhone,81422,17057,2018-02-20 15:16:06+00:00,f,1
965943827931549696,"I have been much tougher on Russia than Obama, just look at the facts. Total Fake News!",f,f,Twitter for iPhone,65610,12517,2018-02-20 13:38:49+00:00,f,1
965937068907073536,"Hope Republicans in the Great State of Pennsylvania challenge the new “pushed” Congressional Map, all the way to the Supreme Court, if necessary. Your Original was correct! Don’t let the Dems take elections away from you so that they can raise taxes &amp, waste money!",f,f,Twitter for iPhone,67167,15959,2018-02-20 13:11:58+00:00,f,1
965932714141650946,"Republicans are now leading the Generic Poll, perhaps because of the popular Tax Cuts which the Dems want to take away. Actually, they want to raise you taxes, substantially. Also, they want to do nothing on DACA, R’s want to fix!",f,f,Twitter for iPhone,69963,13553,2018-02-20 12:54:39+00:00,f,1
965930611272712192,"....The President Obama quote just before election. That’s because he thought Crooked Hillary was going to win and he didn’t want to “rock the boat.” When I easily won the Electoral College, the whole game changed and the Russian excuse became the narrative of the Dems.",f,f,Twitter for iPhone,71958,16191,2018-02-20 12:46:18+00:00,f,1
965928352614965248,"“There is no serious person out there who would suggest somehow that you could even rig America’s elections, there’s no evidence that that has happened in the past or that it will happen this time, and so I’d invite Mr. Trump to stop whining and make his case to get votes.” .....",f,f,Twitter for iPhone,56870,13506,2018-02-20 12:37:20+00:00,f,1
965925223949357056,"Thank you to @foxandfriends for the great timeline on all of the failures the Obama Administration had against Russia, including Crimea, Syria and so much more. We are now starting to win again!",f,f,Twitter for iPhone,56250,11497,2018-02-20 12:24:54+00:00,f,1
965780052167286784,"“The Faith of Donald Trump,” a book just out by David Brody and Scott Lamb, is a very interesting read. Enjoy!",f,f,Twitter for iPhone,57667,10378,2018-02-20 02:48:02+00:00,f,1
965775382598311937,"The U.S. economy is looking very good, in my opinion, even better than anticipated. Companies are pouring back into our country, reversing the long term trend of leaving. The unemployment numbers are looking great, and Regulations &amp, Taxes have been massively Cut! JOBS, JOBS, JOBS",f,f,Twitter for iPhone,103253,20213,2018-02-20 02:29:29+00:00,f,1
965773283554668544,".@MittRomney has announced he is running for the Senate from the wonderful State of Utah. He will make a great Senator and worthy successor to @OrrinHatch, and has my full support and endorsement!",f,f,Twitter for iPhone,47712,7696,2018-02-20 02:21:08+00:00,f,1
965676314576543744,"Obama was President up to, and beyond, the 2016 Election. So why didn’t he do something about Russian meddling?",f,f,Twitter for iPhone,77177,17616,2018-02-19 19:55:49+00:00,f,1
965582280772276224,"Have a great, but very reflective, President’s Day!",f,f,Twitter for iPhone,122471,18595,2018-02-19 13:42:10+00:00,f,1
965442990134251520,"Just watched a very insecure Oprah Winfrey, who at one point I knew very well, interview a panel of people on 60 Minutes. The questions were biased and slanted, the facts incorrect. Hope Oprah runs so she can be exposed and defeated just like all of the others!",f,f,Twitter for iPhone,130676,27454,2018-02-19 04:28:40+00:00,f,1
965303158229622785,"My great friends from NASCAR are having their big race today, The Daytona 500. Brian France and the France family are special people. Enjoy the race!",f,f,Twitter for iPhone,87307,12308,2018-02-18 19:13:02+00:00,f,1
965272331978407937,"Thank you to KenStarr, former Independent Counsel, Whitewater, for your insight and powerful words on FISA abuse, Russian meddling etc. Really great interview with @MariaBartiromo",f,f,Twitter for iPhone,65247,14072,2018-02-18 17:10:32+00:00,f,1
965223354633457665,"Great Pollster John McLaughlin now has the GOP up in the Generic Congressional Ballot. Big gain over last 4 weeks. I guess people are loving the big Tax Cuts given them by the Republicans, the Cuts the Dems want to take away. We need more Republicans!",f,f,Twitter for iPhone,82745,17293,2018-02-18 13:55:55+00:00,f,1
965221024496279552,The Fake News of big ratings loser CNN. https://t.co/rYsv90cnvs,f,f,Twitter for iPhone,63681,15000,2018-02-18 13:46:39+00:00,f,1
965212168449941505,"If it was the GOAL of Russia to create discord, disruption and chaos within the U.S. then, with all of the Committee Hearings, Investigations and Party hatred, they have succeeded beyond their wildest dreams. They are laughing their asses off in Moscow. Get smart America!",f,f,Twitter for iPhone,99593,25849,2018-02-18 13:11:28+00:00,f,1
965207569852780544,"RT @mike_pence: Big night. Largest-ever Dallas County GOP Reagan Day Dinner. As I told the crowd, under President @realDonaldTrump: Promise...",t,f,Twitter for iPhone,0,10348,2018-02-18 12:53:11+00:00,f,1
965205208191168512,"Now that Adam Schiff is starting to blame President Obama for Russian meddling in the election, he is probably doing so as yet another excuse that the Democrats, lead by their fearless leader, Crooked Hillary Clinton, lost the 2016 election. But wasn’t I a great candidate?",f,f,Twitter for iPhone,76053,15345,2018-02-18 12:43:48+00:00,f,1
965202556204003328,"I never said Russia did not meddle in the election, I said “it may be Russia, or China or another country or group, or it may be a 400 pound genius sitting in bed and playing with his computer.” The Russian “hoax” was that the Trump campaign colluded with Russia - it never did!",f,f,Twitter for iPhone,107760,25305,2018-02-18 12:33:16+00:00,f,1
965199840471810049,"Finally, Liddle’ Adam Schiff, the leakin’ monster of no control, is now blaming the Obama Administration for Russian meddling in the 2016 Election. He is finally right about something. Obama was President, knew of the threat, and did nothing. Thank you Adam!",f,f,Twitter for iPhone,91903,22433,2018-02-18 12:22:29+00:00,f,1
965194903142719489,"Never gotten over the fact that Obama was able to send $1.7 Billion Dollars in CASH to Iran and nobody in Congress, the FBI or Justice called for an investigation!",f,f,Twitter for iPhone,109446,34072,2018-02-18 12:02:52+00:00,f,1
965079126829871104,"General McMaster forgot to say that the results of the 2016 election were not impacted or changed by the Russians and that the only Collusion was between Russia and Crooked H, the DNC and the Dems. Remember the Dirty Dossier, Uranium, Speeches, Emails and the Podesta Company!",f,f,Twitter for iPhone,81432,21288,2018-02-18 04:22:48+00:00,f,1
965075589274177536,Very sad that the FBI missed all of the many signals sent out by the Florida school shooter. This is not acceptable. They are spending too much time trying to prove Russian collusion with the Trump campaign - there is no collusion. Get back to the basics and make us all proud!,f,f,Twitter for iPhone,126608,29139,2018-02-18 04:08:45+00:00,f,1
965009332042596352,"Just like they don’t want to solve the DACA problem, why didn’t the Democrats pass gun control legislation when they had both the House &amp, Senate during the Obama Administration. Because they didn’t want to, and now they just talk!",f,f,Twitter for iPhone,104074,25386,2018-02-17 23:45:28+00:00,f,1
964956781670694912,“I have seen all of the Russian ads and I can say very definitively that swaying the election was *NOT* the main goal.”Rob GoldmanVice President of Facebook Ads https://t.co/A5ft7cGJkE,f,f,Twitter for iPhone,48609,13201,2018-02-17 20:16:39+00:00,f,1
964955496137535488,"The Fake News Media never fails. Hard to ignore this fact from the Vice President of Facebook Ads, Rob Goldman! https://t.co/XGC7ynZwYJ",f,f,Twitter for iPhone,50670,14543,2018-02-17 20:11:32+00:00,f,1
964949269374529538,"Funny how the Fake News Media doesn’t want to say that the Russian group was formed in 2014, long before my run for President. Maybe they knew I was going to run even though I didn’t know!",f,f,Twitter for iPhone,89672,20152,2018-02-17 19:46:48+00:00,f,1
964946611502747649,Deputy A.G. Rod Rosenstein stated at the News Conference: “There is no allegation in the indictment that any American was a knowing participant in this illegal activity. There is no allegation in the indictment that the charged conduct altered the outcome of the 2016 election.,f,f,Twitter for iPhone,76885,17400,2018-02-17 19:36:14+00:00,f,1
964944088696049666,"“Charges Deal Don A Big Win,” written by Michael Goodwin of the @nypost, succinctly states that “the Russians had no impact on the election results.” There was no Collusion with the Trump Campaign. “She lost the old-fashioned way, by being a terrible candidate. Case closed.”",f,f,Twitter for iPhone,60285,14896,2018-02-17 19:26:13+00:00,f,1
964938678362628096,"Melania and I met such incredible people last night in Broward County, Florida. Will never forget them, or the evening!",f,f,Twitter for iPhone,83354,11625,2018-02-17 19:04:43+00:00,f,1
964724390637244417,"Our entire Nation, w/one heavy heart, continues to pray for the victims &amp, their families in Parkland, FL. To teachers, law enforcement, first responders &amp, medical professionals who responded so bravely in the face of danger: We THANK YOU for your courage! https://t.co/3yJsrebZMG https://t.co/ti791dENTy",f,f,Twitter for iPhone,101341,19641,2018-02-17 04:53:13+00:00,f,1
964594780088033282,"Russia started their anti-US campaign in 2014, long before I announced that I would run for President. The results of the election were not impacted. The Trump campaign did nothing wrong - no collusion!",f,f,Twitter for iPhone,119603,29289,2018-02-16 20:18:11+00:00,f,1
964512164865363968,Cannot believe how BADLY DACA recipients have been treated by the Democrats...totally abandoned! Republicans are still working hard.,f,f,Twitter for iPhone,82590,17333,2018-02-16 14:49:54+00:00,f,1
964509154357411840,I will be leaving for Florida today to meet with some of the bravest people on earth - but people whose lives have been totally shattered. Am also working with Congress on many fronts.,f,f,Twitter for iPhone,103393,15935,2018-02-16 14:37:56+00:00,f,1
964232645495459840,"Presidential Proclamation Honoring the Victims of the Tragedy in Parkland, Florida: https://t.co/RTQWAKiSnR https://t.co/Nhs32bm5zB",f,f,Twitter for iPhone,52766,10692,2018-02-15 20:19:11+00:00,f,1
964219299211735040,"...lottery, continues deadly catch-and-release, and bars enforcement even for FUTURE illegal immigrants. Voting for this amendment would be a vote AGAINST law enforcement, and a vote FOR open borders. If Dems are actually serious about DACA, they should support the Grassley bill!",f,f,Twitter for iPad,50898,12027,2018-02-15 19:26:09+00:00,f,1
964219102683377665,"The Schumer-Rounds-Collins immigration bill would be a total catastrophe. @DHSgov says it would be “the end of immigration enforcement in America.” It creates a giant amnesty (including for dangerous criminals), doesn’t build the wall, expands chain migration, keeps the visa...",f,f,Twitter for iPad,61150,15822,2018-02-15 19:25:23+00:00,f,1
964218319783055360,"RT @SpoxDHS: Schumer-Rounds-Collins destroys the ability of @DHSgov to enforce immigration laws, creating a mass amnesty for over 10 millio...",t,f,Twitter for iPad,0,6230,2018-02-15 19:22:16+00:00,f,1
964190995687591936,"In times of tragedy, the bonds that sustain us are those of family, faith, community, and country. These bonds are stronger than the forces of hatred and evil - and these bonds grow even stronger in the hours of our greatest need. https://t.co/bu140nscez https://t.co/OoTXMCSexB",f,f,Twitter Media Studio,70910,15800,2018-02-15 17:33:41+00:00,f,1
964151653669711872,"While the Republicans and Democrats in Congress are working hard to come up with a solution to DACA, they should be strongly considering a system of Merit Based Immigration so that we will have the people ready, willing and able to help all of those companies moving into the USA!",f,f,Twitter for iPhone,86640,16489,2018-02-15 14:57:21+00:00,f,1
964110212885106689,"So many signs that the Florida shooter was mentally disturbed, even expelled from school for bad and erratic behavior. Neighbors and classmates knew he was a big problem. Must always report such instances to authorities, again and again!",f,f,Twitter for iPhone,75772,16393,2018-02-15 12:12:41+00:00,f,1
963879275324760070,Just spoke to Governor Rick Scott. We are working closely with law enforcement on the terrible Florida school shooting.,f,f,Twitter for iPhone,95176,15341,2018-02-14 20:55:01+00:00,f,1
963878055969198080,"My prayers and condolences to the families of the victims of the terrible Florida shooting. No child, teacher or anyone else should ever feel unsafe in an American school.",f,f,Twitter for iPhone,149950,31673,2018-02-14 20:50:11+00:00,f,1
963853233000275969,"Today, I was honored to be joined by Republicans and Democrats from both the House and Senate, as well as members of my Cabinet - to discuss the urgent need to rebuild and restore America’s depleted infrastructure. https://t.co/8ByoQJsjTT https://t.co/BVBRDvHfcC",f,f,Twitter for iPad,47849,8945,2018-02-14 19:11:32+00:00,f,1
963839056533626880,"As we come together to celebrate the extraordinary contributions of African-Americans to our nation, our thoughts turn to the heroes of the civil rights movement whose courage and sacrifice have inspired us all. Proclamation: https://t.co/Sw1iGIJgWV https://t.co/Nx0AEKZy5p",f,f,Twitter Media Studio,55793,11830,2018-02-14 18:15:12+00:00,f,1
963365328716812288,"Negotiations on DACA have begun. Republicans want to make a deal and Democrats say they want to make a deal. Wouldn’t it be great if we could finally, after so many years, solve the DACA puzzle. This will be our last chance, there will never be another opportunity! March 5th.",f,f,Twitter for iPhone,91220,17800,2018-02-13 10:52:47+00:00,f,1
963362959463469058,"Our infrastructure plan has been put forward and has received great reviews by everyone except, of course, the Democrats. After many years we have taken care of our Military, now we have to fix our roads, bridges, tunnels, airports and more. Bipartisan, make deal Dems?",f,f,Twitter for iPhone,90205,18157,2018-02-13 10:43:22+00:00,f,1
963152799486828544,The journey to #MAGA began @CPAC 2011 and the opportunity to reconnect with friends and supporters is something I look forward to every year. See you at #CPAC2018!,f,f,Twitter for iPhone,56828,11092,2018-02-12 20:48:16+00:00,f,1
963033580107653120,"Thank you to Sue Kruczek, who lost her wonderful and talented son Nick to the Opioid scourge, for your kind words while on @foxandfriends. We are fighting this terrible epidemic hard - Nick will not have died in vain!",f,f,Twitter for iPhone,73765,13239,2018-02-12 12:54:32+00:00,f,1
963031666150313984,"This will be a big week for Infrastructure. After so stupidly spending $7 trillion in the Middle East, it is now time to start investing in OUR Country!",f,f,Twitter for iPhone,117735,23773,2018-02-12 12:46:56+00:00,f,1
962787355932360706,Just spoke to @JohnKasich to express condolences and prayers to all for the horrible shooting of two great police officers from @WestervillePD. This is a true tragedy!,f,f,Twitter for iPhone,65820,11756,2018-02-11 20:36:08+00:00,f,1
962784821389996033,"Rep. Lou Barletta, a Great Republican from Pennsylvania who was one of my very earliest supporters, will make a FANTASTIC Senator. He is strong &amp, smart, loves Pennsylvania &amp, loves our Country! Voted for Tax Cuts, unlike Bob Casey, who listened to Tax Hikers Pelosi and Schumer!",f,f,Twitter for iPhone,82452,19113,2018-02-11 20:26:03+00:00,f,1
962767075457593344,"4.2 million hard working Americans have already received a large Bonus and/or Pay Increase because of our recently Passed Tax Cut &amp, Jobs Bill....and it will only get better! We are far ahead of schedule.",f,f,Twitter for iPhone,106569,19810,2018-02-11 19:15:32+00:00,f,1
951229113897013248,"The United States needs the security of the Wall on the Southern Border, which must be part of any DACA approval. The safety and security of our country is #1! https://t.co/4CFzQXb5aS",f,f,Twitter for iPhone,58340,12242,2018-01-10 23:07:48+00:00,f,1
962753552824365056,"So many positive things going on for the U.S.A. and the Fake News Media just doesn’t want to go there. Same negative stories over and over again! No wonder the People no longer trust the media, whose approval ratings are correctly at their lowest levels in history!    #MAGA",f,f,Twitter for iPhone,104294,24316,2018-02-11 18:21:48+00:00,f,1
962469767109009408,"My Administration has identified three major priorities for creating a safe, modern and lawful immigration system: fully securing the border, ending chain migration, and canceling the visa lottery. Congress must secure the immigration system and protect Americans. https://t.co/xV1lgfhjBU",f,f,Twitter Media Studio,100414,25135,2018-02-10 23:34:08+00:00,f,1
962435602296786944,"My thoughts and prayers are with the two police officers, their families, and everybody at the @WestervillePD. https://t.co/AoingY77Ky",f,f,Twitter for iPhone,71841,16204,2018-02-10 21:18:23+00:00,f,1
962398269593784321,"Republicans want to fix DACA far more than the Democrats do. The Dems had all three branches of government back in 2008-2011, and they decided not to do anything about DACA. They only want to use it as a campaign issue. Vote Republican!",f,f,Twitter for iPhone,99843,24154,2018-02-10 18:50:02+00:00,f,1
962394439846191105,"....agencies, not just the FBI &amp, DOJ, now the State Department to dig up dirt on him in the days leading up to the Election. Comey had conversations with Donald Trump, which I don’t believe were accurate...he leaked information (corrupt).” Tom Fitton of Judicial Watch on @FoxNews",f,f,Twitter for iPhone,63701,15565,2018-02-10 18:34:49+00:00,f,1
962389786328797184,"“My view is that not only has Trump been vindicated in the last several weeks about the mishandling of the Dossier and the lies about the Clinton/DNC Dossier, it shows that he’s been victimized. He’s been victimized by the Obama Administration who were using all sorts of.......",f,f,Twitter for iPhone,85838,20387,2018-02-10 18:16:20+00:00,f,1
962348831789797381,Peoples lives are being shattered and destroyed by a mere allegation. Some are true and some are false. Some are old and some are new. There is no recovery for someone falsely accused - life and career are gone. Is there no such thing any longer as Due Process?,f,f,Twitter for iPhone,114896,29366,2018-02-10 15:33:35+00:00,f,1
962345433170415616,"According to the @nytimes, a Russian sold phony secrets on “Trump” to the U.S. Asking price was $10 million, brought down to $1 million to be paid over time. I hope people are now seeing &amp, understanding what is going on here. It is all now starting to come out - DRAIN THE SWAMP!",f,f,Twitter for iPhone,88085,25555,2018-02-10 15:20:05+00:00,f,1
962330457886076928,"The Democrats sent a very political and long response memo which they knew, because of sources and methods (and more), would have to be heavily redacted, whereupon they would blame the White House for lack of transparency. Told them to re-do and send back in proper form!",f,f,Twitter for iPhone,98744,25383,2018-02-10 14:20:35+00:00,f,1
962326008127946752,Jobless claims have dropped to a 45 year low!,f,f,Twitter for iPhone,54468,10741,2018-02-10 14:02:54+00:00,f,1
961962694650757121,"Costs on non-military lines will never come down if we do not elect more Republicans in the 2018 Election, and beyond. This Bill is a BIG VICTORY for our Military, but much waste in order to get Dem votes. Fortunately, DACA not included in this Bill, negotiations to start now!",f,f,Twitter for iPhone,75593,16930,2018-02-09 13:59:13+00:00,f,1
961959738853548033,"Without more Republicans in Congress, we were forced to increase spending on things we do not like or want in order to finally, after many years of depletion, take care of our Military. Sadly, we needed some Dem votes for passage. Must elect more Republicans in 2018 Election!",f,f,Twitter for iPhone,93713,22483,2018-02-09 13:47:28+00:00,f,1
961957671246159875,"Just signed Bill. Our Military will now be stronger than ever before. We love and need our Military and gave them everything — and more. First time this has happened in a long time. Also means JOBS, JOBS, JOBS!",f,f,Twitter for iPhone,111781,21634,2018-02-09 13:39:15+00:00,f,1
961802557646569475,Wow! -Senator Mark Warner got caught having extensive contact with a lobbyist for a Russian oligarch. Warner did not want a “paper trail” on a “private” meeting (in London) he requested with Steele of fraudulent Dossier fame. All tied into Crooked Hillary.,f,f,Twitter for iPhone,107940,32640,2018-02-09 03:22:53+00:00,f,1
961743032952459264,Time to end the visa lottery. Congress must secure the immigration system and protect Americans. https://t.co/yukxm48x9X,f,f,Twitter for iPhone,81673,18828,2018-02-08 23:26:22+00:00,f,1
961693860916289536,"As long as we open our eyes to God’s grace - and open our hearts to God’s love - then America will forever be the land of the free, the home of the brave, and a light unto all nations. #NationalPrayerBreakfast https://t.co/1cwxs3l0uK",f,f,Twitter for iPad,95316,25631,2018-02-08 20:10:58+00:00,f,1
961671974153080834,"I will be meeting with Henry Kissinger at 1:45pm. Will be discussing North Korea, China and the Middle East.",f,f,Twitter for iPhone,68225,10801,2018-02-08 18:44:00+00:00,f,1
961649129834283008,Our founders invoked our Creator four times in the Declaration of Independence. Our currency declares “IN GOD WE TRUST.” And we place our hands on our hearts as we recite the Pledge of Allegiance and proclaim that we are “One Nation Under God.” #NationalPrayerBreakfast https://t.co/zukP40Ezpo,f,f,Twitter for iPad,93570,24499,2018-02-08 17:13:13+00:00,f,1
961557382387167238,"Will be heading over shortly to make remarks at The National Prayer Breakfast in Washington. Great religious and political leaders, and many friends, including T.V. producer Mark Burnett of our wonderful 14 season Apprentice triumph, will be there. Looking forward to seeing all!",f,f,Twitter for iPhone,90304,14054,2018-02-08 11:08:39+00:00,f,1
961368036782628864,The Budget Agreement today is so important for our great Military. It ends the dangerous sequester and gives Secretary Mattis what he needs to keep America Great. Republicans and Democrats must support our troops and support this Bill!,f,f,Twitter for iPhone,92932,18362,2018-02-07 22:36:15+00:00,f,1
961362249880252416,Congratulations to the Republic of Korea on what will be a MAGNIFICENT Winter Olympics! What the South Korean people have built is truly an inspiration! https://t.co/giN2B1h6Ph,f,f,Twitter Media Studio,59874,10504,2018-02-07 22:13:16+00:00,f,1
961298788219420672,Best wishes to the Republic of Korea on hosting the @Olympics! What a wonderful opportunity to show everyone that you are a truly GREAT NATION! https://t.co/aboM2Up48y,f,f,Twitter Media Studio,55443,10089,2018-02-07 18:01:05+00:00,f,1
961270833569202176,NEW FBI TEXTS ARE BOMBSHELLS!,f,f,Twitter for iPhone,113506,29991,2018-02-07 16:10:00+00:00,f,1
961253168968622086,"In the “old days,” when good news was reported, the Stock Market would go up. Today, when good news is reported, the Stock Market goes down. Big mistake, and we have so much good (great) news about the economy!",f,f,Twitter for iPhone,95559,17359,2018-02-07 14:59:49+00:00,f,1
961073467784421382,"Congratulations @ElonMusk and @SpaceX on the successful #FalconHeavy launch. This achievement, along with @NASA’s commercial and international partners, continues to show American ingenuity at its best! https://t.co/eZfLSpyJPK",f,f,Twitter for iPhone,143714,25031,2018-02-07 03:05:45+00:00,f,1
961038807658352640,"HAPPY BIRTHDAY to our 40th President of the United States of America, Ronald Reagan! https://t.co/JtEglBhm4c",f,f,Twitter for iPhone,155070,25982,2018-02-07 00:48:01+00:00,f,1
961008057756127232,"Today, we heard the experiences of law enforcement professionals and community leaders working to combat the threat of MS-13, and the reforms we need from Congress to defeat it. Watch here: https://t.co/VPMTnko7Ik https://t.co/4OaXXuj9Va",f,f,Twitter Media Studio,64332,14500,2018-02-06 22:45:50+00:00,f,1
960907362109452288,We need a 21st century MERIT-BASED immigration system.  Chain migration and the visa lottery are outdated programs that hurt our economic and national security. https://t.co/rP9Gtr2E5N,f,f,Twitter for iPhone,77513,20050,2018-02-06 16:05:42+00:00,f,1
960906105982464000,"Polling shows nearly 7 in 10 Americans support an immigration reform package that includes DACA, fully secures the border, ends chain migration &amp, cancels the visa lottery. If D’s oppose this deal, they aren’t serious about DACA-they just want open borders. https://t.co/XDMcDOr9vM",f,f,Twitter for iPhone,75567,18598,2018-02-06 16:00:43+00:00,f,1
960869939694505984,"My prayers and best wishes are with the family of Edwin Jackson, a wonderful young man whose life was so senselessly taken. @Colts",f,f,Twitter for iPhone,88340,16336,2018-02-06 13:37:00+00:00,f,1
960868920428253184,"So disgraceful that a person illegally in our country killed @Colts linebacker Edwin Jackson. This is just one of many such preventable tragedies. We must get the Dems to get tough on the Border, and with illegal immigration, FAST!",f,f,Twitter for iPhone,120857,28333,2018-02-06 13:32:57+00:00,f,1
960614513224667136,"Thanks to the historic TAX CUTS that I signed into law, your paychecks are going way UP, your taxes are going way DOWN, and America is once again OPEN FOR BUSINESS! https://t.co/GISFbDDGXX",f,f,Twitter for iPhone,90154,18056,2018-02-05 20:42:01+00:00,f,1
960530665702912000,"Representative Devin Nunes, a man of tremendous courage and grit, may someday be recognized as a Great American Hero for what he has exposed and what he has had to endure!",f,f,Twitter for iPhone,111859,28170,2018-02-05 15:08:51+00:00,f,1
960522569492426753,Any deal on DACA that does not include STRONG border security and the desperately needed WALL is a total waste of time. March 5th is rapidly approaching and the Dems seem not to care about DACA. Make a deal!,f,f,Twitter for iPhone,103767,23501,2018-02-05 14:36:40+00:00,f,1
960492998734868480,"Little Adam Schiff, who is desperate to run for higher office, is one of the biggest liars and leakers in Washington, right up there with Comey, Warner, Brennan and Clapper! Adam leaves closed committee hearings to illegally leak confidential information. Must be stopped!",f,f,Twitter for iPhone,118542,33901,2018-02-05 12:39:10+00:00,f,1
960487657691385856,Thank you to @foxandfriends for exposing the truth. Perhaps that’s why your ratings are soooo much better than your untruthful competition!,f,f,Twitter for iPhone,90605,17874,2018-02-05 12:17:57+00:00,f,1
960486144818450432,The Democrats are pushing for Universal HealthCare while thousands of people are marching in the UK because their U system is going broke and not working. Dems want to greatly raise taxes for really bad and non-personal medical care. No thanks!,f,f,Twitter for iPhone,101703,24151,2018-02-05 12:11:56+00:00,f,1
960361010904338432,Congratulations to the Philadelphia Eagles on a great Super Bowl victory!,f,f,Twitter for iPhone,183724,29241,2018-02-05 03:54:42+00:00,f,1
960195808141414400,My thoughts and prayers are with all of the victims involved in this mornings train collision in South Carolina. Thank you to our incredible First Responders for the work they’ve done!,f,f,Twitter for iPhone,121022,18305,2018-02-04 16:58:14+00:00,f,1
959952974826098688,"...a tool of anti-Trump political actors. This is unacceptable in a democracy and ought to alarm anyone who wants the FBI to be a nonpartisan enforcer of the law....The FBI wasn’t straight with Congress, as it hid most of these facts from investigators.” Wall Street Journal",f,f,Twitter for iPhone,109617,27888,2018-02-04 00:53:18+00:00,f,1
959949725028974592,“The four page memo released Friday reports the disturbing fact about how the FBI and FISA appear to have been used to influence the 2016 election and its aftermath....The FBI failed to inform the FISA court that the Clinton campaign had funded the dossier....the FBI became....,f,f,Twitter for iPhone,109485,28901,2018-02-04 00:40:24+00:00,f,1
959946200488271872,"Great jobs numbers and finally, after many years, rising wages- and nobody even talks about them. Only Russia, Russia, Russia, despite the fact that, after a year of looking, there is No Collusion!",f,f,Twitter for iPhone,114874,23628,2018-02-04 00:26:23+00:00,f,1
959798743842349056,"This memo totally vindicates “Trump” in probe. But the Russian Witch Hunt goes on and on. Their was no Collusion and there was no Obstruction (the word now used because, after one year of looking endlessly and finding NOTHING, collusion is dead). This is an American disgrace!",f,f,Twitter for iPhone,118149,30235,2018-02-03 14:40:27+00:00,f,1
959798726381457409,"Rasmussen just announced that my approval rating jumped to 49%, a far better number than I had in winning the Election, and higher than certain “sacred cows.” Other Trump polls are way up also. So why does the media refuse to write this? Oh well, someday!",f,f,Twitter for iPhone,132165,27394,2018-02-03 14:40:23+00:00,f,1
959784619712401410,RT @EricTrump: #MakeAmericaGreatAgain 🇺🇸🇺🇸🇺🇸 https://t.co/CJts3udtNO,t,f,Twitter for iPhone,0,9923,2018-02-03 13:44:19+00:00,f,1
959783486289793024,RT @EricTrump: 🇺🇸🇺🇸🇺🇸 https://t.co/iszxYp036c,t,f,Twitter for iPhone,0,9791,2018-02-03 13:39:49+00:00,f,1
959553606134345728,"Today, it was my honor to join the great men and women of @DHSgov, @CustomsBorder, @ICEgov and @USCIS at the U.S. Customs and Border Protection National Targeting Center in Sterling, Virginia. Fact sheet: https://t.co/Q027Wgdzdo https://t.co/NecuA0y1Sk",f,f,Twitter for iPad,59830,11401,2018-02-02 22:26:22+00:00,f,1
959488369293254658,“Trump the orator outlines the greatness of America to Democrats’ disgust” https://t.co/XpirrtTY6V,f,f,Twitter for iPad,65261,13645,2018-02-02 18:07:08+00:00,f,1
959488037766955009,"With 3.5 million Americans receiving bonuses or other benefits from their employers as a result of TAX CUTS, 2018 is off to great start!✅Unemployment rate at 4.1%.✅Average earnings up 2.9% in the last year.✅200,000 new American jobs.✅#MAGA🇺🇸 https://t.co/upqSvBhRqJ",f,f,Twitter for iPad,91573,21703,2018-02-02 18:05:49+00:00,f,1
959393270144086016,"“You had Hillary Clinton and the Democratic Party try to hide the fact that they gave money to GPS Fusion to create a Dossier which was used by their allies in the Obama Administration to convince a Court misleadingly, by all accounts, to spy on the Trump Team.” Tom Fitton, JW",f,f,Twitter for iPhone,136156,41672,2018-02-02 11:49:14+00:00,f,1
959389424806191104,"The top Leadership and Investigators of the FBI and the Justice Department have politicized the sacred investigative process in favor of Democrats and against Republicans - something which would have been unthinkable just a short time ago. Rank &amp, File are great people!",f,f,Twitter for iPhone,116523,31400,2018-02-02 11:33:58+00:00,f,1
959268334935203840,"The Democrats just aren’t calling about DACA. Nancy Pelosi and Chuck Schumer have to get moving fast, or they’ll disappoint you again. We have a great chance to make a deal or, blame the Dems! March 5th is coming up fast.",f,f,Twitter for iPhone,104587,22595,2018-02-02 03:32:48+00:00,f,1
959034299222843394,"Thank you for all of the nice compliments and reviews on the State of the Union speech. 45.6 million people watched, the highest number in history. @FoxNews beat every other Network, for the first time ever, with 11.7 million people tuning in. Delivered from the heart!",f,f,Twitter for iPhone,157270,29416,2018-02-01 12:02:49+00:00,f,1
959031505145212928,"March 5th is rapidly approaching and the Democrats are doing nothing about DACA. They Resist, Blame, Complain and Obstruct - and do nothing. Start pushing Nancy Pelosi and the Dems to work out a DACA fix, NOW!",f,f,Twitter for iPhone,104449,23563,2018-02-01 11:51:43+00:00,f,1
959029384052166657,"Heading to beautiful West Virginia to be with great members of the Republican Party. Will be planning Infrastructure and discussing Immigration and DACA, not easy when we have no support from the Democrats. NOT ONE DEM VOTED FOR OUR TAX CUT BILL! Need more Republicans in ‘18.",f,f,Twitter for iPhone,117593,22624,2018-02-01 11:43:17+00:00,f,1
958520216429957121,Join me live for the #SOTUhttps://t.co/0SLktWxfHi,f,f,Twitter for iPhone,93099,17286,2018-01-31 02:00:02+00:00,f,1
958070403901124609,"Congratulations to America’s new Secretary of @HHSGov, Alex Azar! https://t.co/Y9inQaCt7o",f,f,Twitter for iPhone,71452,12531,2018-01-29 20:12:39+00:00,f,1
957603804383465472,"Our economy is better than it has been in many decades. Businesses are coming back to America like never before. Chrysler, as an example, is leaving Mexico and coming back to the USA. Unemployment is nearing record lows. We are on the right track!",f,f,Twitter for iPhone,170580,33346,2018-01-28 13:18:33+00:00,f,1
957603800579297280,"Somebody please inform Jay-Z that because of my policies, Black Unemployment has just been reported to be at the LOWEST RATE EVER RECORDED!",f,f,Twitter for iPhone,202727,49876,2018-01-28 13:18:32+00:00,f,1
957465263129219073,"Democrats are not interested in Border Safety &amp, Security or in the funding and rebuilding of our Military. They are only interested in Obstruction!",f,f,Twitter for iPhone,132993,28118,2018-01-28 04:08:02+00:00,f,1
957462746060206080,"I have offered DACA a wonderful deal, including a doubling in the number of recipients &amp, a twelve year pathway to citizenship, for two reasons: (1) Because the Republicans want to fix a long time terrible problem. (2) To show that Democrats do not want to solve DACA, only use it!",f,f,Twitter for iPhone,149281,37129,2018-01-28 03:58:02+00:00,f,1
957387711693905925,"Taliban targeted innocent Afghans, brave police in Kabul today. Our thoughts and prayers go to the victims, and first responders. We will not allow the Taliban to win!",f,f,Twitter for iPhone,96855,17244,2018-01-27 22:59:52+00:00,f,1
957334999522533376,"On Holocaust Remembrance Day we mourn and grieve the murder of 6 million innocent Jewish men, women and children, and the millions of others who perished in the evil Nazi Genocide. We pledge with all of our might and resolve: Never Again! https://t.co/PfHM7UiZ0C https://t.co/25W0SZHTOu",f,f,Twitter for iPhone,91572,20405,2018-01-27 19:30:24+00:00,f,1
957220637705109505,"Thank you to Brandon Judd of the National Border Patrol Council for his strong statement on @foxandfriends that we very badly NEED THE WALL. Must also end loophole of “catch &amp, release” and clean up the legal and other procedures at the border NOW for Safety &amp, Security reasons.",f,f,Twitter for iPhone,105651,23153,2018-01-27 11:55:58+00:00,f,1
957032249509097472,Thank you for the wonderful welcome @WEF! #Davos2018 https://t.co/IQkoQJxR5B,f,f,Twitter for iPhone,60894,12828,2018-01-26 23:27:23+00:00,f,1
956938973326098432,DACA has been made increasingly difficult by the fact that Cryin’ Chuck Schumer took such a beating over the shutdown that he is unable to act on immigration!,f,f,Twitter for iPhone,100105,20327,2018-01-26 17:16:44+00:00,f,1
956937916374138880,"Heading back from a very exciting two days in Davos, Switzerland. Speech on America’s economic revival was well received. Many of the people I met will be investing in the U.S.A.! #MAGA",f,f,Twitter for iPhone,95269,17858,2018-01-26 17:12:32+00:00,f,1
956873004776116225,"Join me live at the 2018 World Economic Forum in Davos, Switzerland! #WEF18 https://t.co/fdHejCmv73 https://t.co/DuKJlVTWB8",f,f,Twitter for iPhone,44309,7897,2018-01-26 12:54:36+00:00,f,1
956849981528379392,Great bilateral meeting with President @Alain_Berset of the Swiss Confederation - as we continue to strengthen our great friendship. Such an honor to be in Switzerland! #WEF18 https://t.co/87pLrCpQkZ,f,f,Twitter for iPhone,47557,8505,2018-01-26 11:23:07+00:00,f,1
956840839627595776,"It was an honor to meet with Republic of Rwanda President Paul Kagame this morning in Davos, Switzerland. Many great discussions! #WEF18 https://t.co/SaPzwVhDiB",f,f,Twitter for iPhone,54408,10081,2018-01-26 10:46:48+00:00,f,1
956831942351183873,"Will be interviewed on  @SquawkCNBC by @JoeSquawk coming up at 6:00amE from Davos, Switzerland. Enjoy! #WEF18 https://t.co/7egYlxnFBd",f,f,Twitter for iPhone,30969,5070,2018-01-26 10:11:26+00:00,f,1
956657520562573312,"Today, Americans everywhere remember the brave men and women of @NASA who lost their lives in our Nation’s eternal quest to expand the boundaries of human potential. https://t.co/clBsJTGz8B https://t.co/jTJkusdBQA",f,f,Twitter for iPhone,71447,14084,2018-01-25 22:38:21+00:00,f,1
956588348864454656,"Very productive bilateral meeting with Prime Minister Benjamin @Netanyahu of Israel - in Davos, Switzerland! #WEF18 https://t.co/2sZM9YI7tJ",f,f,Twitter for iPhone,62137,11991,2018-01-25 18:03:29+00:00,f,1
956578887160532992,"Great bilateral meeting with Prime Minister Theresa May of the United Kingdom, affirming the special relationship and our commitment to work together on key national security challenges and economic opportunities. #WEF18 https://t.co/FPP8aRDAyt",f,f,Twitter for iPhone,64760,12581,2018-01-25 17:25:53+00:00,f,1
956322473955545089,"Will soon be heading to Davos, Switzerland, to tell the world how great America is and is doing. Our economy is now booming and with all I am doing, will only get better...Our country is finally WINNING again!",f,f,Twitter for iPhone,129939,22297,2018-01-25 00:27:00+00:00,f,1
956298399946563585,"It was my great honor to welcome Mayor’s from across America to the WH. My Administration will always support local government - and listen to the leaders who know their communities best. Together, we will usher in a bold new era of Peace and Prosperity! https://t.co/dmYECTnk0a https://t.co/RSv7V7r0DT",f,f,Twitter Media Studio,67332,13404,2018-01-24 22:51:20+00:00,f,1
954678287820902401,This is the One Year Anniversary of my Presidency and the Democrats wanted to give me a nice present. #DemocratShutdown,f,f,Twitter for iPhone,103800,23542,2018-01-20 11:33:35+00:00,f,1
956261892640604161,"Earlier today, I spoke with @GovMattBevin of Kentucky regarding yesterday’s shooting at Marshall County High School. My thoughts and prayers are with Bailey Holt, Preston Cope, their families, and all of the wounded victims who are in recovery. We are with you!",f,f,Twitter for iPhone,84454,15367,2018-01-24 20:26:16+00:00,f,1
956134228726558720,"Tremendous investment by companies from all over the world being made in America. There has never been anything like it. Now Disney, J.P. Morgan Chase and many others. Massive Regulation Reduction and Tax Cuts are making us a powerhouse again. Long way to go! Jobs, Jobs, Jobs!",f,f,Twitter for iPhone,125414,26281,2018-01-24 11:58:58+00:00,f,1
956015565776277510,"Cryin’ Chuck Schumer fully understands, especially after his humiliating defeat, that if there is no Wall, there is no DACA. We must have safety and security, together with a strong Military, for our great people!",f,f,Twitter for iPhone,130726,28699,2018-01-24 04:07:27+00:00,f,1
956012274942128128,"Where are the 50,000 important text messages between FBI lovers Lisa Page and Peter Strzok?  Blaming Samsung!",f,f,Twitter for iPhone,106869,24633,2018-01-24 03:54:22+00:00,f,1
955806333667807232,"Thank you to General John Kelly, who is doing a fantastic job, and all of the Staff and others in the White House, for a job well done. Long hours and Fake reporting makes your job more difficult, but it is always great to WIN, and few have won more than us!",f,f,Twitter for iPhone,82524,16952,2018-01-23 14:16:02+00:00,f,1
955795912374267907,"Nobody knows for sure that the Republicans &amp, Democrats will be able to reach a deal on DACA by February 8, but everyone will be trying....with a big additional focus put on Military Strength and Border Security. The Dems have just learned that a Shutdown is not the answer!",f,f,Twitter for iPhone,95270,18985,2018-01-23 13:34:37+00:00,f,1
955771016319590400,"In one of the biggest stories in a long time, the FBI now says it is missing five months worth of lovers Strzok-Page texts, perhaps 50,000, and all in prime time. Wow!",f,f,Twitter for iPhone,112776,28663,2018-01-23 11:55:42+00:00,f,1
955769850022055936,"In one of the biggest stories in a long time, the FBI says it is now missing five months worth of lovers Strzok - Page texts, perhaps 50,000, all in prime time. Wow!",f,t,Twitter for iPhone,3377,1115,2018-01-23 11:51:04+00:00,f,1
955764970590961665,Even Crazy Jim Acosta of Fake News CNN agrees: “Trump World and WH sources dancing in end zone: Trump wins again...Schumer and Dems caved...gambled and lost.” Thank you for your honesty Jim!,f,f,Twitter for iPhone,108920,21247,2018-01-23 11:31:40+00:00,f,1
955658992793149440,"Big win for Republicans as Democrats cave on Shutdown. Now I want a big win for everyone, including Republicans, Democrats and DACA, but especially for our Great Military and Border Security. Should be able to get there. See you at the negotiating table!",f,f,Twitter for iPhone,112895,21953,2018-01-23 04:30:33+00:00,f,1
955458357200130049,End the Democrats Obstruction! https://t.co/tzBXilvW1b,f,f,Twitter for iPhone,77983,16874,2018-01-22 15:13:18+00:00,f,1
955428815777533952,Democrats have shut down our government in the interests of their far left base. They don’t want to do it but are powerless!,f,f,Twitter for iPhone,92190,17168,2018-01-22 13:15:55+00:00,f,1
955426609326100480,The Democrats are turning down services and security for citizens in favor of services and security for non-citizens. Not good!,f,f,Twitter for iPhone,111012,26075,2018-01-22 13:07:09+00:00,f,1
955249077645643776,Thank you to Brad Blakeman on @FoxNews for grading year one of my presidency with an “A”-and likewise to Doug Schoen for the very good grade and statements. Working hard!,f,f,Twitter for iPhone,108145,18827,2018-01-22 01:21:42+00:00,f,1
955056249925750784,"Great to see how hard Republicans are fighting for our Military and Safety at the Border. The Dems just want illegal immigrants to pour into our nation unchecked. If stalemate continues, Republicans should go to 51% (Nuclear Option) and vote on real, long term budget, no C.R.’s!",f,f,Twitter for iPhone,150185,37417,2018-01-21 12:35:28+00:00,f,1
955052436187701248,RT @realDonaldTrump: Democrats are holding our Military hostage over their desire to have unchecked illegal immigration. Can’t let that hap...,t,f,Twitter for iPhone,0,34931,2018-01-21 12:20:19+00:00,f,1
954905101717655552,"""RT @FoxNews: .@EricTrump: """"My father was elected for one reason, and that's because he actually believes in putting America first, which is...""",t,f,Twitter for iPhone,0,11281,2018-01-21 02:34:52+00:00,f,1
954904669112995840,"""RT @FoxNews: .@KellyannePolls: """"Since @POTUS took office, 863,000 new jobs were filled by women. Over half a million American women have en...""",t,f,Twitter for iPhone,0,11492,2018-01-21 02:33:09+00:00,f,1
954904246494916609,"""RT @FoxNews: .@davidwebbshow: """"Let's look at the calendar. It's January 20th. DACA expires on March 5th. That means this was a construct of...""",t,f,Twitter for iPhone,0,10358,2018-01-21 02:31:28+00:00,f,1
954904160016785413,"""RT @FoxNews: .@EricTrump: """"People have seen a year that's incredible, that's been filled with nothing but the best for our country, America...""",t,f,Twitter for iPhone,0,5767,2018-01-21 02:31:07+00:00,f,1
954901073587834882,Eric Trump on @JudgeJeanine on @FoxNews now!,f,f,Twitter for iPhone,39075,4876,2018-01-21 02:18:51+00:00,f,1
954878124214415360,"The Trump Administration has terminated more UNNECESSARY Regulation, in just twelve months, than any other Administration has terminated during their full term in office, no matter what the length. The good news is, THERE IS MUCH MORE TO COME!",f,f,Twitter for iPhone,131534,25215,2018-01-21 00:47:40+00:00,f,1
954876269300248576,RT @realDonaldTrump: Democrats are far more concerned with Illegal Immigrants than they are with our great Military or Safety at our danger...,t,f,Twitter for iPhone,0,33496,2018-01-21 00:40:18+00:00,f,1
954843844402647040,"Unprecedented success for our Country, in so many ways, since the Election. Record Stock Market, Strong on Military, Crime, Borders, &amp, ISIS, Judicial Strength &amp, Numbers, Lowest Unemployment for Women &amp, ALL, Massive Tax Cuts, end of Individual Mandate - and so much more. Big 2018!",f,f,Twitter for iPhone,111157,22686,2018-01-20 22:31:27+00:00,f,1
954788467069870081,"Beautiful weather all over our great country, a perfect day for all Women to March. Get out there now to celebrate the historic milestones and unprecedented economic success and wealth creation that has taken place over the last 12 months. Lowest female unemployment in 18 years!",f,f,Twitter for iPhone,175861,41061,2018-01-20 18:51:24+00:00,f,1
954722155463430145,Democrats are holding our Military hostage over their desire to have unchecked illegal immigration. Can’t let that happen!,f,f,Twitter for iPhone,141773,34931,2018-01-20 14:27:54+00:00,f,1
954681839419101185,#AMERICA FIRST!,f,f,Twitter for iPhone,103152,24536,2018-01-20 11:47:42+00:00,f,1
954680914998648833,"For those asking, the Republicans only have 51 votes in the Senate, and they need 60. That is why we need to win more Republicans in 2018 Election! We can then be even tougher on  Crime (and Border), and even better to our Military &amp, Veterans!",f,f,Twitter for iPhone,131616,31876,2018-01-20 11:44:01+00:00,f,1
954674157144477696,Democrats are far more concerned with Illegal Immigrants than they are with our great Military or Safety at our dangerous Southern Border. They could have easily made a deal but decided to play Shutdown politics instead. #WeNeedMoreRepublicansIn18 in order to power through mess!,f,f,Twitter for iPhone,122169,33496,2018-01-20 11:17:10+00:00,f,1
954541219970977793,"Not looking good for our great Military or Safety &amp, Security on the very dangerous Southern Border. Dems want a Shutdown in order to help diminish the great success of the Tax Cuts, and what they are doing for our booming economy.",f,f,Twitter for iPhone,98912,24642,2018-01-20 02:28:56+00:00,f,1
954478044487520257,Excellent preliminary meeting in Oval with @SenSchumer - working on solutions for Security and our great Military together with @SenateMajLdr McConnell and @SpeakerRyan. Making progress - four week extension would be best!,f,f,Twitter for iPhone,54959,10236,2018-01-19 22:17:53+00:00,f,1
954456754137501697,Just signed 702 Bill to reauthorize foreign intelligence collection. This is NOT the same FISA law that was so wrongly abused during the election. I will always do the right thing for our country and put the safety of the American people first!,f,f,Twitter for iPhone,109448,21839,2018-01-19 20:53:17+00:00,f,1
954423170299199488,"Today, I was honored and proud to address the 45th Annual @March_for_Life! You are living witnesses of this year’s March for Life theme: #LoveSavesLives. https://t.co/DMST4qhDmp",f,f,Twitter for iPhone,82040,19738,2018-01-19 18:39:50+00:00,f,1
954390114968498176,"“Shutting down the government is a very serious thing. People die, accidents happen. I don’t know how I would vote right now on a CR, OK?”Sen. Dianne Feinstein (D-Calif)https://t.co/7xP3CBnv5j",f,f,Twitter for iPhone,41009,11938,2018-01-19 16:28:29+00:00,f,1
954386490842378241,.@WhiteHouse Briefing with Director Marc Short and Director Mick Mulvaney...https://t.co/0O0VsYXmHB,f,f,Twitter for iPhone,36995,6566,2018-01-19 16:14:05+00:00,f,1
954323750949982208,Government Funding Bill past last night in the House of Representatives. Now Democrats are needed if it is to pass in the Senate - but they want illegal immigration and weak borders. Shutdown coming? We need more Republican victories in 2018!,f,f,Twitter for iPhone,93780,20470,2018-01-19 12:04:47+00:00,f,1
954136290768846850,House of Representatives needs to pass Government Funding Bill tonight. So important for our country - our Military needs it!,f,f,Twitter for iPhone,86116,15947,2018-01-18 23:39:53+00:00,f,1
954097213608570880,"AMERICA will once again be a NATION that thinks big, dreams bigger, and always reaches for the stars. YOU are the ones who will shape America’s destiny. YOU are the ones who will restore our prosperity. And YOU are the ones who are MAKING AMERICA GREAT AGAIN! #MAGA https://t.co/f2abNK47II",f,f,Twitter for iPhone,87773,20760,2018-01-18 21:04:36+00:00,f,1
954092417250222082,"Departing Pittsburgh now, where it was my great honor to stand with our incredible workers, and to show the world that AMERICA is back - and we are coming back bigger and better and stronger than ever before! https://t.co/kWPgylqFzj",f,f,Twitter for iPhone,64374,12000,2018-01-18 20:45:33+00:00,f,1
953987636057821184,A government shutdown will be devastating to our military...something the Dems care very little about!,f,f,Twitter for iPhone,76074,17010,2018-01-18 13:49:11+00:00,f,1
953984671674662912,"CHIP should be part of a long term solution, not a 30 Day, or short term, extension!",f,f,Twitter for iPhone,52949,9416,2018-01-18 13:37:24+00:00,f,1
953979393180950528,"We need the Wall for the safety and security of our country. We need the Wall to help stop the massive inflow of drugs from Mexico, now rated the number one most dangerous country in the world. If there is no Wall, there is no Deal!",f,f,Twitter for iPhone,104584,22841,2018-01-18 13:16:26+00:00,f,1
953973568035086336,"Will be going to Pennsylvania today in order to give my total support to RICK SACCONE, running for Congress in a Special Election (March 13). Rick is a great guy. We need more Republicans to continue our already successful agenda!",f,f,Twitter for iPhone,72102,13456,2018-01-18 12:53:17+00:00,f,1
953951365532876800,"....The Wall will be paid for, directly or indirectly, or through longer term reimbursement, by Mexico, which has a ridiculous $71 billion dollar trade surplus with the U.S. The $20 billion dollar Wall is “peanuts” compared to what Mexico makes from the U.S. NAFTA is a bad joke!",f,f,Twitter for iPhone,94137,21978,2018-01-18 11:25:03+00:00,f,1
953948941674078208,"The Wall is the Wall, it has never changed or evolved from the first day I conceived of it. Parts will be, of necessity, see through and it was never intended to be built in areas where there is natural protection such as mountains, wastelands or tough rivers or water.....",f,f,Twitter for iPhone,79741,16828,2018-01-18 11:15:25+00:00,f,1
953796944564031489,"ISIS is in retreat, our economy is booming, investments and jobs are pouring back into the country, and so much more! Together there is nothing we can’t overcome--even a very biased media. We ARE Making America Great Again!",f,f,Twitter for iPhone,152194,31476,2018-01-18 01:11:26+00:00,f,1
953795518592843777,"Despite some very corrupt and dishonest media coverage, there are many great reporters I respect and lots of GOOD NEWS for the American people to be proud of!",f,f,Twitter for iPhone,94614,17488,2018-01-18 01:05:46+00:00,f,1
953794085751574534,And the FAKE NEWS winners are...https://t.co/59G6x2f7fD,f,f,Twitter for iPhone,92777,31508,2018-01-18 01:00:05+00:00,f,1
953773110553186312,Main Street is BACK! Strongest Holiday Sales bump since the Great Recession -- beating forecasts by BILLIONS OF DOLLARS. https://t.co/kDcGbMieSt,f,f,Twitter for iPhone,57473,12213,2018-01-17 23:36:44+00:00,f,1
953772162665590787,"During the campaign, I promised to MAKE AMERICA GREAT AGAIN by bringing businesses and jobs back to our country. I am very proud to see companies like Chrysler moving operations from Mexico to Michigan where there are so many great American workers! https://t.co/hz2q9UTfnF",f,f,Twitter for iPhone,83921,19540,2018-01-17 23:32:58+00:00,f,1
953771038114045954,I promised that my policies would allow companies like Apple to bring massive amounts of money back to the United States. Great to see Apple follow through as a result of TAX CUTS. Huge win for American workers and the USA! https://t.co/OwXVUyLOb1,f,f,Twitter for iPhone,78117,19261,2018-01-17 23:28:30+00:00,f,1
953768657221451776,"Today, we witnessed an incredible moment in history – the presentation of Congress’ highest civilian honor to our friend, and true AMERICAN HERO, Bob Dole. #CongressionalGoldMedal https://t.co/qNQqDLRmCk",f,f,Twitter Media Studio,64120,12382,2018-01-17 23:19:02+00:00,f,1
953614071336701952,Eric Trump on @foxandfriends  now!,f,f,Twitter for iPhone,45434,5163,2018-01-17 13:04:46+00:00,f,1
953406553083777029,"....we need to keep America safe, including moving away from a random chain migration and lottery system, to one that is merit-based. https://t.co/7PtoSFK1n2",f,f,Twitter for iPhone,68597,14849,2018-01-16 23:20:10+00:00,f,1
953406423177859073,"New report from DOJ &amp, DHS shows that nearly 3 in 4 individuals convicted of terrorism-related charges are foreign-born. We have submitted to Congress a list of resources and reforms....",f,f,Twitter for iPhone,83695,20110,2018-01-16 23:19:39+00:00,f,1
953273134655987716,"Unemployment for Black Americans is the lowest ever recorded. Trump approval ratings with Black Americans has doubled. Thank you, and it will get even (much) better! @FoxNews",f,f,Twitter for iPhone,95261,21931,2018-01-16 14:30:00+00:00,f,1
953271789790138368,“90% of Trump 2017 news coverage was negative” -and much of it contrived!@foxandfriends,f,f,Twitter for iPhone,61135,12594,2018-01-16 14:24:40+00:00,f,1
953270558573154305,"Do you notice the Fake News Mainstream Media never likes covering the great and record setting economic news, but rather talks about anything negative or that can be turned into the negative. The Russian Collusion Hoax is dead, except as it pertains to the Dems. Public gets it!",f,f,Twitter for iPhone,93778,20530,2018-01-16 14:19:46+00:00,f,1
953267506004754432,"The Democrats want to shut down the Government over Amnesty for all and Border Security. The biggest loser will be our rapidly rebuilding Military, at a time we need it more than ever. We need a merit based system of immigration, and we need it now! No more dangerous Lottery.",f,f,Twitter for iPhone,84447,18603,2018-01-16 14:07:38+00:00,f,1
953264081871495168,"We must have Security at our VERY DANGEROUS SOUTHERN BORDER, and we must have a great WALL to help protect us, and to help stop the massive inflow of drugs pouring into our country!",f,f,Twitter for iPhone,99384,19528,2018-01-16 13:54:02+00:00,f,1
953068179919638528,RT @realDonaldTrump: Senator Dicky Durbin totally misrepresented what was said at the DACA meeting. Deals can’t get made when there is no t...,t,f,Twitter for iPhone,0,23435,2018-01-16 00:55:35+00:00,f,1
953067686313037829,"RT @realDonaldTrump: DACA is probably dead because the Democrats don’t really want it, they just want to talk and take desperately needed m...",t,f,Twitter for iPhone,0,21365,2018-01-16 00:53:38+00:00,f,1
953067606612828161,"RT @realDonaldTrump: I, as President, want people coming into our Country who are going to help us become strong and great again, people co...",t,f,Twitter for iPhone,0,30779,2018-01-16 00:53:19+00:00,f,1
953067477830946816,RT @realDonaldTrump: ...big unnecessary regulation cuts made it all possible” (among many other things). “President Trump reversed the poli...,t,f,Twitter for iPhone,0,14925,2018-01-16 00:52:48+00:00,f,1
953067456255406081,"RT @realDonaldTrump: “President Trump is not getting the credit he deserves for the economy. Tax Cut bonuses to more than 2,000,000 workers...",t,f,Twitter for iPhone,0,19817,2018-01-16 00:52:43+00:00,f,1
953066854079135744,"RT @EricTrump: I will be always be incredibly proud of my work for @StJude, raising $16.3+ million dollars over the last 10 years at a 9.2%...",t,f,Twitter for iPhone,0,11020,2018-01-16 00:50:19+00:00,f,1
953066286434652165,RT @EricTrump: #MakeAmericaGreatAgain 🇺🇸🇺🇸🇺🇸 https://t.co/b81NtQGhHa,t,f,Twitter for iPhone,0,7034,2018-01-16 00:48:04+00:00,f,1
953066265987420160,"RT @Heritage: We had a special visitor yesterday. @IvankaTrump, thank you for meeting with @KayColesJames, spending time with our team, and...",t,f,Twitter for iPhone,0,2098,2018-01-16 00:47:59+00:00,f,1
953000902331453442,Senator Dicky Durbin totally misrepresented what was said at the DACA meeting. Deals can’t get made when there is no trust! Durbin blew DACA and is hurting our Military.,f,f,Twitter for iPhone,98317,23435,2018-01-15 20:28:15+00:00,f,1
952933691642339329,"""RT @WhiteHouse: """"Dr. King's dream is our dream. It is the American Dream. It's the promise stitched into the fabric of our Nation, etched i...""",t,f,Twitter for iPhone,0,17271,2018-01-15 16:01:11+00:00,f,1
952888691944550401,"...to stop drugs, they want to take money away from our military which we cannot do.” My standard is very simple, AMERICA FIRST &amp, MAKE AMERICA GREAT AGAIN!",f,f,Twitter for iPhone,95969,18545,2018-01-15 13:02:22+00:00,f,1
952887520790040576,"Statement by me last night in Florida: “Honestly, I don’t think the Democrats want to make a deal. They talk about DACA, but they don’t want to help..We are ready, willing and able to make a deal but they don’t want to. They don’t want security at the border, they don’t want.....",f,f,Twitter for iPhone,79837,17507,2018-01-15 12:57:43+00:00,f,1
952540700683497472,"...big unnecessary regulation cuts made it all possible” (among many other things). “President Trump reversed the policies of President Obama, and reversed our economic decline.” Thank you Stuart Varney.  @foxandfriends",f,f,Twitter for iPhone,74534,14925,2018-01-14 13:59:35+00:00,f,1
952538350333939713,"“President Trump is not getting the credit he deserves for the economy. Tax Cut bonuses to more than 2,000,000 workers. Most explosive Stock Market rally that we’ve seen in modern times. 18,000 to 26,000 from Election, and grounded in profitability and growth. All Trump, not 0...",f,f,Twitter for iPhone,94995,19817,2018-01-14 13:50:14+00:00,f,1
952530515894169601,"I, as President, want people coming into our Country who are going to help us become strong and great again, people coming in through a system based on MERIT. No more Lotteries! #AMERICA FIRST",f,f,Twitter for iPhone,135073,30779,2018-01-14 13:19:06+00:00,f,1
952528011869478912,"DACA is probably dead because the Democrats don’t really want it, they just want to talk and take desperately needed money away from our Military.",f,f,Twitter for iPhone,101798,21365,2018-01-14 13:09:09+00:00,f,1
952526791658360833,"RT @realDonaldTrump: So much Fake News is being reported. They don’t even try to get it right, or correct it when they are wrong. They prom...",t,f,Twitter for iPhone,0,26535,2018-01-14 13:04:18+00:00,f,1
952526145064505345,...and they knew exactly what I said and meant. They just wanted a story. FAKE NEWS!,f,f,Twitter for iPhone,69913,12799,2018-01-14 13:01:44+00:00,f,1
952525384242876416,"The Wall Street Journal stated falsely that I said to them “I have a good relationship with Kim Jong Un” (of N. Korea). Obviously I didn’t say that. I said “I’d have a good relationship with Kim Jong Un,” a big difference. Fortunately we now record conversations with reporters...",f,f,Twitter for iPhone,80635,17502,2018-01-14 12:58:43+00:00,f,1
952387373056380928,RT @paulsperry_: https://t.co/aU1rdyKA1W,t,f,Twitter for iPhone,0,12135,2018-01-14 03:50:18+00:00,f,1
952387277610774528,"RT @paulsperry_: Fusion GPS, firm behind disputed Russia dossier, retracts its claim of FBI mole in Trump camphttps://t.co/s6CFPXSVqb",t,f,Twitter for iPhone,0,7976,2018-01-14 03:49:56+00:00,f,1
952386227705204736,RT @JackPosobiec: Dick Durbin called Trump racist for wanting to end chain migration. Here's a video of Dick Durbin calling for an end to...,t,t,Twitter for iPhone,0,23390,2018-01-14 03:45:45+00:00,f,1
952385311669178368,RT @LouDobbs: The stock market has gained an incredible 7.8 Trillion dollars in market value since @POTUS was elected! Looks like 4% econom...,t,f,Twitter for iPhone,0,14389,2018-01-14 03:42:07+00:00,f,1
952301373479104512,"So much Fake News is being reported. They don’t even try to get it right, or correct it when they are wrong. They promote the Fake Book of a mentally deranged author, who knowingly writes false information. The Mainstream Media is crazed that WE won the election!",f,f,Twitter for iPhone,122879,26535,2018-01-13 22:08:34+00:00,f,1
952183458922672130,"I don’t believe the Democrats really want to see a deal on DACA. They are all talk and no action. This is the time but, day by day, they are blowing the one great opportunity they have. Too bad!",f,f,Twitter for iPhone,104500,21248,2018-01-13 14:20:01+00:00,f,1
952183452366929920,"Yesterday was another big day for jobs and the Stock Market. Chrysler coming back to U.S. (Michigan) from Mexico and many more companies paying out Tax Cut money to employees. If Dems won in November, Market would have TANKED! It was headed for disaster.",f,t,Twitter for iPhone,2182,548,2018-01-13 02:20:00+00:00,f,1
952166927476183040,AMERICA FIRST!,f,f,Twitter for iPhone,127182,28594,2018-01-13 13:14:20+00:00,f,1
952166857670320128,The Democrats are all talk and no action. They are doing nothing to fix DACA. Great opportunity missed. Too bad!,f,f,Twitter for iPhone,87082,16763,2018-01-13 13:14:03+00:00,f,1
952166643202916352,"Yesterday was a big day for the stock market. Jobs are coming back to America. Chrysler is coming back to the USA, from Mexico and many others will follow. Tax cut money to employees is pouring into our economy with many more companies announcing. American business is hot again!",f,f,Twitter for iPhone,99891,19354,2018-01-13 13:13:12+00:00,f,1
951875499537641472,"Today, it was my great honor to proclaim January 15, 2018, as Martin Luther King Jr., Federal Holiday. I encourage all Americans to observe this day with appropriate civic, community, and service activities in honor of Dr. King's life and legacy. https://t.co/samlJsz1Nt",f,f,Twitter for iPhone,92007,20820,2018-01-12 17:56:18+00:00,f,1
951813216291708928,"Never said anything derogatory about Haitians other than Haiti is, obviously, a very poor and troubled country. Never said “take them out.” Made up by Dems. I have a wonderful relationship with Haitians. Probably should record future meetings - unfortunately, no trust!",f,f,Twitter for iPhone,115160,28195,2018-01-12 13:48:49+00:00,f,1
951798415301718017,"Sadly, Democrats want to stop paying our troops and government workers in order to give a sweetheart deal, not a fair deal, for DACA. Take care of our Military, and our Country, FIRST!",f,f,Twitter for iPhone,104332,24700,2018-01-12 12:50:00+00:00,f,1
951793123985973248,"The language used by me at the DACA meeting was tough, but this was not the language used. What was really tough was the outlandish proposal made - a big setback for DACA!",f,f,Twitter for iPhone,86300,19072,2018-01-12 12:28:58+00:00,f,1
951790999784783872,"....Because of the Democrats not being interested in life and safety, DACA has now taken a big step backwards. The Dems will threaten “shutdown,” but what they are really doing is shutting down our military, at a time we need it most. Get smart, MAKE AMERICA GREAT AGAIN!",f,f,Twitter for iPhone,76947,17822,2018-01-12 12:20:32+00:00,f,1
951788342647107584,"....countries which are doing badly. I want a merit based system of immigration and people who will help take our country to the next level. I want safety and security for our people. I want to stop the massive inflow of drugs. I want to fund our military, not do a Dem defund....",f,f,Twitter for iPhone,92444,18875,2018-01-12 12:09:58+00:00,f,1
951785587765280768,"The so-called bipartisan DACA deal presented yesterday to myself and a group of Republican Senators and Congressmen was a big step backwards. Wall was not properly funded, Chain &amp, Lottery were made worse and USA would be forced to take large numbers of people from high crime.....",f,f,Twitter for iPhone,69586,16567,2018-01-12 11:59:02+00:00,f,1
951679619341737986,"Reason I canceled my trip to London is that I am not a big fan of the Obama Administration having sold perhaps the best located and finest embassy in London for “peanuts,” only to build a new one in an off location for 1.2 billion dollars. Bad deal. Wanted me to cut ribbon-NO!",f,f,Twitter for iPhone,104055,23146,2018-01-12 04:57:57+00:00,f,1
951675713089888256,"The Democrats seem intent on having people and drugs pour into our country from the Southern Border, risking thousands of lives in the process. It is my duty to protect the lives and safety of all Americans. We must build a Great Wall, think Merit and end Lottery &amp, Chain. USA!",f,f,Twitter for iPhone,105248,23922,2018-01-12 04:42:25+00:00,f,1
951650274032209920,Democrat Dianne Feinstein should never have released secret committee testimony to the public without authorization. Very disrespectful to committee members and possibly illegal. She blamed her poor decision on the fact she had a cold - a first!,f,f,Twitter for iPhone,82978,17869,2018-01-12 03:01:20+00:00,f,1
951648197440569344,"Chrysler is moving a massive plant from Mexico to Michigan, reversing a years long opposite trend. Thank you Chrysler, a very wise decision. The voters in Michigan are very happy they voted for Trump/Pence. Plenty of more to follow!",f,f,Twitter for iPhone,97388,20371,2018-01-12 02:53:05+00:00,f,1
951647402599026689,"More great news as a result of historical Tax Cuts and Reform: Fiat Chrysler announces plan to invest more than $1 BILLION in Michigan plant, relocating their heavy-truck production from Mexico to Michigan, adding 2,500 new jobs and paying $2,000 bonus to U.S. employees! https://t.co/47azKD0l9B",f,f,Twitter for iPhone,62241,15167,2018-01-12 02:49:56+00:00,f,1
951646736233189377,Small Business Poll has highest approval numbers in the polls history. All business is just at the beginning of something really special!,f,f,Twitter for iPhone,57506,10303,2018-01-12 02:47:17+00:00,f,1
951645893513613312,"Thank you Adam Levine, The Federalist, in interview on @foxandfriends  “Donald Trump is the greatest President our Country has ever seen.”",f,f,Twitter for iPhone,63966,12064,2018-01-12 02:43:56+00:00,f,1
951596346011680768,"Yesterday, I signed the #INTERDICTAct (H.R. 2142) with bipartisan members of Congress to help end the flow of drugs into our country. Together, we are committed to doing everything we can to combat the deadly scourge of drug addiction and overdose in the United States! https://t.co/ELZvFol5Lo",f,f,Twitter Media Studio,50039,10733,2018-01-11 23:27:03+00:00,f,1
951478281303416832,"Great news, as a result of our TAX CUTS &amp, JOBS ACT! https://t.co/SLvhLxP3Jl",f,f,Twitter Web Client,52628,11739,2018-01-11 15:37:54+00:00,f,1
951457382651056128,"With that being said, I have personally directed the fix to the unmasking process since taking office and today’s vote is about foreign surveillance of foreign bad guys on foreign land. We need it! Get smart!",f,f,Twitter for iPhone,51161,9623,2018-01-11 14:14:51+00:00,f,1
951441504203104256,“45 year low in illegal immigration this year.” @foxandfriends,f,f,Twitter for iPhone,70661,12390,2018-01-11 13:11:46+00:00,f,1
951431836030459905,"“House votes on controversial FISA ACT today.” This is the act that may have been used, with the help of the discredited and phony Dossier, to so badly surveil and abuse the Trump Campaign by the previous administration and others?",f,f,Twitter for iPhone,60933,13382,2018-01-11 12:33:21+00:00,f,1
951419415794511872,"In new Quinnipiac Poll, 66% of people feel the economy is “Excellent or Good.” That is the highest number ever recorded by this poll.",f,f,Twitter for iPhone,81487,16554,2018-01-11 11:43:59+00:00,f,1
951416674808467461,Disproven and paid for by Democrats “Dossier used to spy on Trump Campaign. Did FBI use Intel tool to influence the Election?” @foxandfriends  Did Dems or Clinton also pay Russians? Where are hidden and smashed DNC servers? Where are Crooked Hillary Emails?  What a mess!,f,f,Twitter for iPhone,69430,18319,2018-01-11 11:33:06+00:00,f,1
951309956720087041,"Good news: Toyota and Mazda announce giant new Huntsville, Alabama, plant which will produce over 300,000 cars and SUV’s a year and employ 4000 people. Companies are coming back to the U.S. in a very big way. Congratulations Alabama!",f,f,Twitter for iPhone,151122,29331,2018-01-11 04:29:02+00:00,f,1
951236634095308800,"Cutting taxes and simplifying regulations makes America the place to invest! Great news as Toyota and Mazda announce they are bringing 4,000 JOBS and investing $1.6 BILLION in Alabama, helping to further grow our economy! https://t.co/Kcg8IVH6iA",f,f,Twitter for iPhone,76071,18121,2018-01-10 23:37:41+00:00,f,1
951204878562549767,"Today, it was my great honor to welcome Prime Minister Erna Solberg of Norway to the @WhiteHouse - a great friend and ally of the United States! Joint press conference: https://t.co/qWR1BhfQZI https://t.co/PJvwznjRCO",f,f,Twitter for iPhone,42848,7385,2018-01-10 21:31:30+00:00,f,1
951184020150382592,"I want to thank my @Cabinet for working tirelessly on behalf of our country. 2017 was a year of monumental achievement and we look forward to the year ahead. Together, we are delivering results and MAKING AMERICA GREAT AGAIN! https://t.co/ptXa1hAPwW https://t.co/yv6RALkQf3",f,f,Twitter for iPhone,47475,9282,2018-01-10 20:08:37+00:00,f,1
951109942685126656,"The single greatest Witch Hunt in American history continues. There was no collusion, everybody including the Dems knows there was no collusion, &amp, yet on and on it goes. Russia &amp, the world is laughing at the stupidity they are witnessing. Republicans should finally take control!",f,f,Twitter for iPhone,99808,22282,2018-01-10 15:14:15+00:00,f,1
951106475254059008,"The fact that Sneaky Dianne Feinstein, who has on numerous occasions stated that collusion between Trump/Russia has not been found, would release testimony in such an underhanded and possibly illegal way, totally without authorization, is a disgrace. Must have tough Primary!",f,f,Twitter for iPhone,77245,17615,2018-01-10 15:00:29+00:00,f,1
951094078661414912,It just shows everyone how broken and unfair our Court System is when the opposing side in a case (such as DACA) always runs to the 9th Circuit and almost always wins before being reversed by higher courts.,f,f,Twitter for iPhone,90772,20632,2018-01-10 14:11:13+00:00,f,1
950946293077209088,".@ICEgov HSI agents and ERO officers, on behalf of an entire Nation, THANK YOU for what you are doing 24/7/365 to keep fellow American’s SAFE. Everyone is so grateful!#LawEnforcementAppreciationDayPresident @realDonaldTrump https://t.co/HXCpTlruVo",f,f,Twitter for iPhone,50643,10720,2018-01-10 04:23:58+00:00,f,1
950937350003183618,"Thank you @GOPLeader Kevin McCarthy! Couldn’t agree w/you more. TOGETHER, we are #MAGA🇺🇸 https://t.co/QaxtqpyXTR",f,f,Twitter for iPhone,45277,9480,2018-01-10 03:48:26+00:00,f,1
950884128379035650,"As I made very clear today, our country needs the security of the Wall on the Southern Border, which must be part of any DACA approval.",f,f,Twitter for iPhone,104213,19130,2018-01-10 00:16:57+00:00,f,1
950879772644659200,"RT @Scavino45: “Utilities cutting rates, cite benefits of Trump tax reform” https://t.co/u19JMs4Bsr",t,f,Twitter for iPhone,0,9037,2018-01-09 23:59:38+00:00,f,1
950866561153331202,"Today, it was my great honor to sign a new Executive Order to ensure Veterans have the resources they need as they transition back to civilian life. We must ensure that our HEROES are given the care and support they so richly deserve! https://t.co/0MdP9DDIAS https://t.co/LP2a8KCBAp",f,f,Twitter for iPhone,69582,15208,2018-01-09 23:07:09+00:00,f,1
947824196909961216,"Will be leaving Florida for Washington (D.C.) today at 4:00 P.M. Much work to be done, but it will be a great New Year!",f,f,Twitter for iPhone,97661,13275,2018-01-01 13:37:52+00:00,f,1
948739073237311488,MAKE AMERICA GREAT AGAIN!,f,f,Twitter for iPhone,135423,29447,2018-01-04 02:13:16+00:00,f,1
950862709599465472,"Thanks to all of the Republican and Democratic lawmakers for today’s very productive meeting on immigration reform. There was strong agreement to negotiate a bill that deals with border security, chain migration, lottery and DACA. https://t.co/SdqAQ3aL3z https://t.co/8DYHZHspAy",f,f,Twitter for iPhone,49323,9200,2018-01-09 22:51:50+00:00,f,1
